,100_OCV,100_dVi,100_dVf,100_dV,100_Vi,100_Vf,100_skew,100_kurt,95_OCV,95_dVi,95_dVf,95_dV,95_Vi,95_Vf,95_skew,95_kurt,90_OCV,90_dVi,90_dVf,90_dV,90_Vi,90_Vf,90_skew,90_kurt,85_OCV,85_dVi,85_dVf,85_dV,85_Vi,85_Vf,85_skew,85_kurt,80_OCV,80_dVi,80_dVf,80_dV,80_Vi,80_Vf,80_skew,80_kurt,75_OCV,75_dVi,75_dVf,75_dV,75_Vi,75_Vf,75_skew,75_kurt,70_OCV,70_dVi,70_dVf,70_dV,70_Vi,70_Vf,70_skew,70_kurt,65_OCV,65_dVi,65_dVf,65_dV,65_Vi,65_Vf,65_skew,65_kurt,60_OCV,60_dVi,60_dVf,60_dV,60_Vi,60_Vf,60_skew,60_kurt,55_OCV,55_dVi,55_dVf,55_dV,55_Vi,55_Vf,55_skew,55_kurt,50_OCV,50_dVi,50_dVf,50_dV,50_Vi,50_Vf,50_skew,50_kurt,45_OCV,45_dVi,45_dVf,45_dV,45_Vi,45_Vf,45_skew,45_kurt,40_OCV,40_dVi,40_dVf,40_dV,40_Vi,40_Vf,40_skew,40_kurt,35_OCV,35_dVi,35_dVf,35_dV,35_Vi,35_Vf,35_skew,35_kurt,30_OCV,30_dVi,30_dVf,30_dV,30_Vi,30_Vf,30_skew,30_kurt,25_OCV,25_dVi,25_dVf,25_dV,25_Vi,25_Vf,25_skew,25_kurt,20_OCV,20_dVi,20_dVf,20_dV,20_Vi,20_Vf,20_skew,20_kurt,15_OCV,15_dVi,15_dVf,15_dV,15_Vi,15_Vf,15_skew,15_kurt,10_OCV,10_dVi,10_dVf,10_dV,10_Vi,10_Vf,10_skew,10_kurt,5_OCV,5_dVi,5_dVf,5_dV,5_Vi,5_Vf,5_skew,5_kurt,0_OCV,0_dVi,0_dVf,0_dV,0_Vi,0_Vf,0_skew,0_kurt
50E_4-2_initial,4.18310022354126,0.01640816124118104,0.02504086007877272,0.008632698837591676,4.102700233459473,4.060400009155273,0.6969646039756482,-0.503395509127162,4.107500076293945,0.0161633199574996,0.023346969059535434,0.007183649102035833,4.028299808502197,3.9930999279022217,0.7960879296589174,-0.32692618935018114,4.085400104522705,0.01600002755924147,0.023449002480020326,0.007448974920778858,4.006999969482422,3.9704999923706055,0.7994475285812513,-0.33289818488224476,4.067699909210205,0.01595915580282406,0.02432652882167271,0.008367373018848653,3.989500045776367,3.948499917984009,0.7111550187915991,-0.5007457373564188,4.017899990081787,0.015897945481903698,0.02491834212322624,0.009020396641322544,3.940000057220459,3.8958001136779785,0.6767763661376416,-0.5598752016777446,3.958699941635132,0.01575508896185427,0.024653064961336096,0.008897975999481823,3.881500005722046,3.837899923324585,0.6985702860724678,-0.523928760158948,3.9154000282287598,0.015857171039192042,0.02444899812036631,0.008591827081174267,3.8376998901367188,3.795599937438965,0.7170089586905323,-0.4949728468076571,3.881500005722046,0.015979591681032763,0.024571418762207028,0.008591827081174267,3.8032000064849854,3.7611000537872314,0.7148282097186426,-0.5005181605053854,3.8192999362945557,0.015999978902388592,0.023346920402682554,0.007346941500293964,3.7409000396728516,3.704900026321411,0.7480896746577799,-0.4092851916249254,3.7683000564575195,0.016040850658806,0.023469389701376155,0.007428539042570153,3.68969988822937,3.6533000469207764,0.7013638387282762,-0.49656978421834097,3.7207000255584717,0.016204094400211255,0.02373471552011918,0.007530621119907923,3.6412999629974365,3.6043999195098877,0.6881433668998596,-0.523007698908343,3.6775999069213867,0.01620404574335838,0.023653020664137235,0.007448974920778858,3.5982000827789307,3.5617001056671143,0.6948741816689754,-0.5095556058613884,3.642699956893921,0.01630612782069615,0.02361224622142558,0.007306118400729432,3.5627999305725098,3.5269999504089355,0.6970965456521038,-0.5061768969095022,3.6073999404907227,0.016510194661665936,0.02379592584103954,0.007285731179373605,3.5264999866485596,3.490799903869629,0.691898968885995,-0.5153815942983542,3.5559000968933105,0.016857166679538026,0.024306141600316883,0.007448974920778858,3.473299980163574,3.436800003051758,0.6832618233235334,-0.515582426610357,3.4972000122070312,0.017224477261913066,0.024591854640415734,0.00736737737850267,3.4128000736236572,3.376699924468994,0.7011908186506272,-0.4770614153560273,3.451900005340576,0.017591836501140982,0.025897950542216396,0.008306114041075414,3.3657000064849854,3.325000047683716,0.5679084521961654,-0.6571442784128267,3.3931000232696533,0.01826529600182358,0.028510191002670597,0.010244895000847017,3.3036000728607178,3.2534000873565674,0.5020351094382406,-0.7410093427521662,3.2699999809265137,0.019653038102753307,0.03318368172159,0.013530643618836694,3.1737000942230225,3.1073999404907227,0.4122407862077673,-0.874227225640404,3.1433000564575195,0.022449006839674344,0.13132654890722156,0.10887754206754723,3.0332999229431152,2.499799966812134,1.3990701252153228,0.680510831908669,2.929800033569336,0.02551020408163265,0.07585715274421535,0.10887754206754723,2.804800033569336,2.5580999851226807,0.2542336299893328,-0.9257688794586607
50E_4-2_100cyc,4.179800033569336,0.018571444920131137,0.03020413067876076,0.011632685758629623,4.088799953460693,4.031799793243408,0.9972888791423397,0.18218820876138286,4.107999801635742,0.018061229160853794,0.02730607986450195,0.009244850703648158,4.019499778747559,3.9742000102996826,1.0334557592359375,0.22209808961765143,4.085999965667725,0.017530577523367744,0.026551022821543167,0.009020445298175422,4.000100135803223,3.955899953842163,1.007298659854932,0.14877197317746438,4.072000026702881,0.01724491314012177,0.026612233142463526,0.009367320002341757,3.987499952316284,3.9416000843048096,0.8814727405477788,-0.12467781629524799,4.028200149536133,0.016795956358617664,0.026979641038544323,0.010183684679926657,3.9458999633789062,3.8959999084472656,0.8258600387744112,-0.22940208942297025,3.968899965286255,0.016734697380844425,0.02669387934159259,0.009959181960748166,3.886899948120117,3.838099956512451,0.8175821708950107,-0.2555262668843059,3.9233999252319336,0.016510194661665936,0.02622448668187978,0.009714292020213847,3.8424999713897705,3.7948999404907227,0.8727288524477116,-0.13893196729911939,3.888700008392334,0.016632663960359534,0.026142840482750715,0.009510176522391183,3.8071999549865723,3.7606000900268555,0.8764112961962217,-0.1346688209104423,3.828700065612793,0.01657145363943917,0.0246735008395448,0.008102047200105628,3.747499942779541,3.7077999114990234,0.8899013359620562,-0.07809649717206213,3.7809998989105225,0.016714261502635722,0.024714275282256455,0.008000013779620735,3.6991000175476074,3.659899950027466,0.8268728602978727,-0.20016257847445207,3.7344000339508057,0.0167143101594886,0.024918390780079118,0.00820408062059052,3.6524999141693115,3.612299919128418,0.8145815550747058,-0.21953436214022837,3.689199924468994,0.016755084602200255,0.02491834212322624,0.008163257521025988,3.607100009918213,3.5671000480651855,0.8297654828439283,-0.17554952304285187,3.651900053024292,0.016959200100022918,0.02497960110099948,0.008020401000976562,3.5687999725341797,3.5295000076293945,0.8378793213376483,-0.16154188800163016,3.61680006980896,0.017387769660171196,0.025326524462018694,0.007938754801847496,3.531599998474121,3.4927000999450684,0.8187278808007774,-0.19533585811922816,3.5659000873565674,0.017979631618577605,0.026183712239168128,0.00820408062059052,3.477799892425537,3.4375998973846436,0.8166039891168199,-0.18633935071958163,3.5097999572753906,0.01914287100032884,0.027346951620919362,0.00820408062059052,3.4159998893737793,3.3757998943328857,0.7920028676025529,-0.24930832211623954,3.462100028991699,0.019469407139992227,0.02873469372184909,0.009265286581856862,3.3666999340057373,3.3213000297546387,0.7237591655121404,-0.3424989669361884,3.4189000129699707,0.02004083322018993,0.03128572386138293,0.011244890641193,3.32069993019104,3.2655999660491943,0.605941048673495,-0.5217972080785938,3.307300090789795,0.021530608741604552,0.036673497180549464,0.015142888438944914,3.2018001079559326,3.1275999546051025,0.5529665646526821,-0.6096167242912496,3.1782000064849854,0.02444899812036631,0.13844898768833705,0.11399998956797074,3.0583999156951904,2.499799966812134,1.7295101490990568,1.8617474769098301,2.97189998626709,0.02624487390323561,0.09669386610692861,0.11399998956797074,2.8433001041412354,2.4981000423431396,0.6503498225665149,-0.5207666518234833
M50-LT_4-3_initial,4.1880998611450195,0.019270777702331543,0.027666588624318443,0.008395810921986898,4.095600128173828,4.055300235748291,0.6452967991725672,-0.6126137508830096,4.107699871063232,0.01837501923243205,0.02364580829938253,0.00527078906695048,4.019499778747559,3.9941999912261963,0.6546246882814345,-0.5997479311253429,4.087200164794922,0.01793752113978068,0.023479213317235313,0.005541692177454631,4.001100063323975,3.9744999408721924,0.6450711614595835,-0.6224562830985647,4.076900005340576,0.017833312352498375,0.0237916906674703,0.005958378314971924,3.991300106048584,3.9626998901367188,0.5593412218357158,-0.7539265036431395,4.045300006866455,0.01760418216387431,0.02441664536794027,0.006812463204065959,3.9607999324798584,3.928100109100342,0.534938142937354,-0.7689715696303794,3.986999988555908,0.017437487840652466,0.024437506993611656,0.007000019152959188,3.9033000469207764,3.8696999549865723,0.5340038565481738,-0.7691457470208087,3.937299966812134,0.01733332872390747,0.024041682481765747,0.006708353757858276,3.854099988937378,3.821899890899658,0.5532864142894016,-0.7419863234624033,3.90310001373291,0.017354190349578857,0.023979147275288902,0.006624956925710043,3.8197999000549316,3.7880001068115234,0.5401473601664618,-0.7597222029213739,3.8631999492645264,0.01733332872390747,0.024104168017705284,0.0067708392937978115,3.7799999713897705,3.747499942779541,0.5387151933242401,-0.7673613059765101,3.8013999462127686,0.017270843187967937,0.023395816485087078,0.006124973297119141,3.7184998989105225,3.6891000270843506,0.6053585925298615,-0.6790685502046143,3.7383999824523926,0.017270843187967937,0.022604167461395264,0.005333324273427328,3.6554999351501465,3.6298999786376953,0.5479899104999139,-0.7543193476657395,3.6898000240325928,0.017187496026357017,0.022395849227905273,0.005208353201548259,3.607300043106079,3.5822999477386475,0.5473074363595108,-0.731140074834562,3.654599905014038,0.01720830798149109,0.022291640440622967,0.005083332459131877,3.572000026702881,3.547600030899048,0.5407039449856686,-0.7413760073745643,3.6259000301361084,0.017270843187967937,0.022374987602233887,0.005104144414265951,3.5429999828338623,3.5185000896453857,0.5100558637604508,-0.7946073848796655,3.5980000495910645,0.01739586393038432,0.022604167461395264,0.005208303531010946,3.5144999027252197,3.489500045776367,0.49280649559451983,-0.8154438311887238,3.565999984741211,0.017583320538202923,0.02295831839243571,0.005374997854232788,3.481600046157837,3.4558000564575195,0.49398092531575144,-0.8121222275559101,3.5185999870300293,0.017916659514109295,0.023499975601832073,0.005583316087722778,3.4326000213623047,3.4058001041412354,0.471368606360866,-0.8489073918514367,3.460599899291992,0.018416643142700195,0.024604151646296184,0.006187508503595988,3.3722000122070312,3.3424999713897705,0.4853701265655896,-0.8140592093785375,3.4059998989105225,0.01968746383984884,0.028395801782608032,0.008708337942759197,3.311500072479248,3.269700050354004,0.4915097530738492,-0.7772676034321964,3.3489999771118164,0.021916677554448448,0.17693748076756796,0.1550208032131195,3.243799924850464,2.4997000694274902,0.845002445701285,-0.7799741531290323,3.0011000633239746,0.024229188760121666,0.10041669011116028,0.1550208032131195,2.8847999572753906,2.5190999507904053,0.49019166194931946,-0.6860834082586411
M50-LT_4-3_100cyc,4.185999870300293,0.02389580011367798,0.037916600704193115,0.014020800590515137,4.071300029754639,4.004000186920166,1.8864604574797612,2.8596834462836718,4.1082000732421875,0.022958368062973022,0.03020832935969035,0.007249961296717326,3.997999906539917,3.963200092315674,1.3610602747397829,1.2276267020475347,4.0883002281188965,0.021520902713139854,0.028250068426132202,0.0067291657129923505,3.984999895095825,3.952699899673462,0.864656080890824,-0.08420340110457136,4.079400062561035,0.020687530438105266,0.027083357175191246,0.0063958267370859785,3.98009991645813,3.949399948120117,0.6323288035176217,-0.6129961764570018,4.052999973297119,0.01977081100145976,0.026645809412002563,0.006874998410542807,3.9581000804901123,3.925100088119507,0.5280289423824958,-0.787143854607903,3.9944000244140625,0.019250015417734783,0.02629165848096212,0.007041643063227336,3.9019999504089355,3.8682000637054443,0.5034137406516178,-0.8226623867987501,3.9426000118255615,0.018937488396962486,0.02568751573562622,0.006750027338663737,3.8517000675201416,3.8192999362945557,0.5240349275581994,-0.801229738473169,3.907900094985962,0.018812517325083416,0.02547919750213623,0.006666680177052816,3.8176000118255615,3.785599946975708,0.5276464586362524,-0.7872877417444473,3.8703999519348145,0.01879165569941203,0.02552082141240438,0.0067291657129923505,3.7802000045776367,3.7479000091552734,0.5075680485604431,-0.824619251591892,3.813999891281128,0.018770794073740642,0.025249967972437542,0.006479173898696899,3.723900079727173,3.6928000450134277,0.5591052647624918,-0.7621137906260471,3.744999885559082,0.01870830853780111,0.023999959230422974,0.005291650692621867,3.6552000045776367,3.6298000812530518,0.49842965137615963,-0.8418455615891207,3.6935999393463135,0.01858333746592204,0.02368748188018799,0.005104144414265951,3.6043999195098877,3.579900026321411,0.48590939686574025,-0.8408328827425082,3.6563000679016113,0.018604199091593426,0.02360418438911438,0.004999985297520956,3.566999912261963,3.5429999828338623,0.4745989944248687,-0.8660971293010524,3.626499891281128,0.018645823001861572,0.023708293835322063,0.00506247083346049,3.5369999408721924,3.512700080871582,0.469396595839189,-0.8587252683167468,3.598099946975708,0.01887500286102295,0.02402082085609436,0.005145817995071411,3.507499933242798,3.482800006866455,0.45409993313382513,-0.8815712262065287,3.5673000812530518,0.019270827372868858,0.02458333969116211,0.005312512318293254,3.4748001098632812,3.4493000507354736,0.4482498156727268,-0.8930900780421207,3.523400068283081,0.019833346207936607,0.0256041685740153,0.005770822366078695,3.4282000064849854,3.4005000591278076,0.4992960061828395,-0.790617570640491,3.4695000648498535,0.02095833420753479,0.027875006198883057,0.006916671991348267,3.3689000606536865,3.335700035095215,0.6032829979057269,-0.5958947355665098,3.410900115966797,0.022479196389516197,0.0359375278155009,0.013458331425984701,3.302999973297119,3.2383999824523926,0.9770526076429886,0.2682530430659771,3.365600109100342,0.023708343505859375,0.18039584159851074,0.15668749809265137,3.251800060272217,2.4997000694274902,1.7355862838771585,1.8605394239260855,3.1666998863220215,0.02483333150545756,0.13202081123987836,0.15668749809265137,3.047499895095825,2.5329999923706055,0.5695525954064558,-0.5901998678070277
50E_4-2_200cyc,4.172900199890137,0.0216327394757952,0.036714320280113996,0.015081580804318796,4.06689977645874,3.993000030517578,1.3966189368778235,1.289392660651485,4.105000019073486,0.02118363672373246,0.0325102222209074,0.011326585497174944,4.001200199127197,3.94569993019104,1.2940223267084532,0.942170523340796,4.084700107574463,0.020530613101258567,0.03079594398031429,0.010265330879055724,3.984100103378296,3.933799982070923,1.1174632788579004,0.4457654207651145,4.070799827575684,0.019673425324109133,0.030408148862877668,0.010734723538768535,3.974400043487549,3.921799898147583,0.9696058575305961,0.11630541037089248,4.0279998779296875,0.019081612022555604,0.03026529234282824,0.01118368032027264,3.934499979019165,3.879699945449829,0.8719861848568989,-0.10370280601489368,3.970099925994873,0.01873468866153639,0.02957139696393694,0.01083670830240055,3.8782999515533447,3.825200080871582,0.8547330677526337,-0.1547762437419289,3.925100088119507,0.018693914218824735,0.029061229861512473,0.010367315642687738,3.8334999084472656,3.7827000617980957,0.8807493148012095,-0.10887419588386393,3.8894999027252197,0.018775511761100924,0.02883672714233398,0.010061215381233059,3.797499895095825,3.748199939727783,0.8861200988245734,-0.10320716949183995,3.830399990081787,0.018714301440180565,0.027204095100869935,0.008489793660689372,3.7386999130249023,3.6970999240875244,0.867817595185195,-0.1203896842423231,3.7857000827789307,0.01867347834061603,0.027204095100869935,0.008530616760253906,3.694200038909912,3.652400016784668,0.8280722636755339,-0.17588010313829372,3.7402000427246094,0.018755124539745097,0.027530631240533322,0.008775506700788225,3.6482999324798584,3.605299949645996,0.8124775774517959,-0.20536113531713962,3.6949000358581543,0.018775511761100924,0.027571454340097855,0.00879594257899693,3.6029000282287598,3.559799909591675,0.8228382531574029,-0.16741053918179283,3.6568000316619873,0.01889798105979452,0.02755101846188915,0.008653037402094626,3.564199924468994,3.5218000411987305,0.8379428693002479,-0.13457625897287295,3.621299982070923,0.019346937841298626,0.027795908402423467,0.00844897056112484,3.5264999866485596,3.485100030899048,0.7971216467960108,-0.21775671145023168,3.5708999633789062,0.0198775408219318,0.028693870622284557,0.008816329800352758,3.4735000133514404,3.430299997329712,0.8017537352787768,-0.2039436025823682,3.516400098800659,0.021204121258794045,0.030306164099245653,0.00910204284045161,3.4124999046325684,3.3678998947143555,0.7898678990339134,-0.21051981299171718,3.4679999351501465,0.022163245142722613,0.032489786342698695,0.010326541199976084,3.3594000339508057,3.308799982070923,0.7559944652239263,-0.2538506045545188,3.4291000366210938,0.023061256019436583,0.035775534960688374,0.012714278941251793,3.3160998821258545,3.2537999153137207,0.7126102788999223,-0.30211078045027717,3.324199914932251,0.024224495401187818,0.042734681343545716,0.0185101859423579,3.2054998874664307,3.114799976348877,0.7574746432017848,-0.181215138436706,3.1923999786376953,0.02587756332086057,0.1413265053106814,0.11544894198982082,3.0655999183654785,2.4999001026153564,1.9468566185865386,2.880009217162569,2.989000082015991,0.028857163020542687,0.09983675820486886,0.11544894198982082,2.847599983215332,2.499799966812134,0.7665622306038833,-0.49853282173576696
M50-LT_4-3_200cyc,4.180099964141846,0.02337495485941569,0.049833307663599655,0.02645835280418396,4.06790018081665,3.9409000873565674,2.589025844795505,5.2018375602025415,4.105899810791016,0.02520829439163208,0.03968745470046997,0.01447916030883789,3.9848999977111816,3.9154000282287598,2.4366202880286343,4.679119163172095,4.087299823760986,0.023958285649617515,0.03543744484583537,0.011479159196217855,3.9723000526428223,3.9172000885009766,1.8831514804307123,2.865583118656917,4.078999996185303,0.023395816485087078,0.03281250596046448,0.009416689475377401,3.9667000770568848,3.9214999675750732,1.3367207108523607,1.205952390233108,4.053999900817871,0.02262497941652934,0.03091663122177124,0.008291651805241903,3.9453999996185303,3.905600070953369,0.7955503127036042,-0.1872580343545449,3.9955999851226807,0.021541664997736614,0.02972915768623352,0.008187492688496908,3.892199993133545,3.8529000282287598,0.6875693388359673,-0.4404432766546451,3.9439001083374023,0.02114584048589071,0.02875000238418579,0.007604161898295085,3.842400074005127,3.8059000968933105,0.644236296743178,-0.5427987827852472,3.9094998836517334,0.0210416316986084,0.02837498982747396,0.0073333581288655605,3.808500051498413,3.7732999324798584,0.6103170310955908,-0.6153265856182819,3.871999979019165,0.02087498704592387,0.028187483549118042,0.007312496503194174,3.7718000411987305,3.7367000579833984,0.5715698368714841,-0.6899990697209506,3.8178000450134277,0.020895848671595257,0.027979165315628052,0.007083316644032797,3.7174999713897705,3.683500051498413,0.5947780338677408,-0.6650816581463572,3.7481000423431396,0.02070834239323934,0.02666667103767395,0.005958328644434611,3.648699998855591,3.6201000213623047,0.5867296845776853,-0.6800530682678478,3.694999933242798,0.020562509695688885,0.026124964157740276,0.005562454462051392,3.596299886703491,3.5696001052856445,0.5345814894172662,-0.749825635392336,3.6568000316619873,0.020333329836527508,0.02587502201398214,0.005541692177454631,3.5592000484466553,3.532599925994873,0.5532499927372102,-0.700600984949765,3.6263999938964844,0.020333329836527508,0.02587502201398214,0.005541692177454631,3.5288000106811523,3.50219988822937,0.5448661377620448,-0.7180519538254169,3.5977001190185547,0.02079168955485026,0.026479214429855347,0.005687524875005087,3.4979000091552734,3.470599889755249,0.5206914693919437,-0.7418428876887688,3.566800117492676,0.021000007788340252,0.0272291898727417,0.006229182084401449,3.4660000801086426,3.4361000061035156,0.6308106285679734,-0.5181807530888465,3.526599884033203,0.02177079518636068,0.028770814339319866,0.007000019152959188,3.422100067138672,3.3884999752044678,0.7340146992721327,-0.29256387381752624,3.474400043487549,0.02254168192545573,0.032624999682108566,0.010083317756652832,3.3661999702453613,3.3178000450134277,1.1063485905424622,0.6186721865502718,3.4166998863220215,0.023479163646697998,0.04481246074040731,0.021333297093709312,3.303999900817871,3.2016000747680664,1.3120335630539937,1.1194058579914117,3.3687000274658203,0.02364585796991984,0.1810416579246521,0.15739579995473227,3.255199909210205,2.4997000694274902,2.441452798361659,5.217959938321915,3.2562999725341797,0.024458318948745728,0.139166663090388,0.15739579995473227,3.1389000415802,2.5882999897003174,0.5640814973331315,-0.6093906511990799
50E_4-2_700cyc,4.145601749420166,0.01882446055509606,0.0744965125103386,0.055672051955242545,4.053361892700195,3.780568838119507,5.86958759928733,50.50490682363177,4.089517116546631,0.022627674803441883,0.06927631339248345,0.04664863858904157,3.9786415100097656,3.750063180923462,2.8476206894718987,15.589470403252555,4.074223518371582,0.021891934531075612,0.0730913512560786,0.051199416725002986,3.9669530391693115,3.716075897216797,1.7068823298021076,4.884579010567953,4.043296813964844,0.0231073827159648,0.07324111704923668,0.05013373433327188,3.930070638656616,3.684415340423584,1.5672787159516317,3.3696466850391005,3.9916608333587646,0.021540242798474368,0.0695901987503986,0.048049955951924225,3.8861136436462402,3.6506688594818115,1.6514313077346214,3.739770481045941,3.9417195320129395,0.0232357881507095,0.0664381591641173,0.0432023710134078,3.827864170074463,3.6161725521087646,1.5188213564055204,3.0173422021345253,3.8961758613586426,0.023512840270996094,0.06401183653850945,0.04049899626751335,3.7809629440307617,3.5825178623199463,1.2797995859984495,2.062076013125659,3.8468778133392334,0.02309536447330397,0.06428222266995176,0.041186858196647795,3.733710527420044,3.5318949222564697,1.1614149276148233,1.4587565830606115,3.8091132640838623,0.023664941593092313,0.0671646059775839,0.043499664384491585,3.69315505027771,3.480006694793701,1.0603835363511143,0.8907897490221153,3.7695844173431396,0.02345737145871532,0.0697627846075564,0.046305413148841075,3.6546432971954346,3.4277467727661133,1.014025976904069,0.657360110101691,3.727463960647583,0.02173920066989198,0.07038821979444854,0.048649019124556554,3.6209418773651123,3.382561683654785,1.0385271612389204,0.795055412747621,3.686596155166626,0.02263273511614118,0.07040052997822664,0.047767794862085454,3.575695753097534,3.3416335582733154,1.0121051659373268,0.7072898894525022,3.651010513305664,0.02264621306438835,0.07083863628153898,0.04819242321715063,3.540044069290161,3.303901195526123,1.0079823599672155,0.7353585117009285,3.6081926822662354,0.023355386695083306,0.0713467111392897,0.04799132444420639,3.493751287460327,3.258593797683716,1.0593540681617075,0.8258034307543984,3.562067985534668,0.023238707561882174,0.07576407218466,0.05252536462277782,3.4481983184814453,3.190824031829834,1.0797566146544717,1.155082676406609,3.5113046169281006,0.023766585758754184,0.08243069356801558,0.058664107809261394,3.394848346710205,3.107394218444824,0.8801635225421082,0.6320775975368207,3.4692983627319336,0.024993225019805283,0.09820967304463289,0.0732164480248276,3.3468315601348877,2.9880709648132324,1.0651283349375698,0.8416545804660744,3.4319956302642822,0.025956873991051496,0.12178863797869001,0.0958317639876385,3.30480694770813,2.835231304168701,1.0106170852490928,0.5699010934149973,3.3358850479125977,0.024002474181506098,0.1501715426542321,0.126169068472726,3.2182729244232178,2.6000444889068604,1.1226238058174278,1.2494612933678155,3.198347568511963,0.027379551712347534,0.1425579616001674,0.11517840988781987,3.06418776512146,2.4998135566711426,3.6674271629126634,15.816642943108548,2.99656343460083,0.026517936161586216,0.10160961929632692,0.07509168313474071,2.8666255474090576,2.498676300048828,0.958446656705127,-0.5776763576653412
50E_1-1_100cyc,4.180500030517578,0.01836737807916135,0.029632704598563056,0.011265326519401705,4.0904998779296875,4.035299777984619,0.954509196514202,0.07292890189427936,4.108500003814697,0.018040793282645087,0.027142836123096696,0.00910204284045161,4.020100116729736,3.9755001068115234,0.9996286152520892,0.12823278195248422,4.086299896240234,0.017346946560606664,0.026285697002800142,0.008938750442193479,4.001299858093262,3.9574999809265137,0.9984116624680378,0.12218330036242087,4.072299957275391,0.01708162074186364,0.026367343201929207,0.009285722460065569,3.988600015640259,3.9430999755859375,0.8682080617975138,-0.1537761966536415,4.02869987487793,0.016714261502635722,0.026877510304353674,0.010163248801717952,3.9467999935150146,3.8970000743865967,0.8252767437332397,-0.23357356980789135,3.969099998474121,0.016673487059924066,0.026632669020672232,0.009959181960748166,3.887399911880493,3.838599920272827,0.813836368407014,-0.25514939657320834,3.9233999252319336,0.016428548462536868,0.026081630161830356,0.009653081699293487,3.842900037765503,3.795599937438965,0.8695837484767353,-0.14051501086660068,3.886399984359741,0.0164693715621014,0.02593877364178093,0.009469402079679527,3.8057000637054443,3.7592999935150146,0.8917040013392029,-0.09611345072165545,3.826900005340576,0.016387774019825215,0.02438773914259307,0.007999965122767856,3.7465999126434326,3.70740008354187,0.8955245155600161,-0.06664586743357681,3.7802999019622803,0.016510194661665936,0.024489772563077963,0.00797957790141203,3.699399948120117,3.6603000164031982,0.8321646282908799,-0.18263482799352415,3.7335000038146973,0.016591840860795,0.02473471116046516,0.00814287029967016,3.6521999835968018,3.612299919128418,0.8127795140101892,-0.21521386687739774,3.688199996948242,0.016673487059924066,0.024673452182691923,0.007999965122767856,3.6064999103546143,3.5673000812530518,0.8059161596552972,-0.2284696371985082,3.650899887084961,0.01673464872399155,0.024714275282256455,0.007979626558264907,3.5689001083374023,3.5297999382019043,0.8343098186940079,-0.16056763605175162,3.6138999462127686,0.01702041042094328,0.02491834212322624,0.007897931702282963,3.5304999351501465,3.49180006980896,0.8219031007852297,-0.18635060538280035,3.562700033187866,0.01773469302119041,0.025734706800811143,0.008000013779620735,3.475800037384033,3.4365999698638916,0.780984437539428,-0.25844734381939904,3.5058000087738037,0.01844897562143754,0.026571410042898994,0.008122434421461456,3.4154000282287598,3.3756000995635986,0.8058684200893219,-0.20689984775502746,3.4600000381469727,0.019102047900764307,0.028510191002670597,0.00940814310190629,3.3664000034332275,3.3203001022338867,0.6767779013985067,-0.40717493466720134,3.412600040435791,0.020204076961595183,0.03128572386138293,0.011081646899787747,3.3136000633239746,3.2592999935150146,0.5754370046815422,-0.5880980749991376,3.297800064086914,0.021571431841169084,0.03663267408098493,0.015061242239815847,3.1921000480651855,3.118299961090088,0.5455867894425505,-0.6268219792822309,3.166800022125244,0.024285705722108177,0.1361224602679817,0.11183675454587352,3.047800064086914,2.499799966812134,1.736858129177547,1.894556815205597,2.9437999725341797,0.02736733884227519,0.09106120284722775,0.11183675454587352,2.8097000122070312,2.4976000785827637,0.6825356770568277,-0.5631769883094355
50E_1-2_100cyc,4.179900169372559,0.018714301440180565,0.030183694800552056,0.011469393360371491,4.088200092315674,4.0320000648498535,0.9874040106820914,0.1608875545255497,4.107800006866455,0.018346942200952645,0.02736733884227519,0.009020396641322544,4.017899990081787,3.9737000465393066,1.0105516621626396,0.15317651395737375,4.085899829864502,0.01763261094385264,0.026510151065125755,0.008877540121273118,3.999500036239624,3.9560000896453857,0.9983670489459547,0.1268939825115849,4.071800231933594,0.017142928376489754,0.026530635600187338,0.009387707223697583,3.987799882888794,3.941800117492676,0.8916324761956975,-0.0933551159867454,4.0279998779296875,0.016877505244040976,0.026979543724838566,0.010102038480797592,3.9453001022338867,3.8958001136779785,0.8231673439919527,-0.2389685290374839,3.968400001525879,0.016775520480408958,0.02669387934159259,0.009918358861183633,3.886199951171875,3.837599992752075,0.8176040087977208,-0.2521533438157655,3.922800064086914,0.016591840860795,0.026183663582315247,0.009591822721520248,3.8415000438690186,3.7945001125335693,0.869763628047912,-0.14319943479304253,3.8880999088287354,0.016632615303506654,0.026142840482750715,0.00951022517924406,3.8066000938415527,3.759999990463257,0.8847110645344088,-0.11052260089716803,3.827699899673462,0.016632615303506654,0.024571418762207028,0.007938803458700374,3.7462000846862793,3.7072999477386475,0.8877798659585554,-0.08317494831440309,3.7802000045776367,0.016693874281279893,0.024632677739980267,0.007938803458700374,3.6984000205993652,3.6594998836517334,0.8359733713905801,-0.17973559758370783,3.7334001064300537,0.016857166679538026,0.024959213879643654,0.008102047200105628,3.6507999897003174,3.6110999584198,0.8083585323802562,-0.2281661241981543,3.688199996948242,0.01702041042094328,0.024999988322355306,0.00797957790141203,3.60479998588562,3.565700054168701,0.8009086934476224,-0.2406692911087842,3.650899887084961,0.01738772100331832,0.025204055163325093,0.007816334160006776,3.565700054168701,3.527400016784668,0.8040357132365132,-0.23117401629713275,3.6150999069213867,0.01767343404341717,0.025550978524344306,0.007877544480927135,3.5285000801086426,3.4899001121520996,0.8255910209880288,-0.18622576847535743,3.5641000270843506,0.01861226801969567,0.026734702441157124,0.008122434421461456,3.472899913787842,3.4330999851226807,0.7892700926376776,-0.247164182559386,3.5078001022338867,0.0193265506199428,0.027510244019177493,0.008183693399234693,3.413100004196167,3.372999906539917,0.812872568181937,-0.19739858935821264,3.460599899291992,0.01981628184415856,0.029163263281997368,0.009346981437838806,3.3635001182556152,3.317699909210205,0.7055654767706285,-0.35830250255075713,3.415800094604492,0.020734728599081233,0.03183676272022481,0.011102034121143575,3.314199924468994,3.2597999572753906,0.5817042848993528,-0.5693509463610233,3.3022000789642334,0.02212247070001096,0.03740816700215242,0.01528569630214146,3.1937999725341797,3.1189000606536865,0.5591194472844895,-0.6009717584416703,3.171799898147583,0.024714275282256455,0.1371428431296835,0.11242856784742705,3.0506999492645264,2.499799966812134,1.8176736831391525,2.206269792045222,2.9565999507904053,0.027918377701117065,0.09328569684709821,0.11242856784742705,2.8197999000549316,2.499500036239624,0.640535698187033,-0.5853626134099068
50E_1-1_200cyc,4.173781394958496,0.020721007366569674,0.052243982042585096,0.031522974676015426,4.072248458862305,3.917785882949829,1.5956502860778354,2.830208353164614,4.105596542358398,0.020357735302983498,0.04373939669862085,0.023381661395637354,4.005843639373779,3.8912734985351562,1.7079005953239315,3.6272442354974404,4.084976673126221,0.01966072588550801,0.04500471815770986,0.025343992272201847,3.9886391162872314,3.8644535541534424,1.1833628980039195,1.5111429119592605,4.071292400360107,0.019436563764299662,0.05119863821535694,0.031762074451057276,3.976053237915039,3.8204190731048584,0.8862078384301366,0.33020916785364207,4.028659820556641,0.01882835310332629,0.0525733402797154,0.03374498717638911,3.936400890350342,3.771050453186035,0.9645468099316707,0.4268884794059571,3.9706344604492188,0.018502741443867585,0.04934408226791693,0.030841340824049344,3.8799710273742676,3.728848457336426,1.1402245191023734,0.9273250953218963,3.92525577545166,0.018360614776611328,0.04697006575915278,0.028609450982541453,3.8352887630462646,3.6951024532318115,1.1442246232572717,1.0296183343320857,3.8852176666259766,0.018226565146932796,0.04653264065178073,0.028306075504847934,3.795907497406006,3.657207727432251,0.9859646726432999,0.6398169566333554,3.828758478164673,0.01812346127568459,0.04528950671760403,0.027166045441919442,3.7399535179138184,3.606839895248413,0.8355450983457107,0.12707959370027133,3.785280466079712,0.018422749577736368,0.048454489026750834,0.030031739449014466,3.6950089931488037,3.547853469848633,0.8053919200381519,-0.04682777481692035,3.739872932434082,0.018414526569600007,0.05061363687320631,0.0321991103036063,3.649641752243042,3.491866111755371,0.7885348119078512,-0.176011685352504,3.694305181503296,0.018552176806391502,0.05077435045826192,0.03222217365187041,3.6033995151519775,3.4455108642578125,0.7902769448294592,-0.20850380730090867,3.6561782360076904,0.018651631413673868,0.05060906312903579,0.031957431715361924,3.5647852420806885,3.408193826675415,0.7666782948916138,-0.2603037750086141,3.6178953647613525,0.018922260829380578,0.05082461298728475,0.03190235215790418,3.5251762866973877,3.3688547611236572,0.7837539377089534,-0.2518288446968615,3.5671164989471436,0.01944829006584323,0.05170140947614397,0.03225311941030074,3.4718198776245117,3.313779592514038,0.8444388746875308,0.028157634211734894,3.511446952819824,0.020027257958237003,0.05473895948760363,0.034711701529366625,3.413313388824463,3.2432260513305664,0.5620752699962744,-0.47178323848836934,3.465715169906616,0.020921960168955277,0.06435452675332828,0.04343256658437301,3.3631975650787354,3.1503779888153076,0.8962864122252696,0.004453184093442086,3.4226479530334473,0.021940591383953482,0.08096446796339385,0.05902387657944037,3.315139055252075,3.0259220600128174,0.8016393985823831,-0.24124775718304292,3.311551570892334,0.02305376286409339,0.11538432568919901,0.09233056282510563,3.1985881328582764,2.746168375015259,0.34505932489956415,-0.6160825905384018,3.17685604095459,0.02451633920474928,0.1381744170675472,0.11365807786279794,3.0567259788513184,2.4998013973236084,2.084394745343539,3.470292490225604,2.9500489234924316,0.026240932698152503,0.09211462371203363,0.06587369101388113,2.8214683532714844,2.498687267303467,0.9040410931420764,-0.3586462535699275
50E_1-2_200cyc,4.1725897789001465,0.020009838804906727,0.0528824572660485,0.03287261846114178,4.0745415687561035,3.913465738296509,1.7612160922715097,3.9557292683181275,4.104526042938232,0.02123414253701969,0.04446730321767379,0.023233160680654095,4.000478744506836,3.886636257171631,1.7175867906859843,3.786468284854842,4.084170341491699,0.020376030279665575,0.04587698955925143,0.025500959279585855,3.984327793121338,3.859373092651367,1.1557389206252484,1.4314481808494506,4.070420742034912,0.01956866711986308,0.05201013720765405,0.032441470087790976,3.974534273147583,3.8155710697174072,0.9011396027643864,0.37833549562626523,4.0271897315979,0.018949995235520965,0.05297962500124561,0.03402962976572465,3.9343347549438477,3.767589569091797,0.9821480298728099,0.4777195348317731,3.969309091567993,0.018954812263955872,0.04957997069066884,0.030625158426712967,3.8764305114746094,3.726367235183716,1.1438016338847234,0.9309305681800546,3.924304246902466,0.018738191954943598,0.04718216098084741,0.028443969025903817,3.832487106323242,3.6931116580963135,1.1413006781483137,1.02366253285681,3.8880507946014404,0.018571688204395528,0.04750884309106943,0.028937154886673904,3.7970495223999023,3.6552574634552,1.001192008613351,0.6714117437320462,3.8288073539733887,0.018630806280642138,0.04584589783026247,0.027215091549620336,3.737516403198242,3.6041624546051025,0.8175436927067609,0.09636849286072646,3.784641742706299,0.018726173712282763,0.0488804311168437,0.030154257404560944,3.6928834915161133,3.5451276302337646,0.8042886299772912,-0.040627331105850484,3.739126205444336,0.018857206617082865,0.051054516617132686,0.03219731000004982,3.64672589302063,3.4889590740203857,0.7863816508732738,-0.16534556777683695,3.693704605102539,0.019025656641746054,0.05133414755062181,0.032308490908875755,3.6004788875579834,3.442167282104492,0.7849072188439515,-0.20516650859029362,3.6556448936462402,0.01903417159099968,0.05123123830678511,0.032197066715785434,3.562377452850342,3.404611825942993,0.760886503472378,-0.2611514726177506,3.618710994720459,0.01939209140076929,0.051752791112783,0.03236069971201371,3.5236897468566895,3.3651223182678223,0.7646190825782686,-0.2735431414122771,3.5678727626800537,0.019896808935671435,0.0534519370721311,0.03355512813645966,3.4703783988952637,3.3059582710266113,0.827684863746867,-0.027356202947099284,3.5127601623535156,0.02164213024840063,0.056685233602718425,0.035043103354317796,3.4067137241363525,3.2350025177001953,0.5798443994429172,-0.4406722415686577,3.4658043384552,0.02200549962569256,0.0658869743347168,0.04388147470902423,3.3579773902893066,3.142958164215088,0.8738855507396437,-0.022799476333590807,3.4242706298828125,0.023048994492511358,0.0830025089030363,0.05995351441052495,3.311330556869507,3.0175583362579346,0.7807934521922335,-0.28021336690793364,3.314638376235962,0.024348083807497607,0.11955450992194973,0.09520642611445213,3.1953327655792236,2.728821277618408,0.36381268345700507,-0.6178141192016797,3.1797995567321777,0.02589099261225486,0.1387861310219278,0.11289513840967294,3.052933692932129,2.4997475147247314,2.3164160171197015,4.620361087101656,2.9575111865997314,0.02761062310666454,0.09402761653977997,0.06641699343311543,2.822219133377075,2.4967758655548096,0.8371798971139194,-0.5494705839381284
50E_1-1_300cyc,4.1677141189575195,0.020809076270278618,0.05606879993360869,0.03525972366333008,4.065749645233154,3.892976999282837,2.1720881009539648,7.079981094831258,4.102675437927246,0.0224312957452268,0.04828667154117506,0.02585537579594826,3.9927620887756348,3.8660707473754883,1.9158812131952248,5.333373551443836,4.0831170082092285,0.02155323417819276,0.05044664655412946,0.028893412375936702,3.977506160736084,3.835928440093994,1.2018105253834106,1.7698656648469928,4.068686485290527,0.021003314426967075,0.05608850595902423,0.03508519153205716,3.9657702445983887,3.7938528060913086,0.9681534905350933,0.6011925354085856,4.025420665740967,0.02067196125886878,0.05629919013198541,0.035627228873116625,3.9241280555725098,3.7495546340942383,1.0539222471892555,0.7016679331107794,3.969149589538574,0.020175320761544362,0.052529792396389705,0.03235447163484534,3.870290517807007,3.7117536067962646,1.2093356458249398,1.1878985065951753,3.9250059127807617,0.020053727286202565,0.050303108838139744,0.03024938155193718,3.826742649078369,3.678520679473877,1.1987521964960484,1.2537938313116292,3.8792738914489746,0.020072898086236447,0.0490625050603127,0.028989606974076248,3.780916690826416,3.6388676166534424,0.9844291932975852,0.6869811248982631,3.828648328781128,0.020461471713319114,0.04914745992543745,0.028685988212118343,3.7283871173858643,3.5878257751464844,0.8872448774241434,0.2369194316902279,3.7876694202423096,0.020355448430898235,0.05227565765380859,0.031920209222910355,3.687927722930908,3.5315186977386475,0.8360764909691975,0.01969129938286196,3.7437093257904053,0.019894376093027542,0.05428275283502072,0.03438837674199318,3.6462268829345703,3.4777238368988037,0.816981520589668,-0.09844458319939786,3.698773145675659,0.019975681694186464,0.05425910560452208,0.03428342391033561,3.6008923053741455,3.432903528213501,0.817641647756306,-0.12802905048457536,3.6600747108459473,0.020487357159050142,0.05416816594649334,0.0336808087874432,3.5596866607666016,3.39465069770813,0.7991781463237847,-0.17490458997921543,3.6202609539031982,0.020621163504464284,0.054240421373016975,0.033619257868552695,3.5192172527313232,3.354482889175415,0.8359679223730285,-0.11315803812374581,3.570359706878662,0.02073346352090641,0.055380110837975324,0.034646647317068915,3.4687657356262207,3.298997163772583,0.8715624544512782,0.10666912357889391,3.5157363414764404,0.021522872301996968,0.05897337076615314,0.03745049846415617,3.4102742671966553,3.22676682472229,0.6164471596560692,-0.36226571364737303,3.470303535461426,0.02238794248931262,0.06910041886932995,0.04671247638001733,3.360602617263794,3.131711483001709,0.9139896484014495,0.0823999201930179,3.4296631813049316,0.02334701771638831,0.08853673934936523,0.06518972163297691,3.315262794494629,2.995833158493042,0.7914264726602019,-0.2252995042489947,3.3220880031585693,0.024484517622967154,0.12150842316296635,0.09702390553999919,3.2021138668060303,2.726696729660034,0.47460828293653357,-0.5014518495700773,3.185332775115967,0.026348610313571226,0.13991039626452387,0.11356178595095263,3.0562245845794678,2.4997718334198,2.0628987945094077,3.525939663332693,2.959779977798462,0.026910596964310626,0.09421348571777344,0.06730288875346281,2.82791805267334,2.498133897781372,0.8655770383606324,-0.4849863053917005
50E_1-2_300cyc,4.165812969207764,0.020212737881407445,0.0571298599243164,0.03691712204290896,4.066770553588867,3.8858766555786133,2.5505880974174144,10.605108962655835,4.101176738739014,0.021833838248739437,0.049681566199477833,0.0278477279507384,3.9941909313201904,3.8577370643615723,2.1361386367824644,7.402400751526132,4.082174777984619,0.022524133020517777,0.05209577326871911,0.02957164024820133,3.971806526184082,3.8269054889678955,1.1855024846475393,1.7413546537101094,4.066796779632568,0.021773747035435265,0.05749804633004325,0.03572429929460798,3.9601054191589355,3.7850563526153564,0.9971972077224328,0.6829578872991697,4.022655010223389,0.021364688873291016,0.0571098619577836,0.035745173084492585,3.9179680347442627,3.742816686630249,1.08694002011719,0.7968717894824606,3.9667110443115234,0.02069254310763612,0.05290493673207808,0.03221239362444196,3.8653175830841064,3.707476854324341,1.230079082604341,1.2643354995676628,3.9233434200286865,0.020607247644541214,0.05099739347185407,0.030390145827312857,3.8223679065704346,3.6734561920166016,1.202818363812628,1.2809265000186008,3.881340742111206,0.020761246583899672,0.05051598256948042,0.029754735985580753,3.7796106338500977,3.633812427520752,1.0042101524085316,0.7427854615147895,3.8277077674865723,0.020583357129778178,0.050075540737229945,0.029492183607451768,3.726849317550659,3.5823376178741455,0.8932583825535481,0.2960522784680668,3.786085605621338,0.020583941012012715,0.053196293967110765,0.03261235295509805,3.6852242946624756,3.525423765182495,0.8430834161249721,0.06419272275166321,3.7420010566711426,0.020677362169538225,0.05511979667507872,0.03444243450554049,3.6406819820404053,3.471914052963257,0.815387024129505,-0.0907330196380065,3.697269916534424,0.020884883647062338,0.055360404812559785,0.034475521165497444,3.5949339866638184,3.426003932952881,0.8065847036132678,-0.13490042817578152,3.6588399410247803,0.02095616593652842,0.05564597188210001,0.034689805945571583,3.556154727935791,3.3861746788024902,0.7881254233733314,-0.15834038246761128,3.6203508377075195,0.021371257548429525,0.055542965324557554,0.034171707776128026,3.515631675720215,3.3481903076171875,0.866687549646112,-0.013936938730885196,3.5703773498535156,0.02153883174974091,0.0570887448836346,0.03554991313389369,3.464837074279785,3.290642499923706,0.8550809068742754,0.10149155702454671,3.516206741333008,0.022601497416593588,0.061505084135094465,0.038903586718500874,3.405459403991699,3.214831829071045,0.6198588075969298,-0.3288274771922888,3.4698827266693115,0.023714668896733498,0.07165728783120914,0.04794261893447564,3.3536808490753174,3.1187620162963867,0.9153457996914994,0.10782754876964473,3.4301092624664307,0.023997024613983776,0.09219286393146126,0.06819583931747747,3.31252384185791,2.9783642292022705,0.7823003377235886,-0.22367174102492404,3.3243589401245117,0.026006017412458147,0.1263110978262765,0.10030508041381835,3.196929454803467,2.705434560775757,0.5216049365214211,-0.4423673192735693,3.1870923042297363,0.026291535825145484,0.14026466681032765,0.11397313098518215,3.0582637786865234,2.499795436859131,2.370799588566811,5.152316507306871,2.9643466472625732,0.028804078394052933,0.09543686496968172,0.06663278657562878,2.823206663131714,2.496706008911133,0.9678253245930895,-0.3895037692939587
50E_1-1_400cyc,4.1622490882873535,0.022190055068658322,0.06057393794157067,0.03838388287291235,4.053517818450928,3.8654367923736572,2.78634784933114,13.015046217405548,4.099440097808838,0.02344321231452786,0.05367498008572325,0.03023176777119539,3.9845683574676514,3.836432695388794,2.146810223366821,7.738527181174581,4.081150054931641,0.021917041467160593,0.055819822817432634,0.03390278135027204,3.9737565517425537,3.8076329231262207,1.240022417296986,2.137252271799487,4.064691543579102,0.02275136052345743,0.060762239962208024,0.038010879438750596,3.95320987701416,3.7669565677642822,1.0560235742481034,0.8667910927706921,4.019794940948486,0.022462533444774394,0.05969903906997369,0.0372365056251993,3.909728527069092,3.7272696495056152,1.147137685104493,0.9961981087318819,3.964862585067749,0.022001315136345064,0.05593504224504743,0.03393372710870236,3.857056140899658,3.6907808780670166,1.278764794908742,1.4529369389637514,3.9219882488250732,0.021374906812395365,0.05394045187502491,0.03256554506262954,3.817251205444336,3.657680034637451,1.2439758634639388,1.4747939567314958,3.8706471920013428,0.0217039731084084,0.051827382068244776,0.030123408959836374,3.7642977237701416,3.6166930198669434,0.9775869380532735,0.6597204164749559,3.8267276287078857,0.021451687326236646,0.05313518095989616,0.031683493633659514,3.721614360809326,3.5663652420043945,0.9413964838543193,0.3899496661056654,3.786933660507202,0.02111391145355847,0.05657361478221659,0.035459703328658124,3.6834754943847656,3.509722948074341,0.8763705087282875,0.13982236277859306,3.7439000606536865,0.02182001970252212,0.05846675561398876,0.03664673591146664,3.636981964111328,3.4574129581451416,0.8433195587376247,-0.03967989455797882,3.699786424636841,0.021350773013367942,0.05821262087140764,0.0368618478580397,3.595167636871338,3.4145445823669434,0.8569601565246917,-0.008608618755986175,3.6614534854888916,0.0220091488896584,0.05798948054410973,0.03598033165445133,3.5536086559295654,3.377305030822754,0.8351535207348058,-0.06497856729016638,3.6198570728302,0.021823522995929327,0.058194861120107216,0.03637133812417789,3.5129218101501465,3.334702253341675,0.8918033802794765,0.04611275954570271,3.570810556411743,0.022287320117561182,0.05950845017725107,0.03722113005968989,3.4616026878356934,3.279219150543213,0.9149545469738852,0.27647977949361735,3.5170249938964844,0.023290040541668326,0.06385681580524055,0.040566775263572226,3.4029037952423096,3.2041265964508057,0.6570644204623137,-0.2839804633839047,3.4726643562316895,0.02292010248923788,0.07513138712668906,0.052211284637451165,3.360355854034424,3.104520559310913,0.946014162976981,0.21837279000461018,3.432802438735962,0.024551177511409835,0.0957091000615334,0.07115792255012356,3.3125016689300537,2.9638278484344482,0.7933010682122871,-0.19809132024759135,3.3271172046661377,0.02502305167061942,0.12864662676441424,0.10362357509379483,3.2045042514801025,2.696748733520508,0.6068014756206681,-0.3149212567069033,3.18892765045166,0.02572701901805644,0.1406402490576919,0.11491323003963548,3.0628652572631836,2.4997904300689697,2.2196898261264533,4.4792973367420545,2.9634621143341064,0.02659500861654476,0.09486908815344985,0.06827407953690509,2.833146572113037,2.498603582382202,0.9833635012880734,-0.3395098210158034
50E_1-2_400cyc,4.159698486328125,0.022182464599609375,0.06297106645545181,0.04078860185584243,4.051004409790039,3.851140260696411,3.4663660487039394,20.38096905122056,4.097428798675537,0.023424625396728516,0.05625043596540178,0.032825810568673265,3.9826481342315674,3.8218016624450684,2.4621252727407685,10.874503386716603,4.079934597015381,0.02197105057385503,0.05839377033467195,0.03642271976081692,3.972276449203491,3.7938051223754883,1.3087724438079356,2.594213497850884,4.061686038970947,0.02291051708922094,0.06286402137912049,0.03995350428989955,3.9494245052337646,3.753652334213257,1.1403267223499425,1.2143702628650077,4.0155029296875,0.022861568295225804,0.039363102037079475,0.016501533741853674,3.9034812450408936,3.8226237297058105,1.1898917230284731,1.157282402476488,3.961111307144165,0.022238614607830436,0.05732881779573401,0.035090203187903575,3.852142095565796,3.6802000999450684,1.3391529564024116,1.7499465446429028,3.9197237491607666,0.021455969129289897,0.055606949086091956,0.03415097995680205,3.814589500427246,3.647249698638916,1.28409820499785,1.7083356155063667,3.870326280593872,0.02196783922156509,0.05396468298775809,0.031996843766192995,3.762683868408203,3.6058993339538574,1.019132185268815,0.8589354824562365,3.8244946002960205,0.02171949464447644,0.05441417499464385,0.032694680350167406,3.718069076538086,3.5578651428222656,0.9547931934559356,0.4880839765813567,3.7842624187469482,0.022396846693389268,0.058137397376858455,0.03574055068346919,3.674517869949341,3.499389171600342,0.8845290889375946,0.16579048257256845,3.7411155700683594,0.02224216655809052,0.06004688691119758,0.03780472035310706,3.632128953933716,3.446885824203491,0.8609507708525043,0.04678513326872391,3.6972553730010986,0.02172703645667251,0.060111600525525145,0.038384564068852635,3.5907928943634033,3.4027085304260254,0.869023050467445,0.08055159752248908,3.6594319343566895,0.022896260631327724,0.06026000392680265,0.03736374329547493,3.5472402572631836,3.3641579151153564,0.8441955016040775,0.00041100951770367544,3.619293451309204,0.02253040975453902,0.06037629380518076,0.03784588405064174,3.508894443511963,3.3234496116638184,0.9147622692083145,0.15975218898402677,3.5702593326568604,0.022388283087282763,0.061326318857621166,0.03893803577033841,3.460556745529175,3.2697603702545166,0.9509978285988493,0.4459742775877218,3.517080783843994,0.023278946779212172,0.06687976876083684,0.043600821981624675,3.4030139446258545,3.1893699169158936,0.6881858200207828,-0.14321041388020284,3.471735954284668,0.023338502767134683,0.07912446041496432,0.055785957647829634,3.357377290725708,3.0840260982513428,0.9761418328450135,0.35729930287750733,3.4330737590789795,0.025539057595389228,0.10067010412410814,0.07513104652871891,3.3079323768615723,2.9397902488708496,0.8041471198902229,-0.14164123647492843,3.32993483543396,0.025512393640012156,0.13394370370981643,0.10843131006980428,3.2049241065979004,2.6736106872558594,0.6940740839600837,-0.12063945756821637,3.1909611225128174,0.02575373163028639,0.1410620066584373,0.1153082750281509,3.064767837524414,2.4997572898864746,2.523641966200826,6.320638231729191,2.9696812629699707,0.027171884264264787,0.09652711907211614,0.06935523480785136,2.8365390300750732,2.4966983795166016,0.8668924125814548,-0.6587149931118437
50E_1-1_Initial,4.183599948883057,0.01628574059934032,0.024959213879643654,0.008673473280303332,4.103799819946289,4.061299800872803,0.7112296150124118,-0.46361563239191295,4.108099937438965,0.016163222643793846,0.02336735628089126,0.007204133637097416,4.028900146484375,3.9935998916625977,0.7946594484028133,-0.33969365964183584,4.085700035095215,0.01587750960369499,0.023326533181326728,0.007449023577631736,4.007900238037109,3.971400022506714,0.8069072586213625,-0.3238688891924215,4.06790018081665,0.015775524840062977,0.024163285080267456,0.008387760240204479,3.990600109100342,3.94950008392334,0.7109341529018468,-0.5064753312788377,4.01800012588501,0.015673491419578085,0.024775534260029694,0.00910204284045161,3.941200017929077,3.8966000080108643,0.6924231767075992,-0.5316587100488332,3.958400011062622,0.015612232441804846,0.024591854640415734,0.00897962219861089,3.8819000720977783,3.837899923324585,0.7048467477543413,-0.5148284708180353,3.9151999950408936,0.01569387864093391,0.024306141600316883,0.008612262959382971,3.8382999897003174,3.796099901199341,0.7156121529453335,-0.49690278681820965,3.877500057220459,0.01569387864093391,0.02426531850075235,0.008571439859818439,3.800600051879883,3.7585999965667725,0.745131420698676,-0.44331778089103535,3.8169000148773193,0.01575508896185427,0.023040820141227877,0.007285731179373605,3.7397000789642334,3.7039999961853027,0.7461210794647392,-0.41373147907664665,3.7667999267578125,0.015795912061418806,0.02320406388263313,0.007408151821214325,3.6893999576568604,3.65310001373291,0.7046259640727732,-0.4974300289583877,3.719099998474121,0.015857122382339165,0.023428566601811623,0.007571444219472457,3.641400098800659,3.604300022125244,0.7068198932736564,-0.486761346725606,3.6761999130249023,0.016081625101517658,0.023469389701376155,0.007387764599858498,3.597399950027466,3.561199903488159,0.6961304590500291,-0.5094286153474266,3.641200065612793,0.016326563698904853,0.023653069320990112,0.00732650562208526,3.561199903488159,3.5253000259399414,0.7011278751422757,-0.48433387891717494,3.6038999557495117,0.01665305118171536,0.02391834648288026,0.007265295301164899,3.5223000049591064,3.4867000579833984,0.6967341286343489,-0.5091739777169306,3.5515999794006348,0.017183654162348534,0.024653064961336096,0.007469410798987563,3.467400074005127,3.430799961090088,0.6913561875676408,-0.4989827893525227,3.4916999340057373,0.017714257142981703,0.024959165222790774,0.007244908079809071,3.404900074005127,3.3694000244140625,0.7008655943274618,-0.47472651132668364,3.449399948120117,0.01808161638220962,0.02653058694333446,0.00844897056112484,3.36080002784729,3.3194000720977783,0.5766562438425743,-0.6393413123434142,3.3842999935150146,0.01891836828115035,0.02926529670248226,0.01034692842133191,3.291599988937378,3.2409000396728516,0.5010675945565317,-0.743833250043747,3.259200096130371,0.020122479419318995,0.033653074381302814,0.013530594961983815,3.160599946975708,3.0943000316619873,0.41246541651592655,-0.8734899194322425,3.1289000511169434,0.022673460901999957,0.128387772307104,0.10571431140510403,3.0178000926971436,2.499799966812134,1.4639403529979547,0.9015387588451111,2.8975000381469727,0.02599998396270129,0.0790816423844318,0.10571431140510403,2.7701001167297363,2.509999990463257,0.18382869973441726,-0.9714841669867682
50E_1-2_Initial,4.183000087738037,0.0164693715621014,0.02506119864327567,0.008591827081174267,4.10230016708374,4.060200214385986,0.6973747498068251,-0.49745599574770827,4.107600212097168,0.016367386798469385,0.023510261457793565,0.007142874659324178,4.027400016784668,3.9923999309539795,0.7826053754461663,-0.3581734762531381,4.085400104522705,0.016204094400211255,0.023571471778713927,0.00736737737850267,4.00600004196167,3.969899892807007,0.7840545801641801,-0.3784087430534404,4.067699909210205,0.015979591681032763,0.02436735192123724,0.008387760240204479,3.9893999099731445,3.9482998847961426,0.7166776456179859,-0.484901091585936,4.0177998542785645,0.01593876858146823,0.024959165222790774,0.009020396641322544,3.93969988822937,3.8954999446868896,0.6818070925793905,-0.5444998619173442,3.958400011062622,0.015959204459676937,0.02481630870274135,0.008857104243064413,3.880199909210205,3.8368000984191895,0.6847997736450782,-0.549466330910473,3.91510009765625,0.015938817238321107,0.024571467419059908,0.0086326501807388,3.8369998931884766,3.7946999073028564,0.7174791004897156,-0.490023937639144,3.8789000511169434,0.016163271300646723,0.024714275282256455,0.008551003981609732,3.7997000217437744,3.7578001022338867,0.7184143902012607,-0.4918467808038067,3.81850004196167,0.01622448162156708,0.023571423121861047,0.007346941500293964,3.739000082015991,3.703000068664551,0.7485162329711993,-0.4194671754108841,3.7676000595092773,0.01640816124118104,0.02383674894060407,0.00742858769942303,3.6872000694274902,3.6507999897003174,0.7001774817200119,-0.4970411398370089,3.7200000286102295,0.016612228082150828,0.024142849202058753,0.007530621119907923,3.6386001110076904,3.6017000675201416,0.6879622994830806,-0.5262964869985849,3.677000045776367,0.016734697380844425,0.024224495401187818,0.007489798020343391,3.5950000286102295,3.558300018310547,0.7005419682938515,-0.49183200340188815,3.6421000957489014,0.016877553900893853,0.024285754378961057,0.007408200478067203,3.5594000816345215,3.523099899291992,0.7068814227349816,-0.47622470110142867,3.606100082397461,0.017224525918765943,0.02451020844128667,0.007285682522520726,3.521699905395508,3.4860000610351562,0.6821175801494898,-0.5311990351876168,3.55430006980896,0.01746941585930026,0.02497960110099948,0.007510185241699218,3.4686999320983887,3.4319000244140625,0.6955102853006001,-0.4977815376197552,3.4951999187469482,0.01785711366303113,0.025122408964196027,0.007265295301164899,3.4077000617980957,3.3721001148223877,0.7021794614491862,-0.4829497064595132,3.4507999420166016,0.018061229160853794,0.026428553522849566,0.008367324361995774,3.362299919128418,3.3213000297546387,0.5849242460285592,-0.6342264230112735,3.389699935913086,0.018775511761100924,0.029081617082868303,0.010306105321767378,3.2976999282836914,3.2472000122070312,0.4975300849861065,-0.7488888619966563,3.2655999660491943,0.020081607662901586,0.033816318122708064,0.01373471045980648,3.1672000885009766,3.099900007247925,0.42189568244409204,-0.8578265095929831,3.136199951171875,0.022755107101129025,0.12989793504987443,0.10714282794874541,3.0246999263763428,2.4997000694274902,1.5316455719314408,1.0974374845598973,2.9128000736236572,0.02665305624202806,0.0802244945448272,0.10714282794874541,2.7822000980377197,2.519700050354004,0.20923106273155714,-0.9623811461816372
50E_4-2_300cyc,4.165999889373779,0.02261220192422672,0.04367346666297134,0.021061264738744617,4.055200099945068,3.9519999027252197,1.9669755271163687,3.0820991473997745,4.101600170135498,0.023122466340356942,0.03781634934094487,0.014693883000587929,3.988300085067749,3.916300058364868,1.7310133211765515,2.294754931781223,4.082600116729736,0.02265307368064413,0.03548982192058952,0.012836748239945392,3.97160005569458,3.9086999893188477,1.4368361423432359,1.4012430062976895,4.067599773406982,0.02220401958543427,0.034591811043875556,0.012387791458441285,3.9588000774383545,3.898099899291992,1.069079346798955,0.39862994631225757,4.023600101470947,0.021551044619813255,0.03408164394145109,0.012530599321637834,3.9179999828338623,3.856600046157837,0.9399350960719404,0.0735617232038197,3.967600107192993,0.020836762019566125,0.032755112161441724,0.011918350141875598,3.865499973297119,3.8071000576019287,0.9190565252207173,0.011099780799808556,3.9238998889923096,0.021081603303247567,0.03230610672308474,0.011224503419837172,3.8206000328063965,3.7655999660491943,0.908836186995464,-0.02710494382718398,3.8838000297546387,0.020897972340486487,0.03171429342153121,0.010816321081044722,3.781399965286255,3.7283999919891357,0.9685934274660413,0.11084748765229335,3.8285999298095703,0.020918359561842313,0.030204082021907882,0.009285722460065569,3.726099967956543,3.6805999279022217,0.8711558745539764,-0.08161346750753218,3.786900043487549,0.020857149240921954,0.030142871700987523,0.009285722460065569,3.6847000122070312,3.63919997215271,0.8174700874682931,-0.18230582199619816,3.742799997329712,0.02093879544005102,0.03063265158205616,0.009693856142005141,3.640199899673462,3.5927000045776367,0.8393238115739913,-0.11625539938021445,3.6979000568389893,0.02100000576097138,0.030714297781185226,0.009714292020213847,3.5950000286102295,3.5473999977111816,0.8534404186660001,-0.08187647864162662,3.6596999168395996,0.02140813944291095,0.0309999621644312,0.009591822721520248,3.554800033569336,3.5078001022338867,0.8602324795251677,-0.0572290415804404,3.6226000785827637,0.02165307804029815,0.031183690440898037,0.009530612400599887,3.5164999961853027,3.4697999954223633,0.8645427432117077,-0.045311034712519405,3.572700023651123,0.021918355202188294,0.03171429342153121,0.009795938219342912,3.4653000831604004,3.41729998588562,0.8330301129336586,-0.10577715193390658,3.5192999839782715,0.02291835084253428,0.033653074381302814,0.010734723538768535,3.4070000648498535,3.3543999195098877,0.9576195541942361,0.20366429207168535,3.4716999530792236,0.02408163888113839,0.036816305043746014,0.01273466616260762,3.3536999225616455,3.291300058364868,0.9813495850460638,0.3075134870764269,3.4333999156951904,0.025122408964196027,0.04108161342387297,0.015959204459676937,3.31030011177063,3.232100009918213,0.9862949126634316,0.3519884003850624,3.332900047302246,0.02628574565965302,0.05000002530156349,0.023714279641910474,3.2040998935699463,3.087899923324585,1.0541843415547911,0.5170119488804015,3.198199987411499,0.027857118723343826,0.14255100367020587,0.11469388494686204,3.0617001056671143,2.4997000694274902,2.0868946247287545,3.6704635829746053,2.99429988861084,0.02836733448262117,0.10122445164894571,0.11469388494686204,2.855299949645996,2.498300075531006,0.9648995515854507,-0.24542723379619913
50E_4-2_400cyc,4.16008186340332,0.023013912901586414,0.06125333357830436,0.03823942067671795,4.047313690185547,3.859940528869629,3.0018656043662393,15.40123495551044,4.098011493682861,0.023229073505012354,0.054227965218680244,0.030998891713667886,3.984189033508301,3.832294464111328,2.2625654307128658,9.044886169076888,4.080509662628174,0.02399254818351901,0.05671593607688436,0.032723387893365354,3.9629461765289307,3.8026015758514404,1.146997013888658,1.6109025404508976,4.062394142150879,0.022984475505595302,0.06150352711580237,0.03851905161020707,3.949770212173462,3.7610268592834473,1.080142732114848,0.9629907726877689,4.01643180847168,0.022531042293626433,0.05927178324485311,0.03674074095122668,3.90602970123291,3.7260000705718994,1.1495581278392821,1.0149488332302745,3.9617199897766113,0.021914657281369578,0.056102275848388665,0.03418761856701909,3.8543381690979004,3.686818838119507,1.299860989239231,1.5803377780013887,3.920156717300415,0.021791847384705833,0.054407606319505336,0.0326157589347995,3.8133766651153564,3.653559446334839,1.227582598890777,1.4334928818584283,3.8728675842285156,0.02262884256791095,0.05325424427888831,0.030625401710977357,3.761986255645752,3.611921787261963,0.975965085300479,0.6546652239077595,3.825005054473877,0.021649088178362162,0.052904352849843544,0.03125526467148138,3.7189245223999023,3.5657737255096436,0.9167642233166254,0.3561731006834723,3.784308671951294,0.022299143732810504,0.056932167131073616,0.03463302339826311,3.6750428676605225,3.505341053009033,0.8624713980728951,0.09395644218424115,3.740791082382202,0.022538827390086894,0.05878862069577587,0.03624979330568897,3.6303508281707764,3.4527268409729004,0.8436842831467026,-0.034443157934668456,3.696786642074585,0.022487056498624838,0.05904241484038683,0.036555358341762,3.5866000652313232,3.4074788093566895,0.8499515090128344,-0.02688955470520238,3.6588778495788574,0.02243192828431421,0.0590312724210778,0.03659934413676359,3.5489614009857178,3.369624614715576,0.8380394021991585,-0.03202334950143815,3.6201207637786865,0.02332380839756557,0.0592566509636081,0.035932842566042525,3.5058341026306152,3.329763174057007,0.8718087397880699,-0.011678025053682095,3.570986270904541,0.022784495840267257,0.060037836736562294,0.03725334089629504,3.4593422412872314,3.2768008708953857,0.8834010912004524,0.21875052448634902,3.5180366039276123,0.023683577167744538,0.06563546706219109,0.041951889894446544,3.401987075805664,3.196422815322876,0.6569686962005324,-0.2558120069100869,3.4719624519348145,0.02435966413848254,0.07727968449495276,0.05292002035647022,3.35260009765625,3.093291997909546,0.9273122008614563,0.18207247692284945,3.4339656829833984,0.025713443756103512,0.09851990913858219,0.07280646538247867,3.307969808578491,2.9512181282043457,0.7753937030368631,-0.22676130222954427,3.333897590637207,0.025938822298633805,0.13352540074562538,0.10758657844699158,3.2067973613739014,2.6796231269836426,0.6633153879987748,-0.21404179229546738,3.196425199508667,0.028186817558444273,0.14216491154261995,0.11397809398417569,3.05830979347229,2.499817132949829,2.4945918375584752,6.010600387977812,2.9868533611297607,0.02876709918586575,0.09981690620889469,0.07104980702302893,2.8458945751190186,2.4977505207061768,0.9620312579936104,-0.3849917817254753
50E_4-2_500cyc,4.154210090637207,0.01948123075524155,0.06654870753385582,0.047067476778614274,4.058752059936523,3.8281214237213135,4.488312029388121,32.83144564984684,4.094750881195068,0.02340920117436623,0.059368805009491585,0.03595960383512536,3.980045795440674,3.8038437366485596,2.4880081762328072,11.688516547461713,4.078276634216309,0.022712872952831035,0.0635071190036073,0.040794246050776264,3.9669835567474365,3.767091751098633,1.3597908801484506,2.8586921385243613,4.055941581726074,0.023460874752122527,0.06620446029974489,0.042743585547622365,3.940983295440674,3.731539726257324,1.2356137793664672,1.6165343124260163,4.007844924926758,0.022371155875069753,0.06287506648472377,0.04050391060965401,3.898226261138916,3.6997570991516113,1.3189476012622197,1.770281908458652,3.954657793045044,0.023061401989995216,0.059936241227753304,0.03687483923775809,3.8416569232940674,3.6609702110290527,1.3817337723933658,2.024890743645404,3.9148387908935547,0.02283626673172931,0.05882370228670081,0.0359874355549715,3.802941083908081,3.6266026496887207,1.2686482292262615,1.703259258052852,3.8618342876434326,0.022045641529316803,0.057007974507857335,0.03496233297854053,3.7538106441497803,3.5824952125549316,1.0606551544563674,1.051637909925831,3.819749593734741,0.021582282319360848,0.05816990015458087,0.03658761783522002,3.713996410369873,3.534717082977295,0.9979440113631657,0.6699064657417066,3.7799460887908936,0.022692777672592472,0.061765155013726675,0.0390723773411342,3.6687514781951904,3.477296829223633,0.9221882065420298,0.2975226726118638,3.7370622158050537,0.022007299929249043,0.06320914443658322,0.04120184450733418,3.6292264461517334,3.427337408065796,0.9191050937407843,0.2541275392667077,3.693983316421509,0.02290827887398856,0.06336017530791613,0.04045189643392757,3.581732749938965,3.3835184574127197,0.9089297555883652,0.2001853148273156,3.6570661067962646,0.023251942225864953,0.06343004654864876,0.0401781043227838,3.5431315898895264,3.3462588787078857,0.8833804627255795,0.14863769996407594,3.6165835857391357,0.022928033556256975,0.06339243480137416,0.04046440124511719,3.5042362213134766,3.3059606552124023,0.9246470061450829,0.24519629631461815,3.5684871673583984,0.022331889794797312,0.06476314700379664,0.04243125720899932,3.4590609073638916,3.251147747039795,1.0056725397079949,0.738643458642823,3.516402244567871,0.0227789003021863,0.07116342077449876,0.04838452047231245,3.404785633087158,3.167701482772827,0.7322697325975421,0.028217586092037283,3.4716718196868896,0.02419744219098772,0.08462599345615932,0.06042855126517159,3.35310435295105,3.057004451751709,0.9639466184071138,0.3774684297625934,3.4337148666381836,0.024212039246851082,0.10649121537500497,0.08227917612815389,3.3150758743286133,2.911907911300659,0.8473800552398252,0.016916872201643063,3.3358664512634277,0.024911870761793485,0.14045146046852577,0.1155395897067323,3.2137982845306396,2.6476542949676514,0.8322934220982787,0.1992171507126601,3.1971793174743652,0.025757234923693598,0.14231769406065647,0.11656045913696288,3.0709688663482666,2.4998226165771484,2.850710245781029,8.64639403716894,2.989041805267334,0.02648514144274653,0.10024893040559729,0.07376378896285075,2.859264612197876,2.4978220462799072,0.8692564945086416,-0.6611938438321574
50E_4-2_600cyc,4.150296211242676,0.02391678946358817,0.07131109432298309,0.04739430485939493,4.033103942871094,3.8008718490600586,4.7904589988040795,36.6578871271394,4.092126846313477,0.025966799989038582,0.06516977232329699,0.03920297233425841,3.9648895263671875,3.7727949619293213,2.49585433906274,12.004432336633078,4.076456069946289,0.02619003763004225,0.06869033891327526,0.04250030128323302,3.948124885559082,3.7398734092712402,1.3481544730238557,2.562700097797559,4.050173759460449,0.02547891772523218,0.07021237392814791,0.04473345620291573,3.9253270626068115,3.7061331272125244,1.3443833194461048,2.0559572201710177,4.00062894821167,0.025240353175571984,0.04243441990443638,0.017194066728864397,3.876951217651367,3.7927002906799316,1.3643810171296893,1.8905736781896882,3.9489922523498535,0.025150143370336414,0.06343559342987683,0.03828545005954041,3.825756549835205,3.638157844543457,1.3996466611638034,2.1526664296649978,3.9083473682403564,0.024905691341477996,0.061117629615627986,0.036211938274149987,3.7863094806671143,3.6088709831237793,1.2306019034454438,1.5747531253927676,3.85439133644104,0.02476487840924944,0.06092193175335319,0.036157053344103754,3.7330434322357178,3.5558738708496094,1.061829720703617,0.9524611204164244,3.815250873565674,0.02500592445840641,0.06358029891033562,0.038574374451929204,3.6927218437194824,3.5037074089050293,0.9967777073531907,0.5825337784555407,3.7757487297058105,0.024367546548648755,0.06646506640375877,0.04209751985511001,3.6563477516174316,3.4500699043273926,0.9563019051300935,0.39875476072800087,3.7334227561950684,0.0251952482729542,0.0675832495397451,0.04238800126679089,3.6099660396575928,3.4022648334503174,0.9329904672759096,0.25646049814581007,3.6919777393341064,0.024573121752057756,0.06631953375680105,0.0417464120047433,3.5715694427490234,3.3670120239257812,0.9149443406350757,0.22618910429279548,3.6554391384124756,0.02536583919914401,0.06718114930756237,0.041815310108418366,3.53114652633667,3.32625150680542,0.9010261812592706,0.2037725867331699,3.6137335300445557,0.025814163441560706,0.06809930412136778,0.04228514067980708,3.487244129180908,3.2800469398498535,0.9586175675468046,0.3261562461978329,3.5667624473571777,0.026482270688426734,0.07087945938110352,0.044397188692676774,3.4369993209838867,3.2194530963897705,0.986834265390179,0.5867550464786477,3.5153675079345703,0.02560474434677435,0.07551353804919184,0.049908793702417485,3.389904260635376,3.1453511714935303,0.7648165379285686,0.09963150352435335,3.4719274044036865,0.025569906040113798,0.09103424695073341,0.06546434091061962,3.346634864807129,3.0258595943450928,0.9898257708115331,0.4975886050545091,3.4346370697021484,0.02704956093612982,0.11417349990533322,0.0871239389692034,3.3020942211151123,2.8751869201660156,0.9051408395262758,0.1743785553981292,3.340102434158325,0.028003624507359094,0.14292960264244858,0.11492597813508948,3.2028846740722656,2.639747381210327,0.9364781683129393,0.4651098216010623,3.202357769012451,0.02942430729768714,0.14337418030719368,0.11394987300950653,3.058178663253784,2.499824285507202,3.0181814569689696,10.035074608121343,3.00258207321167,0.028993402208600725,0.10305219767045001,0.07405879546184929,2.8605144023895264,2.497626304626465,1.0599621414071767,-0.24229801946714957
M50-LT_1-3_400cyc,4.161073684692383,0.02303600311279297,0.07873997092247009,0.055703967809677124,4.050500869750977,3.7831218242645264,8.517411996841885,89.32920853194578,4.095541477203369,0.024079432090123497,0.07047479351361594,0.04639536142349243,3.9799602031707764,3.7572624683380127,4.143886654503723,30.493664870182265,4.07993745803833,0.024713625510533653,0.06993780533472697,0.04522417982419332,3.9613120555877686,3.7442359924316406,2.158488683715688,9.283394247386818,4.062660217285156,0.024668127298355103,0.06918867429097494,0.044520546992619835,3.9442532062530518,3.7305545806884766,1.7527632621263947,5.363247360399805,4.029728889465332,0.02417405446370443,0.06697778900464377,0.04280373454093933,3.913693428039551,3.708235502243042,1.5820657935585902,3.7930194545013576,3.97792387008667,0.023834258317947388,0.06360222895940146,0.03976797064145406,3.8635194301605225,3.672633171081543,1.502281327510474,3.137433977862167,3.9333674907684326,0.023763328790664673,0.06150508920351665,0.037741760412851974,3.819303512573242,3.6381430625915527,1.3860120663104212,2.5270462951707042,3.900703191757202,0.022889326016108196,0.062195658683776855,0.03930633266766866,3.790834426879883,3.6021640300750732,1.2477634167071274,1.9308373294876429,3.8600449562072754,0.023091087738672893,0.06260707974433899,0.0395159920056661,3.7492077350616455,3.5595309734344482,1.1619880539143541,1.4946666183514656,3.8047163486480713,0.022787849108378094,0.060287515322367355,0.03749966621398926,3.6953346729278564,3.515336275100708,1.1638716910789986,1.4991619376967327,3.7387144565582275,0.022554745276769005,0.05633284648259481,0.033778101205825806,3.6304516792297363,3.4683167934417725,1.2128500387375456,1.7451472537321413,3.686598777770996,0.022311508655548096,0.05395367741584778,0.03164216876029968,3.5795035362243652,3.4276211261749268,1.1923248600545981,1.5443115073838838,3.649592876434326,0.022621055444081627,0.05433976650238037,0.03171871105829875,3.5410118103027344,3.3887619972229004,1.058340155556016,0.9296577809530371,3.6191952228546143,0.022652993599573772,0.05625178416570028,0.03359879056612651,3.51046085357666,3.349186658859253,0.9374243713138792,0.4932260397728174,3.5900418758392334,0.022861361503601074,0.05913699666659038,0.0362756351629893,3.4803073406219482,3.3061842918395996,0.844565689498162,0.20540989471114335,3.5582425594329834,0.023104349772135418,0.06367633740107219,0.04057198762893677,3.4473416805267334,3.252596139907837,0.7989322079052588,0.13074278848025322,3.5204055309295654,0.023130873839060467,0.07346952954928081,0.05033865571022034,3.409377336502075,3.1677517890930176,0.6857342673059497,0.01029171548764074,3.471109390258789,0.022490223248799644,0.10392149289449057,0.08143126964569092,3.363156318664551,2.9722862243652344,0.42963086063570655,-0.38449211462801625,3.4195151329040527,0.022659550110499065,0.18311252196629843,0.16045297185579938,3.3107492923736572,2.5405750274658203,0.49281111316703274,-0.5818987581014725,3.3684325218200684,0.022804339726765953,0.18097390731175741,0.15816956758499146,3.258971691131592,2.499757766723633,3.828006027906237,15.05119555991778,3.312746047973633,0.023061633110046387,0.16981263955434164,0.14675100644429526,3.20205020904541,2.497645378112793,0.49494536944921447,-0.6621349661432219
M50-LT_1-4_400cyc,4.1626877784729,0.023106733957926433,0.0778701901435852,0.054763456185658775,4.0517754554748535,3.7889108657836914,8.333289016529145,86.55468889873656,4.0962138175964355,0.02384573221206665,0.06854315598805746,0.044697423775990806,3.9817543029785156,3.7672066688537598,4.3275990646457165,32.4853558796584,4.080740451812744,0.02469862500826518,0.06823281447092693,0.04353418946266174,3.9621870517730713,3.753222942352295,2.1385817048626445,9.129333309341062,4.064195156097412,0.023867537577946983,0.06776422262191772,0.04389668504397075,3.9496309757232666,3.738926887512207,1.724614429378198,5.2237816616574,4.031116008758545,0.023793925841649376,0.0658156971136729,0.04202177127202352,3.916905164718628,3.715200662612915,1.5365083168471985,3.487703673439725,3.9787633419036865,0.023591220378875732,0.06275107463200888,0.03915985425313314,3.865525484085083,3.677558183670044,1.5061303975696183,3.0984870807559357,3.9338219165802,0.0232828160127004,0.06023431817690532,0.03695150216420492,3.8220643997192383,3.6446971893310547,1.388983261588501,2.499599436599202,3.9010074138641357,0.022376875082651775,0.06084879239400228,0.03847191731135051,3.7935984134674072,3.608933210372925,1.2360507520311326,1.862419281033791,3.8600528240203857,0.022900501887003582,0.061277300119400024,0.038376798232396446,3.7501304149627686,3.5659217834472656,1.1251455748373014,1.3087782817738312,3.805161714553833,0.0225125253200531,0.059689184029897056,0.037176658709843956,3.697101593017578,3.518653631210327,1.142252316970793,1.376527305970729,3.740541696548462,0.022487789392471313,0.055589477221171066,0.03310168782869975,3.6326003074645996,3.473712205886841,1.1692693702587784,1.4796616688540043,3.687338352203369,0.022114614645640056,0.05308717489242554,0.030972560246785484,3.581188201904297,3.4325199127197266,1.1643480618534516,1.3774365350697533,3.650055170059204,0.02204557259877523,0.05334888895352682,0.03130331635475159,3.544236421585083,3.3939805030822754,1.0561782056647961,0.8991561116972107,3.6194705963134766,0.022193094094594322,0.05533729990323385,0.033144205808639526,3.512943744659424,3.353851556777954,0.9336638341073772,0.45832401810075085,3.590012550354004,0.022179782390594482,0.057963530222574874,0.03578374783198039,3.4835495948791504,3.3117876052856445,0.8524189131268096,0.21228293626252803,3.558046579360962,0.022694865862528484,0.062432388464609787,0.0397375226020813,3.449111223220825,3.258371114730835,0.7995296887331975,0.10357281365741455,3.520570755004883,0.022815267244974773,0.07179553310076396,0.048980265855789185,3.411057472229004,3.175952196121216,0.6810150864008004,-0.03055357450921159,3.471722364425659,0.02320617437362671,0.1004128654797872,0.07720669110616049,3.360332727432251,2.9897406101226807,0.42013202917581305,-0.4513999612227586,3.420365333557129,0.02348040541013082,0.18109684189160666,0.15761643648147583,3.307659387588501,2.551100492477417,0.4568068871024385,-0.6575551759421221,3.3688488006591797,0.022611518700917564,0.18104692300160727,0.1584354043006897,3.2603135108947754,2.499823570251465,3.537357035059435,12.62221468196015,3.3115394115448,0.022837519645690918,0.16957794626553854,0.14674042661984762,3.2019193172454834,2.497565269470215,0.500140349518006,-0.6509026941993454
M50-LT_1-3_100cyc,4.186200141906738,0.022916694482167564,0.03768752018610637,0.014770825703938803,4.076200008392334,4.005300045013428,1.9525084757618387,3.0733010681491413,4.107900142669678,0.022916694482167564,0.03008335828781128,0.007166663805643718,3.9979000091552734,3.9635000228881836,1.3512093465125135,1.2034637954223735,4.0879998207092285,0.021479129791259766,0.028104136387507122,0.006625006596247355,3.9848999977111816,3.9530999660491943,0.8333297102954436,-0.15989206804994938,4.079100131988525,0.020645856857299805,0.026916712522506714,0.006270855665206909,3.9800000190734863,3.949899911880493,0.6204239593104002,-0.6489609372718612,4.052000045776367,0.019708325465520225,0.026562511920928955,0.006854186455408732,3.95740008354187,3.924499988555908,0.5330923959168783,-0.7782526778676844,3.9927000999450684,0.019166668256123863,0.026229172945022583,0.007062504688898723,3.900700092315674,3.86680006980896,0.5041771749883844,-0.8180909762532251,3.941200017929077,0.018895814816157024,0.025624980529149376,0.0067291657129923505,3.8505001068115234,3.81820011138916,0.523343042923091,-0.7960270714063724,3.9066998958587646,0.01883332928021749,0.025416662295659385,0.0065833330154418945,3.8162999153137207,3.7846999168395996,0.5203610310960112,-0.8003637981083229,3.86899995803833,0.01870830853780111,0.025458335876464844,0.006750027338663737,3.7792000770568848,3.746799945831299,0.5142238993546951,-0.8040656594508846,3.8115999698638916,0.01879165569941203,0.025208344062169395,0.006416688362757365,3.721400022506714,3.6905999183654785,0.5513334920753006,-0.777671520869156,3.7423999309539795,0.018624961376190186,0.023874988158543907,0.00525002678235372,3.6530001163482666,3.6277999877929688,0.5080045664899372,-0.8225288715370964,3.691499948501587,0.01858333746592204,0.023604134718577068,0.005020797252655029,3.602299928665161,3.578200101852417,0.47990411616196477,-0.8613675390244175,3.6542999744415283,0.01849999030431112,0.02352083722750346,0.005020846923192343,3.565500020980835,3.5413999557495117,0.4928354818150087,-0.8281983707304188,3.6245999336242676,0.018624961376190186,0.02368748188018799,0.005062520503997803,3.5352001190185547,3.5109000205993652,0.48004374150157186,-0.8432152964181014,3.596299886703491,0.01883332928021749,0.02402082085609436,0.005187491575876872,3.5058999061584473,3.4809999465942383,0.4601460047373768,-0.8660301821572074,3.565200090408325,0.01920834183692932,0.024562527736028038,0.005354185899098715,3.4730000495910645,3.4472999572753906,0.46726221733390916,-0.8571319635900236,3.5201001167297363,0.01977086067199707,0.025520871082941692,0.005750010410944621,3.4251999855041504,3.397599935531616,0.5007692151271185,-0.7795823231910335,3.4655001163482666,0.020833363135655723,0.02800002694129944,0.007166663805643718,3.365499973297119,3.3310999870300293,0.6364815397473833,-0.5110064856131067,3.4072000980377197,0.022375037272771202,0.0367500384648641,0.014375001192092896,3.299799919128418,3.230799913406372,1.0089113991641379,0.3522422685051483,3.3620998859405518,0.023791640996932983,0.1796458164850871,0.1558541754881541,3.2479000091552734,2.499799966812134,1.885155367445978,2.4624755524847437,3.1405999660491943,0.02504164973894755,0.13360415895779928,0.1558541754881541,3.020400047302246,2.499300003051758,0.5923724549039645,-0.6089169090600186
M50-LT_1-4_100cyc,4.186399936676025,0.02287497123082479,0.03699998060862224,0.014125009377797445,4.076600074768066,4.008800029754639,1.8631079037554898,2.7845750421774813,4.107600212097168,0.022500058015187584,0.029541701078414917,0.007041643063227336,3.9995999336242676,3.9658000469207764,1.2861327698432468,1.0105089367743183,4.087600231170654,0.021166702111562095,0.027687549591064453,0.00652084747950236,3.9860000610351562,3.954699993133545,0.8019302912236781,-0.2406214329891223,4.07859992980957,0.020291656255722046,0.02658332387606303,0.006291667620340983,3.9811999797821045,3.9509999752044678,0.6224068406632935,-0.6428013835257995,4.051400184631348,0.019437521696090698,0.026312520106633507,0.006874998410542807,3.9581000804901123,3.925100088119507,0.5240750517943189,-0.7901033591861544,3.9921000003814697,0.018895814816157024,0.025979181130727134,0.007083366314570109,3.901400089263916,3.8673999309539795,0.5166413417703596,-0.8016186497465791,3.940700054168701,0.01866668462753296,0.02539585034052531,0.0067291657129923505,3.851099967956543,3.8187999725341797,0.5310997130827142,-0.7918635084898811,3.906100034713745,0.018562525510787964,0.025166670481363933,0.006604144970575969,3.816999912261963,3.7853000164031982,0.5322657347134275,-0.7943520668764994,3.8682000637054443,0.01845836639404297,0.025250017642974854,0.006791651248931885,3.779599905014038,3.746999979019165,0.5153866455278783,-0.8017238899817496,3.811199903488159,0.01849999030431112,0.024937490622202556,0.006437500317891439,3.722399950027466,3.691499948501587,0.56195930945483,-0.7580051102901417,3.7418999671936035,0.018437504768371582,0.023708343505859375,0.005270838737487793,3.65339994430542,3.6280999183654785,0.5038825739462535,-0.8330862399376313,3.6909000873565674,0.018312533696492515,0.02339586615562439,0.005083332459131877,3.6029999256134033,3.5785999298095703,0.48214455491426983,-0.851700897623314,3.6538000106811523,0.018354157606760662,0.023333330949147545,0.004979173342386882,3.565700054168701,3.541800022125244,0.47541291601352526,-0.8562825019087219,3.624000072479248,0.01845836639404297,0.023500025272369385,0.005041658878326416,3.535399913787842,3.511199951171875,0.46812756188859844,-0.8731483234594033,3.595599889755249,0.018645823001861572,0.02381245295206706,0.005166629950205485,3.5060999393463135,3.481300115585327,0.44935890742369233,-0.8761594334097551,3.5643999576568604,0.018979161977767944,0.02433334787686666,0.005354185899098715,3.473299980163574,3.4475998878479004,0.457682933592766,-0.8746265680872329,3.519399881362915,0.01949995756149292,0.02527082959810893,0.005770872036616008,3.425800085067749,3.398099899291992,0.509339614857838,-0.7811052098471278,3.464600086212158,0.02054169774055481,0.02768749992052714,0.007145802179972331,3.365999937057495,3.331700086593628,0.6370496870692738,-0.5072191807723025,3.406399965286255,0.02214580774307251,0.0361249844233195,0.01397917668024699,3.300100088119507,3.2330000400543213,0.9725134087815268,0.26337213843332163,3.36080002784729,0.02331251899401347,0.17939582467079163,0.15608330567677817,3.2488999366760254,2.4997000694274902,1.8205452755966893,2.1904899507696722,3.1338999271392822,0.024520804484685264,0.13264581561088562,0.15608330567677817,3.016200065612793,2.4972000122070312,0.5820810684621442,-0.6046076112509717
M50-LT_1-3_200cyc,4.180854320526123,0.02105851968129476,0.0589937965075175,0.03793527682622274,4.079773426055908,3.897684097290039,3.629314057333122,25.075840462762635,4.105935573577881,0.022840499877929688,0.04678572217623393,0.02394522229830424,3.9963011741638184,3.881364107131958,2.497910715486572,11.23783528717971,4.087095260620117,0.02196033795674642,0.04437252879142761,0.022412190834681194,3.9816856384277344,3.8741071224212646,2.164996987753606,6.503745070442408,4.078804016113281,0.02247527241706848,0.046935429175694786,0.024460156758626304,3.9709227085113525,3.8535139560699463,1.0546489496133147,1.0436288477915143,4.053018093109131,0.021386990944544475,0.05082090695699056,0.029433916012446087,3.9503605365753174,3.809077739715576,0.8350517047894274,0.13597246854263956,3.9939687252044678,0.02082029978434245,0.04839077591896057,0.027570476134618126,3.894031286239624,3.761693000793457,1.000550422552571,0.44807935633358964,3.9423539638519287,0.020774354537328087,0.04517108201980591,0.024396727482477825,3.842637062072754,3.7255327701568604,1.084332214012417,0.7316626349865238,3.9080452919006348,0.02051706115404765,0.04574631651242574,0.025229255358378094,3.809563398361206,3.688462972640991,0.9372901122609608,0.4080834970762548,3.870133876800537,0.02027943730354309,0.04753018418947856,0.027250746885935467,3.7727925777435303,3.64198899269104,0.8414653578263389,0.14415654105535003,3.8147809505462646,0.02040440837542216,0.046991805235544845,0.02658739686012268,3.7168397903442383,3.5892202854156494,0.7260087879791203,-0.09403253064247474,3.7448792457580566,0.02026185393333435,0.04363725582758586,0.023375401894251507,3.6476223468780518,3.5354204177856445,0.716213235018775,-0.25332391463779746,3.6924116611480713,0.01999850074450175,0.042166560888290405,0.022168060143788658,3.596418857574463,3.4900121688842773,0.8270187154278837,-0.06285202909569465,3.654484748840332,0.019930005073547363,0.0427776575088501,0.022847652435302734,3.5588207244873047,3.4491519927978516,0.7915690561566487,-0.18518184625249656,3.624107837677002,0.01995384693145752,0.04444931944211324,0.024495472510655723,3.528329372406006,3.4107511043548584,0.7118319629545153,-0.36998140548440306,3.5951859951019287,0.020162512858708702,0.04663715759913127,0.02647464474042257,3.498405933380127,3.3713276386260986,0.6447675302234708,-0.5004374807351697,3.5638601779937744,0.020297914743423462,0.028076072533925377,0.007778157790501913,3.466430187225342,3.4290950298309326,0.6016313189287789,-0.5866308810606862,3.521878957748413,0.020750264326731365,0.05269373456637065,0.03194347023963928,3.4222776889801025,3.268949031829834,0.6210557110759081,-0.5104724724309238,3.468998908996582,0.021266440550486248,0.06875202059745789,0.04748558004697164,3.366919994354248,3.138989210128784,0.2671937287152869,-0.7290114986187728,3.4107964038848877,0.022075921297073364,0.1436231036980947,0.12154718240102133,3.3048319816589355,2.721405506134033,0.036893543187577156,-1.0543685334830877,3.3637382984161377,0.022084017594655357,0.18000289797782898,0.15791888038317364,3.257735013961792,2.4997243881225586,2.483279086792806,5.44941489426912,3.2246217727661133,0.02301618456840515,0.15154893199602765,0.1285327474276225,3.1141440868377686,2.4971868991851807,0.5710405199802487,-0.5993492153363515
M50-LT_1-4_200cyc,4.18125581741333,0.020407140254974365,0.05833332737286886,0.03792618711789449,4.083301544189453,3.9012558460235596,3.573630258171346,24.08228953653987,4.105887413024902,0.022095292806625366,0.04584332307179769,0.023748030265172325,3.9998300075531006,3.8858394622802734,2.589818194833961,11.834342309179041,4.086892127990723,0.02289712429046631,0.04351740082105001,0.020620276530583702,3.9769859313964844,3.8780086040496826,2.0910524430841066,5.602580129719183,4.078425407409668,0.022086103757222496,0.046221762895584106,0.024135659138361614,3.972412109375,3.8565609455108643,1.0648132203266931,1.074073383511176,4.052431583404541,0.021637678146362305,0.05040650566418966,0.028768827517827354,3.948570728302002,3.8104803562164307,0.81863040547325,0.06701443340910584,3.9932777881622314,0.02094229062398275,0.048041840394337974,0.027099549770355225,3.8927547931671143,3.762676954269409,0.9923612034356754,0.4060070682194743,3.9417426586151123,0.020481199026107788,0.044855475425720215,0.024374276399612427,3.843432903289795,3.7264363765716553,1.0859947413718525,0.7353928165511388,3.9073121547698975,0.020228028297424316,0.04547983407974243,0.025251805782318115,3.8102176189422607,3.689008951187134,0.9385580703347867,0.41262622129800786,3.869257926940918,0.019964625438054405,0.04725823799769084,0.027293612559636436,3.773427724838257,3.642418384552002,0.8432850501614316,0.15008955393336398,3.8143508434295654,0.02015690008799235,0.046826452016830444,0.026669551928838096,3.717597723007202,3.5895838737487793,0.7315243050589365,-0.09077051797558111,3.7448205947875977,0.02006401618321737,0.0435746709505717,0.023510654767354332,3.6485133171081543,3.5356621742248535,0.7173856338179957,-0.2495536835533989,3.6918785572052,0.019807368516921997,0.04203225175539653,0.02222488323847453,3.5968031883239746,3.490123748779297,0.8318662374393487,-0.053520458943878246,3.6540510654449463,0.019636054833730064,0.04254524906476339,0.022909194231033325,3.559798002243042,3.449833869934082,0.798364306832388,-0.16883118894191673,3.623581647872925,0.01976117491722107,0.044374267260233566,0.024613092343012493,3.5287280082702637,3.4105851650238037,0.7200710761047127,-0.35378681161869663,3.5945656299591064,0.01999919613202413,0.04642913738886516,0.026429941256841026,3.4985694885253906,3.3717057704925537,0.6521769734867942,-0.4904855690497567,3.5630648136138916,0.020478169123331707,0.04887501398722331,0.0283968448638916,3.4647696018218994,3.3284647464752197,0.6232449087178762,-0.5449973884757422,3.5214383602142334,0.020505636930465698,0.05228981375694275,0.03178417682647705,3.423011302947998,3.270447254180908,0.6273831461515769,-0.49966868977193357,3.4683637619018555,0.02168784538904826,0.06803467869758606,0.0463468333085378,3.364262104034424,3.1417973041534424,0.2754640186676265,-0.7395117325550928,3.410507917404175,0.02160767714182536,0.14153967301050824,0.11993199586868286,3.306791067123413,2.7311174869537354,0.040213832802434964,-1.0453500117188321,3.3624448776245117,0.022749553124109905,0.17973517378171286,0.15698562065760296,3.253247022628784,2.49971604347229,2.377978565415778,4.849967460352601,3.2229347229003906,0.023489246765772503,0.15108371774355572,0.1275944709777832,3.1101863384246826,2.4977328777313232,0.5468312713375646,-0.6145740323469906
M50-LT_1-3_300cyc,4.171630859375,0.024035274982452393,0.06771092613538107,0.04367565115292867,4.0562615394592285,3.846618413925171,6.032305482750405,55.89079281314754,4.10134220123291,0.025500307480494182,0.05692571401596069,0.031425406535466514,3.978940725326538,3.828098773956299,3.3022177908545376,20.621071839818853,4.084511756896973,0.02363632122675578,0.05596031745274862,0.03232399622599284,3.971057415008545,3.8159022331237793,1.9535388280014268,7.191992457526245,4.074314117431641,0.024368812640508018,0.0576069454352061,0.03323813279469808,3.957343816757202,3.7978007793426514,1.1762517738470775,1.7906063291743353,4.045537948608398,0.02358555793762207,0.057140886783599854,0.03355532884597778,3.9323272705078125,3.771261692047119,1.0622177444491954,0.9006002266757012,3.989461660385132,0.02299030621846517,0.05401343107223511,0.03102312485376994,3.879108190536499,3.7301971912384033,1.1589469845803424,1.0518169635998724,3.940056324005127,0.02234622836112976,0.05105430881182353,0.028708080450693767,3.832794427871704,3.694995641708374,1.1798090862075588,1.1746150989081423,3.9065725803375244,0.022290895382563274,0.051921457052230835,0.029630561669667564,3.7995762825012207,3.6573495864868164,1.0176794048293192,0.6970473255138891,3.867920398712158,0.022549033164978027,0.05307311813036601,0.03052408496538798,3.7596850395202637,3.6131694316864014,0.9137956842361847,0.34654958700186134,3.8124277591705322,0.022203028202056885,0.0521831214427948,0.029980093240737915,3.705853223800659,3.561948776245117,0.8510569953351647,0.21100447926951604,3.74361252784729,0.02218008041381836,0.026932110389073692,0.004752029975255331,3.637148141860962,3.6143383979797363,0.8533630212217544,0.09311593500824733,3.6906180381774902,0.02178062995274862,0.04656692345937093,0.024786293506622314,3.586071014404297,3.4670968055725098,0.924736165161606,0.2445904932323435,3.6527159214019775,0.022014975547790527,0.04714409510294597,0.025129119555155437,3.547044038772583,3.426424264907837,0.86154858444292,0.023391547580235095,3.6221141815185547,0.02159679929415385,0.04871870080629985,0.027121901512145996,3.518449544906616,3.3882644176483154,0.7693138468004476,-0.1980367646014285,3.592966079711914,0.022073835134506226,0.05166292190551758,0.029589086771011353,3.487011671066284,3.3449840545654297,0.6985983352791325,-0.3541004667509746,3.5614328384399414,0.022416810194651287,0.05496973792711894,0.03255292773246765,3.4538321495056152,3.2975780963897705,0.6561545075718653,-0.42285901010750626,3.5220866203308105,0.022523651520411175,0.06172890464464824,0.03920525312423706,3.413973093032837,3.225787878036499,0.5972425846365689,-0.43356643499068914,3.4704442024230957,0.022430419921875,0.08473818500836691,0.062307765086491905,3.3627781867980957,3.0637009143829346,0.2807799989738672,-0.6933330065199321,3.414858102798462,0.023308595021565758,0.16873871286710104,0.14543011784553528,3.3029768466949463,2.604912281036377,0.26523437870466,-0.9110219505484576,3.3653554916381836,0.023942987124125164,0.18033360441525778,0.15639061729113263,3.250429153442383,2.4997541904449463,3.345281473779922,11.094042461236587,3.2837936878204346,0.023910701274871826,0.1639196773370107,0.14000897606213888,3.16902232170105,2.496979236602783,0.5013417521114357,-0.6630545593623798
M50-LT_1-4_300cyc,4.172664642333984,0.024295945962270103,0.06691371401151022,0.04261776804924011,4.056044101715088,3.8514788150787354,5.845950937405642,52.964589561087315,4.1016340255737305,0.024170676867167156,0.05570312341054281,0.031532446543375656,3.985614776611328,3.834259033203125,3.655997924166283,24.219532660729502,4.084560871124268,0.024716307719548546,0.05446558197339376,0.029749274253845215,3.9659225940704346,3.8231260776519775,1.9215181523798162,6.578942757083068,4.074770450592041,0.02427011728286743,0.05637397368748983,0.0321038564046224,3.9582738876342773,3.80417537689209,1.1490879062248267,1.6474739223020753,4.0459089279174805,0.02339884638786316,0.056690076986948654,0.033291230599085495,3.9335944652557373,3.773796558380127,1.0476345096614499,0.8386339607478801,3.989306688308716,0.022735098997751873,0.05332350730895996,0.03058840831120809,3.880178213119507,3.733353853225708,1.1475357296463824,0.991784449452684,3.9397737979888916,0.0225330392519633,0.050474951664606735,0.027941912412643433,3.8316152095794678,3.6974940299987793,1.1706784193280824,1.099021970158355,3.9060702323913574,0.02263923486073812,0.051100800434748336,0.028461565574010216,3.7974019050598145,3.6607863903045654,0.9969378583648182,0.5931246532431076,3.867172956466675,0.02179577946662903,0.05247265100479126,0.03067687153816223,3.7625532150268555,3.6153042316436768,0.9186092697269915,0.37913085441477223,3.812042236328125,0.022042393684387207,0.051600088675816856,0.02955769499142965,3.7062387466430664,3.564361810684204,0.845900190897401,0.17837148753441356,3.7441399097442627,0.02158433198928833,0.04813770453135173,0.026553372542063396,3.6405351161956787,3.5130789279937744,0.853275078248746,0.1484675758463916,3.690492630004883,0.02165764570236206,0.046105633179346725,0.02444798747698466,3.586535930633545,3.4691855907440186,0.9200996481024877,0.21792569042329113,3.6524410247802734,0.02187281847000122,0.04662856459617615,0.024755746126174927,3.5474514961242676,3.428623914718628,0.859618986950192,0.0073684962019453515,3.6217281818389893,0.02164741357167562,0.04847561319669088,0.02682819962501526,3.5178205966949463,3.389045238494873,0.7737101184149272,-0.2022698117069992,3.5923550128936768,0.02194995681444804,0.05110815167427063,0.029158194859822593,3.486995220184326,3.3470358848571777,0.7034741382181504,-0.35591535380867345,3.56062388420105,0.022326906522115074,0.05431607365608215,0.031989167133967086,3.4534547328948975,3.2999067306518555,0.6640788697779237,-0.4204663552021253,3.521618366241455,0.022301773230234783,0.060589859882990524,0.03828808665275574,3.414569854736328,3.2307870388031006,0.6013068989121191,-0.4393427181814866,3.4701366424560547,0.022403945525487266,0.08377522230148315,0.061371276775995895,3.362597703933716,3.0680155754089355,0.28792081857451074,-0.7039481297914252,3.4151620864868164,0.023263245820999146,0.1656542221705119,0.14239097634951275,3.3034985065460205,2.6200218200683594,0.24309170972286775,-0.9262677573643292,3.364408493041992,0.02277955412864685,0.18012622992197674,0.1573466757933299,3.2550666332244873,2.499802589416504,3.1702370791649925,9.806740696576545,3.282891035079956,0.02397596836090088,0.16320019960403442,0.13922423124313354,3.167806386947632,2.499530076980591,0.5031658990402669,-0.6608841258054792
M50-LT_1-3_Initial,4.188300132751465,0.01908332109451294,0.027583340803782146,0.008500019709269207,4.096700191497803,4.0559000968933105,0.6670085828585856,-0.561162775542758,4.107399940490723,0.01818746328353882,0.02352083722750346,0.005333373943964641,4.020100116729736,3.994499921798706,0.6661560499547918,-0.5637530420227899,4.086900234222412,0.01781255006790161,0.023333380619684856,0.005520830551783244,4.001399993896484,3.974900007247925,0.6468335074960602,-0.6310857574881141,4.076600074768066,0.017624994119008384,0.023624996344248455,0.006000002225240072,3.992000102996826,3.963200092315674,0.5817346530736692,-0.7137184205790366,4.0447001457214355,0.017458349466323853,0.024229188760121666,0.0067708392937978115,3.960900068283081,3.9284000396728516,0.5339079054147226,-0.7725334754590074,3.9860999584198,0.017312467098236084,0.024270812670389812,0.0069583455721537275,3.9030001163482666,3.8696000576019287,0.5238952777801981,-0.7810949094862338,3.9365999698638916,0.017229169607162476,0.023895849784215294,0.006666680177052816,3.8538999557495117,3.821899890899658,0.5400740618313115,-0.7599739628974467,3.9017999172210693,0.01720830798149109,0.02381250262260437,0.006604194641113281,3.819200038909912,3.7874999046325684,0.5370536389688737,-0.7665802590004982,3.8624000549316406,0.017208357652028404,0.023979196945826214,0.0067708392937978115,3.7797999382019043,3.747299909591675,0.5360412721343248,-0.7699984502373325,3.800299882888794,0.01712496081988017,0.023229122161865234,0.006104161341985067,3.718100070953369,3.688800096511841,0.6047110910991194,-0.6831802777694933,3.737299919128418,0.017083336909612022,0.022437473138173424,0.005354136228561401,3.6552999019622803,3.6296000480651855,0.552878299971356,-0.7280870852823687,3.6888999938964844,0.017083336909612022,0.02218748132387797,0.005104144414265951,3.6068999767303467,3.58240008354187,0.5336647662204941,-0.7600657595075111,3.653700113296509,0.017062524954477947,0.02212504545847575,0.005062520503997803,3.5717999935150146,3.547499895095825,0.5354270384872527,-0.7569116344352222,3.6250998973846436,0.017145822445551556,0.022229154904683433,0.005083332459131877,3.542799949645996,3.518399953842163,0.5069880686420671,-0.7995230226829619,3.5971999168395996,0.01716663440068563,0.022437473138173424,0.005270838737487793,3.5148000717163086,3.489500045776367,0.5123782668549277,-0.7780880591692814,3.565000057220459,0.017437487840652466,0.022791673739751182,0.005354185899098715,3.481300115585327,3.4556000232696533,0.4953407933336932,-0.8155936404333315,3.5172998905181885,0.017791638771692913,0.023416628440221153,0.005624989668528239,3.4319000244140625,3.404900074005127,0.4696453564667389,-0.8403810287681139,3.4590001106262207,0.018437504768371582,0.024562527736028038,0.006125022967656454,3.370500087738037,3.341099977493286,0.4710682800469436,-0.851659732109161,3.4045000076293945,0.01977081100145976,0.02866665522257487,0.008895844221115112,3.3096001148223877,3.266900062561035,0.4866894381269294,-0.7833129295930652,3.3457999229431152,0.021916627883911133,0.17627080281575522,0.15435417493184408,3.240600109100342,2.4997000694274902,0.9428047858529781,-0.5918367997501184,2.988600015640259,0.024229188760121666,0.10208333532015483,0.15435417493184408,2.872299909591675,2.4986000061035156,0.5329595865253698,-0.666812939392353
M50-LT_1-4_Initial,4.188000202178955,0.018750031789143883,0.027208328247070312,0.008458296457926433,4.0980000495910645,4.057400226593018,0.6531050682164984,-0.5914248064528911,4.10699987411499,0.01793752113978068,0.023270795742670696,0.005333274602890015,4.020899772644043,3.995300054550171,0.6673812543077043,-0.5790354327870473,4.08650016784668,0.01764585574467977,0.023125012715657554,0.005479156970977783,4.001800060272217,3.9755001068115234,0.6411141104222022,-0.6338269148156037,4.076200008392334,0.017458349466323853,0.023479163646697998,0.0060208141803741455,3.9923999309539795,3.9635000228881836,0.5804283320929782,-0.7057275341913742,4.044400215148926,0.017291704813639324,0.02412502964337667,0.006833324829737346,3.961400032043457,3.9286000728607178,0.538129506287602,-0.7693600729244716,3.9858999252319336,0.01712496081988017,0.024166653553644817,0.0070416927337646484,3.903700113296509,3.8698999881744385,0.5371950885898358,-0.7617433097718371,3.936300039291382,0.017083336909612022,0.023770829041798912,0.00668749213218689,3.854300022125244,3.822200059890747,0.537654087852071,-0.76341784629872,3.9014999866485596,0.01704166332880656,0.02368748188018799,0.00664581855138143,3.819700002670288,3.7878000736236572,0.5469877325380699,-0.7519313059963335,3.8620998859405518,0.016979128122329712,0.02385412653287252,0.006874998410542807,3.780600070953369,3.7476000785827637,0.5570771314287136,-0.7371447849489048,3.7997000217437744,0.016979177792867027,0.023104151089986168,0.006124973297119141,3.7181999683380127,3.688800096511841,0.6102691943694397,-0.6762813983519873,3.7372000217437744,0.016937504212061565,0.02233331402142843,0.005395809809366862,3.655900001525879,3.630000114440918,0.5605556466205297,-0.7289276224690591,3.6888999938964844,0.01691664258639018,0.022104183832804363,0.005187541246414185,3.6077001094818115,3.5827999114990234,0.5498791649812096,-0.7379532396607624,3.653599977493286,0.01691664258639018,0.022020836671193443,0.005104194084803264,3.5724000930786133,3.5478999614715576,0.5376049163278002,-0.7500026612629291,3.6249001026153564,0.016937504212061565,0.022104183832804363,0.005166679620742798,3.543600082397461,3.5188000202178955,0.5170347334844679,-0.7671235391506546,3.597100019454956,0.01704166332880656,0.022312502066294353,0.005270838737487793,3.5153000354766846,3.490000009536743,0.5070071333271682,-0.7954179468791001,3.56469988822937,0.01724998156229655,0.022645791371663414,0.005395809809366862,3.4818999767303467,3.4560000896453857,0.49156697778588804,-0.8184872527812379,3.5165998935699463,0.01754164695739746,0.023208310206731163,0.0056666632493337,3.4323999881744385,3.4052000045776367,0.48118894726510586,-0.8307246720338144,3.458199977874756,0.018083304166793823,0.02422913908958435,0.006145834922790527,3.3714001178741455,3.341900110244751,0.47635260417717173,-0.8418995182106475,3.4042000770568848,0.01920834183692932,0.027937491734822593,0.00872914989789327,3.312000036239624,3.2701001167297363,0.4745506282297138,-0.8022576147696192,3.342400074005127,0.021375020345052086,0.17556250095367432,0.15418748060862225,3.239799976348877,2.4997000694274902,0.8543426479995343,-0.7751091838176754,2.966599941253662,0.023854176203409832,0.09762500723203024,0.15418748060862225,2.852099895477295,2.497999906539917,0.44209905665106636,-0.7848143244557497
M50-LT_1-3_500cyc,4.151319980621338,0.023403863112131756,0.09261816740036011,0.06921430428822836,4.0389814376831055,3.7067527770996094,8.85466131328191,89.77951834673077,4.09101676940918,0.024787336587905884,0.0856858491897583,0.06089851260185242,3.9720375537872314,3.67972469329834,4.431013071098641,32.050516200713616,4.072183609008789,0.024764835834503174,0.08397256334622702,0.05920772751172384,3.953312397003174,3.6691153049468994,3.062605081445476,16.58967325660332,4.0476789474487305,0.023984859387079876,0.08159751693407695,0.05761265754699707,3.932551622390747,3.656010866165161,2.7101850613559244,12.87760116336525,4.009314060211182,0.024179418881734215,0.07884025573730469,0.05466083685557048,3.8932528495788574,3.630880832672119,2.370848533845019,9.727030748144172,3.9597229957580566,0.023588836193084717,0.07550170024236044,0.05191286404927572,3.84649658203125,3.5973148345947266,2.160260950698694,8.071819479760475,3.9213125705718994,0.023633788029352825,0.07443100214004517,0.050797214110692344,3.807870388031006,3.5640437602996826,1.9319163309251561,6.393165381194692,3.8875300884246826,0.023374507824579876,0.0744400421778361,0.051065534353256226,3.775332450866699,3.5302178859710693,1.780792894227224,5.322678417935524,3.843698501586914,0.02355178197224935,0.07378672560056052,0.05023494362831116,3.730649948120117,3.4895222187042236,1.7577503578274425,5.111173900206898,3.7882258892059326,0.022784024477005005,0.07081593076388042,0.04803190628687541,3.6788625717163086,3.4483094215393066,1.8941777529533284,6.046760300136771,3.7259678840637207,0.02317364017168681,0.06634538372357687,0.04317174355189006,3.614734411239624,3.4075100421905518,1.9355195711944708,6.430378552316396,3.6775965690612793,0.022882670164108276,0.06411860386530559,0.04123593370119731,3.5677597522735596,3.3698272705078125,1.795614108360814,5.482942398847003,3.642770767211914,0.023235629002253216,0.06419062614440918,0.04095499714215597,3.5312397480010986,3.33465576171875,1.5214178542878292,3.6879473666945692,3.613039493560791,0.023105641206105552,0.0665495793024699,0.04344393809636434,3.5021324157714844,3.2936015129089355,1.3459297804459243,2.735506080597813,3.5838136672973633,0.023548652728398643,0.06988768776257834,0.04633903503417969,3.47078013420105,3.2483527660369873,1.203274161685703,2.0031743629314542,3.551950454711914,0.022351245085398357,0.07553095618883769,0.05317971110343933,3.444664478302002,3.189401865005493,1.144580073341143,1.8947006497757535,3.514665126800537,0.024155328671137493,0.08812651038169861,0.06397118171056113,3.398719549179077,3.091657876968384,0.9154419324283398,1.031234236592054,3.468104362487793,0.023182729880015056,0.0989787777264913,0.07579604784647624,3.3568272590637207,2.9930062294006348,0.6989623165979618,0.26691952307333855,3.419503927230835,0.023447920878728233,0.191611647605896,0.16816372672716778,3.3069539070129395,2.499768018722534,0.8606553807369347,-0.04536679290033696,3.370978832244873,0.023371328910191856,0.18149639169375104,0.15812506278355917,3.258796453475952,2.499796152114868,4.1493309464659545,17.909403439324112,3.317412853240967,0.023601055145263672,0.17097478111584982,0.14737372597058615,3.204127788543701,2.4967339038848877,0.48232464939671327,-0.7073687402790201
M50-LT_4-3_300cyc,4.170599937438965,0.025020837783813477,0.061458299557367965,0.03643746177355449,4.05049991607666,3.8756000995635986,2.6470320492684944,5.384661279982714,4.101099967956543,0.0264166792233785,0.049750010172526046,0.023333330949147545,3.974299907684326,3.862299919128418,2.6328249888487485,5.34443799764621,4.08459997177124,0.025250017642974854,0.04447917143503825,0.019229153792063396,3.963399887084961,3.8710999488830566,2.38940677443254,4.518819206932405,4.0742998123168945,0.024604151646296184,0.04116664330164592,0.01656249165534973,3.956199884414673,3.876699924468994,2.0867564459481165,3.5214614526133916,4.046199798583984,0.023916612068812054,0.038437445958455406,0.014520833889643352,3.9314000606536865,3.8617000579833984,1.7316182815636172,2.406707581826355,3.9921000003814697,0.023270845413208008,0.03581250707308452,0.012541661659876507,3.8803999423980713,3.820199966430664,1.4191171692437132,1.4783286674817653,3.942500114440918,0.023625046014785767,0.03456254800160726,0.010937501986821493,3.8290998935699463,3.776599884033203,1.2269227798691948,0.9226912918820855,3.908600091934204,0.023291707038879395,0.03379166126251221,0.010499954223632812,3.796799898147583,3.7464001178741455,1.1724118468352493,0.7793951329134239,3.870300054550171,0.023208359877268474,0.03362501660982768,0.010416656732559204,3.7588999271392822,3.708899974822998,1.138358535266979,0.6811305698974155,3.817500114440918,0.022645841042200725,0.03291671474774679,0.010270873705546062,3.7088000774383545,3.6594998836517334,1.163616939021412,0.7565099502573438,3.7499001026153564,0.02241671085357666,0.031708329916000366,0.009291619062423706,3.6422998905181885,3.5977001190185547,1.2347483572414963,0.9475079411657501,3.6956000328063965,0.0226666529973348,0.030708362658818565,0.008041709661483765,3.5868000984191895,3.5481998920440674,1.0694469988485737,0.525431422227669,3.656899929046631,0.02262497941652934,0.030229141314824425,0.007604161898295085,3.54830002784729,3.5118000507354736,1.0205633670366405,0.3962070935646249,3.625999927520752,0.02245833476384481,0.030229141314824425,0.007770806550979614,3.518199920654297,3.4809000492095947,1.0536937700855968,0.49099900544762365,3.5969998836517334,0.02270832657814026,0.030854145685831707,0.008145819107691448,3.48799991607666,3.448899984359741,1.0859584492821737,0.5770708308017709,3.5660998821258545,0.022458285093307495,0.031937460104624435,0.009479175011316936,3.4583001136779785,3.4128000736236572,1.3034433687531142,1.1771689129454188,3.5290000438690186,0.022770861784617107,0.03393749396006267,0.011166632175445557,3.4196999073028564,3.3661000728607178,1.4539963906775772,1.5935316302558142,3.4788999557495117,0.023604134718577068,0.03999998172124227,0.016395847002665203,3.365600109100342,3.286900043487549,1.643211810812812,2.098769988559802,3.425100088119507,0.023500025272369385,0.055875033140182495,0.03237500786781311,3.312299966812134,3.156899929046631,1.4706294775033446,1.4886809555644138,3.3731000423431396,0.023833364248275757,0.1819583276907603,0.15812496344248456,3.258699893951416,2.4997000694274902,2.954345466136877,8.369048823491658,3.3141000270843506,0.024729172388712566,0.13835415244102478,0.15812496344248456,3.1953999996185303,2.6500000953674316,0.574417063451636,-0.6001983362996661
M50-LT_4-3_400cyc,4.157662391662598,0.012966593106587728,0.06095523635546367,0.04798864324887594,4.095422744750977,3.865077257156372,6.9979987961320465,79.73096844799136,4.094088077545166,0.013805826505025228,0.052035748958587646,0.03822992245356242,4.027820110321045,3.8443164825439453,2.2190330337170328,12.824187975114842,4.079015731811523,0.013541181882222494,0.052140752474466964,0.03859957059224447,4.0140180587768555,3.828740119934082,1.2937874683684973,3.455819440576792,4.060546398162842,0.013876259326934814,0.050982634226481124,0.03710637489954631,3.9939403533935547,3.8158297538757324,1.1512069402937124,1.8478656189890694,4.026297569274902,0.013555238644282024,0.04972671469052633,0.03617147604624431,3.9612324237823486,3.787609338760376,1.1550810726117002,1.4851208617735754,3.974212169647217,0.013433098793029785,0.046559025843938194,0.03312592705090841,3.909733295440674,3.7507288455963135,1.1689936020052538,1.3841640696098638,3.931229591369629,0.013420730829238892,0.044791052738825485,0.03137032190958659,3.8668100833892822,3.7162325382232666,1.0600747785438103,0.9651005269320145,3.8981070518493652,0.013226916392644247,0.04611621300379436,0.03288929661115011,3.834617853164673,3.6767492294311523,0.9310605098880012,0.5295285109250267,3.856147289276123,0.01344725489616394,0.04678199688593547,0.03333474198977153,3.791600465774536,3.631593704223633,0.8694159052266623,0.29368029286459896,3.800286293029785,0.01333773136138916,0.04510035117467245,0.03176261981328329,3.736265182495117,3.5838046073913574,0.8869524892288999,0.3546761397778937,3.7346909046173096,0.013146946827570598,0.040129224459330246,0.026982277631759644,3.6715855598449707,3.5420706272125244,0.9256566641410175,0.5216432209470505,3.683786392211914,0.012925167878468832,0.03789236148198446,0.024967193603515625,3.6217455863952637,3.5019030570983887,0.9468686343354609,0.5820588671313707,3.6474971771240234,0.013041545947392782,0.03773421049118042,0.02469266454378764,3.584897756576538,3.4663729667663574,0.883724273947956,0.30801577981093775,3.6173219680786133,0.013274749120076498,0.03931745886802673,0.026042709747950237,3.553603172302246,3.428598165512085,0.8017963248243833,0.01587579175711662,3.5877506732940674,0.013136516014734905,0.04135623574256897,0.028219719727834068,3.52469539642334,3.3892407417297363,0.7471119082299826,-0.14231916057049654,3.5555429458618164,0.012953430414199829,0.044850558042526245,0.031897127628326416,3.4933664798736572,3.3402602672576904,0.7063029359042865,-0.1914389652048465,3.516186237335205,0.013004839420318604,0.051693469285964966,0.03868862986564636,3.453763008117676,3.2680575847625732,0.5863915617324928,-0.27481324973534393,3.4666237831115723,0.01307631532351176,0.07432252168655396,0.0612462063630422,3.403857469558716,3.1098756790161133,0.27964781735947425,-0.6154787969904802,3.415294647216797,0.01304924488067627,0.14199137687683105,0.12894213199615479,3.352658271789551,2.733736038208008,0.24870032392179975,-0.788422575919125,3.363346576690674,0.013283789157867432,0.17989555994669598,0.16661177078882855,3.29958438873291,2.499847888946533,1.8401637884708566,2.478502379472447,3.3030316829681396,0.013866821924845379,0.1675225794315338,0.15365575750668845,3.236470937728882,2.4989233016967773,0.4409669145982488,-0.6877782942592319
M50-LT_4-3_500cyc,4.1490912437438965,0.02400497595469157,0.09501785039901733,0.07101287444432577,4.033867359161377,3.6930055618286133,8.840413145381309,89.04347462578113,4.090295314788818,0.024539629618326824,0.08696759740511577,0.06242796778678894,3.9725050926208496,3.6728508472442627,4.453642239855729,32.097238782795436,4.0712480545043945,0.024374773104985557,0.0857896109422048,0.06141483783721924,3.954249143600464,3.6594579219818115,3.2663383224934965,18.420886656221064,4.046597480773926,0.02458631992340088,0.08284752567609152,0.058261205752690635,3.9285831451416016,3.6489293575286865,2.7850100433718703,13.436352250897006,4.007816791534424,0.02423420548439026,0.08029053608576457,0.05605633060137431,3.8914926052093506,3.622422218322754,2.482796195398361,10.630602464166211,3.9584813117980957,0.024224122365315758,0.07691716154416403,0.05269303917884827,3.84220552444458,3.5892789363861084,2.2399094360690373,8.632817726374235,3.9203827381134033,0.02368624011675517,0.07580697536468506,0.05212073524792989,3.8066887855529785,3.556509256362915,2.0243525307113455,7.080754630761723,3.885673761367798,0.023620277643203735,0.07568120956420898,0.05206093192100525,3.77229642868042,3.5224039554595947,1.86015886665548,5.881553962350269,3.8429901599884033,0.023587544759114586,0.07494211196899414,0.05135456720987956,3.7297699451446533,3.4832680225372314,1.842127549593082,5.651059802349135,3.7899973392486572,0.02385924259821574,0.0724339485168457,0.048574705918629967,3.6754729747772217,3.442314386367798,1.931507939364526,6.181871334791246,3.7290143966674805,0.02360031008720398,0.06719683607419333,0.04359652598698934,3.6157329082489014,3.4064695835113525,1.9643730976690172,6.579885035558963,3.679999589920044,0.02293189366658529,0.06526763240496318,0.04233573873837789,3.5699265003204346,3.3667149543762207,1.8946787854689584,6.19236121159847,3.6449077129364014,0.023026267687479656,0.06547436118125916,0.0424480934937795,3.534381628036499,3.3306307792663574,1.6383533547293692,4.4677725399214685,3.6150383949279785,0.0231705109278361,0.06774837772051494,0.04457786679267883,3.5038199424743652,3.289846181869507,1.4369607554211332,3.271232857188912,3.5857863426208496,0.023502856492996216,0.07093429565429688,0.04743143916130066,3.4729726314544678,3.2453017234802246,1.2837911872080292,2.435751141734036,3.554487943649292,0.023074944814046226,0.07517397403717041,0.05209902922312419,3.44372820854187,3.193652868270874,1.158983539156693,1.909739183810557,3.518331527709961,0.023764769236246746,0.0879158079624176,0.06415103872617087,3.4042606353759766,3.0963356494903564,0.9751720433622579,1.2907868374240943,3.4735803604125977,0.023012012243270874,0.12000943223635356,0.09699741999308269,3.3631227016448975,2.8975350856781006,0.7477176511298483,0.40556535277465056,3.426257371902466,0.023028055826822918,0.19300788640975952,0.16997983058293661,3.315722703933716,2.49981951713562,0.7465068891955661,-0.12164860277436729,3.377453565597534,0.0231910248597463,0.182839035987854,0.15964801112810773,3.266136646270752,2.499826192855835,3.9480022131309873,16.133178219509688,3.3247625827789307,0.023554662863413494,0.17221733927726746,0.14866267641385397,3.211700201034546,2.498119354248047,0.4995330556181784,-0.665018737425108
