,100_OCV,100_dVi,100_dVf,100_dV,100_Vi,100_Vf,100_skew,100_kurt,95_OCV,95_dVi,95_dVf,95_dV,95_Vi,95_Vf,95_skew,95_kurt,90_OCV,90_dVi,90_dVf,90_dV,90_Vi,90_Vf,90_skew,90_kurt,85_OCV,85_dVi,85_dVf,85_dV,85_Vi,85_Vf,85_skew,85_kurt,80_OCV,80_dVi,80_dVf,80_dV,80_Vi,80_Vf,80_skew,80_kurt,75_OCV,75_dVi,75_dVf,75_dV,75_Vi,75_Vf,75_skew,75_kurt,70_OCV,70_dVi,70_dVf,70_dV,70_Vi,70_Vf,70_skew,70_kurt,65_OCV,65_dVi,65_dVf,65_dV,65_Vi,65_Vf,65_skew,65_kurt,60_OCV,60_dVi,60_dVf,60_dV,60_Vi,60_Vf,60_skew,60_kurt,55_OCV,55_dVi,55_dVf,55_dV,55_Vi,55_Vf,55_skew,55_kurt,50_OCV,50_dVi,50_dVf,50_dV,50_Vi,50_Vf,50_skew,50_kurt,45_OCV,45_dVi,45_dVf,45_dV,45_Vi,45_Vf,45_skew,45_kurt,40_OCV,40_dVi,40_dVf,40_dV,40_Vi,40_Vf,40_skew,40_kurt,35_OCV,35_dVi,35_dVf,35_dV,35_Vi,35_Vf,35_skew,35_kurt,30_OCV,30_dVi,30_dVf,30_dV,30_Vi,30_Vf,30_skew,30_kurt,25_OCV,25_dVi,25_dVf,25_dV,25_Vi,25_Vf,25_skew,25_kurt,20_OCV,20_dVi,20_dVf,20_dV,20_Vi,20_Vf,20_skew,20_kurt,15_OCV,15_dVi,15_dVf,15_dV,15_Vi,15_Vf,15_skew,15_kurt,10_OCV,10_dVi,10_dVf,10_dV,10_Vi,10_Vf,10_skew,10_kurt,5_OCV,5_dVi,5_dVf,5_dV,5_Vi,5_Vf,5_skew,5_kurt,0_OCV,0_dVi,0_dVf,0_dV,0_Vi,0_Vf,0_skew,0_kurt
0.5C2C_2-1_720cyc,4.159599781036377,0.037963520396839485,0.07778176394375888,0.03981824354691939,4.055200099945068,3.94569993019104,2.1344000104012784,3.5979300903339926,4.095099925994873,0.038872718811035156,0.062436363913796165,0.02356364510276101,3.9881999492645264,3.9233999252319336,2.093206482939731,3.481104716020015,4.078100204467773,0.0367637114091353,0.05814552307128906,0.021381811662153763,3.9769999980926514,3.9182000160217285,1.848195683231652,2.731443682500185,4.0528998374938965,0.03625444932417436,0.05698178031227805,0.020727330988103695,3.953200101852417,3.896199941635132,1.368776397290015,1.3110817853103134,3.998199939727783,0.03618179668079723,0.05472720753062855,0.01854541084983132,3.898699998855591,3.8477001190185547,1.0836845461153013,0.5240338363758617,3.9449000358581543,0.03494548797607422,0.05163634907115589,0.016690861095081676,3.84879994392395,3.8029000759124756,1.0691219179951637,0.4813587839104958,3.90939998626709,0.03501814061945135,0.05090912905606357,0.015890988436612217,3.8131000995635986,3.769399881362915,1.0441037138808738,0.4140026836461361,3.87719988822937,0.03487266193736683,0.051309065385298294,0.01643640344793146,3.7813000679016113,3.7360999584198,1.0353209673652441,0.40054208293649296,3.832900047302246,0.035418163646351204,0.051309065385298294,0.015890901738947086,3.7355000972747803,3.691800117492676,0.9575697358567979,0.19560159581702097,3.776700019836426,0.03469094363125888,0.04970905997536399,0.015018116344105114,3.681299924850464,3.640000104904175,0.9675609895431881,0.23933715539802725,3.7221999168395996,0.03498181429776279,0.04945451563054865,0.014472701332785866,3.625999927520752,3.586199998855591,0.9698951444848379,0.2516904914620688,3.676300048828125,0.0354545766657049,0.04952725497159091,0.01407267830588601,3.5787999629974365,3.54010009765625,1.0022367801245327,0.34259214052652176,3.6407999992370605,0.03552722930908203,0.05000001733953303,0.014472788030450994,3.543100118637085,3.5032999515533447,1.0917181464161865,0.5771933596227239,3.6106998920440674,0.03487266193736683,0.05076356367631392,0.015890901738947086,3.5148000717163086,3.471100091934204,1.23951497672225,0.9855821939414633,3.580699920654297,0.03581818667325107,0.05280000513250178,0.01698181845925071,3.4821999073028564,3.435499906539917,1.264463068469622,1.0442114196710257,3.5485999584198,0.03574544733220881,0.05621814727783203,0.020472699945623226,3.4502999782562256,3.3940000534057617,1.4577438820282034,1.5780263434314499,3.5113000869750977,0.03658181970769709,0.06181820956143466,0.02523638985373757,3.4107000827789307,3.3413000106811523,1.5144518798269333,1.7225995459475802,3.468600034713745,0.03745451840487393,0.0729818344116211,0.03552731600674716,3.365600109100342,3.267899990081787,1.3938566707452302,1.338883920771079,3.4203999042510986,0.0371635610407049,0.10199997641823509,0.06483641537753018,3.31820011138916,3.139899969100952,1.1393389105174472,0.601998464728807,3.3680999279022217,0.03839995644309304,0.31567270105535333,0.2772727446122603,3.262500047683716,2.5,2.904895973579569,7.851092803445605,3.314300060272217,0.03858184814453125,0.20985455946488815,0.2772727446122603,3.208199977874756,2.7372000217437744,0.6112944997238322,-0.4525486050478258
0.5C3C_2-4_1050cyc,4.152200222015381,0.03887280550870029,0.09520010514692827,0.05632729963822798,4.045300006866455,3.890399932861328,2.3790779722434126,4.412548415318148,4.090099811553955,0.0390908501364968,0.07839991829612038,0.03930906815962358,3.982599973678589,3.874500036239624,2.4434868837259898,4.669794347497754,4.074399948120117,0.03825456445867365,0.07163637334650214,0.03338180888782848,3.9691998958587646,3.8773999214172363,2.1411041910256303,3.6766813338605484,4.038899898529053,0.037999933416193184,0.0676727294921875,0.02967279607599432,3.9344000816345215,3.852799892425537,1.7867124909183147,2.55327937779641,3.9823999404907227,0.03690910339355469,0.06312725760719994,0.02621815421364524,3.8808999061584473,3.808799982070923,1.6436481000894565,2.114301065493888,3.9344000816345215,0.0364364277232777,0.06040000915527344,0.02396358143199574,3.834199905395508,3.7683000564575195,1.6583534784878065,2.156511304227201,3.9022998809814453,0.03650908036665483,0.05941815809770064,0.02290907773104581,3.8018999099731445,3.7388999462127686,1.5982414491952364,1.9805415163124502,3.8677000999450684,0.03661823272705078,0.059709115461869675,0.023090882734818893,3.7669999599456787,3.7035000324249268,1.5107389238645765,1.7211059391679333,3.8136000633239746,0.0364364277232777,0.05858187241987749,0.02214544469659979,3.713399887084961,3.6524999141693115,1.5255510617688568,1.7570247952431597,3.7590999603271484,0.03661814602938565,0.05799995769153942,0.021381811662153763,3.658400058746338,3.599600076675415,1.5473509506245413,1.8346570110689475,3.7100000381469727,0.03647275404496626,0.05829091505570845,0.021818161010742188,3.6096999645233154,3.5497000217437744,1.6077647561863047,2.024881995731917,3.668800115585327,0.03690910339355469,0.058763677423650566,0.021854574030095882,3.5673000812530518,3.507200002670288,1.6569084734821298,2.1695885618147077,3.6357998847961426,0.0374908447265625,0.05985450744628906,0.022363662719726562,3.5327000617980957,3.4711999893188477,1.6888646791856883,2.2595192989826645,3.6064000129699707,0.037199974060058594,0.06210908022793857,0.02490910616787997,3.5041000843048096,3.4356000423431396,1.7959843914352285,2.588584784140777,3.577199935913086,0.03807267275723544,0.06512728604403409,0.02705461328679865,3.4725000858306885,3.398099899291992,1.8111591204357134,2.618144389140019,3.543600082397461,0.037018169056285515,0.07007278095592152,0.03305461189963601,3.441800117492676,3.3508999347686768,1.9173596733128664,2.9329923477061985,3.5041000843048096,0.03741819208318537,0.07752730629660866,0.040109114213423294,3.40120005607605,3.2908999919891357,1.8489367643500279,2.676975706096581,3.4623000621795654,0.03869091380726208,0.09479999542236328,0.056109081615101204,3.3559000492095947,3.2016000747680664,1.5849631912376374,1.8031588475964409,3.414099931716919,0.03825447776100852,0.12334546175870029,0.08509098399769176,3.3089001178741455,3.074899911880493,1.3187238465741495,0.9518717333698916,3.3649001121520996,0.039018197493119675,0.3145091316916726,0.2754909341985529,3.2576000690460205,2.5,2.6535796529702704,6.426864462974189,3.312299966812134,0.03800002011385831,0.20549089258367365,0.2754909341985529,3.2077999114990234,2.7472000122070312,0.7127318249970411,-0.2416076958604072
0.5C3C_2-6_1050cyc,4.15310001373291,0.037345539439808235,0.08592726967551491,0.04858173023570667,4.0503997802734375,3.916800022125244,2.255395178248356,3.992301375676848,4.091100215911865,0.03989098288796165,0.0706182826649059,0.030727299776944248,3.9814000129699707,3.896899938583374,2.2375642313950137,3.9598623442082808,4.074900150299072,0.038036433133212005,0.06516369906338779,0.02712726593017578,3.9702999591827393,3.895699977874756,1.8759402783722339,2.8184666967389935,4.04040002822876,0.036400014703924004,0.06218181956898083,0.02578180486505682,3.9402999877929688,3.8694000244140625,1.54197400861725,1.805177711846743,3.984100103378296,0.0364364277232777,0.05887274308638139,0.022436315363103695,3.8838999271392822,3.822200059890747,1.329449821000333,1.187499825311681,3.9356000423431396,0.03552731600674716,0.05661817030473189,0.02109085429798473,3.837899923324585,3.779900074005127,1.4140693420593098,1.4211158293842852,3.9021999835968018,0.03556364232843572,0.05530912225896662,0.019745479930530895,3.8043999671936035,3.7500998973846436,1.3432547963478942,1.2219310209936554,3.865299940109253,0.036218123002485794,0.05523638291792436,0.019018259915438564,3.765700101852417,3.713399887084961,1.2071604740823785,0.8418550456556555,3.8162999153137207,0.0358908393166282,0.05461814186789773,0.01872730255126953,3.717600107192993,3.666100025177002,1.2430261484882037,0.9423185907298501,3.766400098800659,0.0351272929798473,0.0545454892245206,0.019418196244673294,3.669800043106079,3.6164000034332275,1.3250124663675056,1.2028449756401915,3.7167999744415283,0.03570912101052024,0.054218205538662995,0.018509084528142757,3.6185998916625977,3.567699909210205,1.2566069813168126,1.0098338300293603,3.673799991607666,0.03599999167702415,0.05443633686412464,0.018436345187100498,3.5748000144958496,3.5241000652313232,1.3220443125000758,1.1956549030678856,3.6394999027252197,0.03574544733220881,0.05567273226651279,0.019927284934303978,3.5411999225616455,3.4863998889923096,1.4727349658322586,1.6277341106767915,3.609299898147583,0.03672721169211648,0.05701810663396662,0.020290894941850143,3.5083000659942627,3.452500104904175,1.4544311651740702,1.5662311744137831,3.579200029373169,0.03599999167702415,0.05960004979913885,0.0236000581221147,3.4802000522613525,3.415299892425537,1.6192189565987651,2.049980186176846,3.5455000400543213,0.037163647738370026,0.06360001997514204,0.02643637223677202,3.4433000087738037,3.3705999851226807,1.6296543114142403,2.060175905797747,3.507699966430664,0.03778180209073154,0.06981814991344105,0.03203634782270952,3.4038000106811523,3.315700054168701,1.6390678635641833,2.0583993316810227,3.466200113296509,0.03683636405251243,0.08010916276411577,0.04327279871160334,3.3649001121520996,3.2458999156951904,1.5666790446155379,1.802469641355831,3.421099901199341,0.03843636946244673,0.10290908813476562,0.0644727186723189,3.3153998851776123,3.1380999088287354,1.2702255688121253,0.8991123300709223,3.371500015258789,0.03923632881858132,0.3168727701360529,0.2776364413174716,3.2636001110076904,2.5000998973846436,1.7907929777583227,2.099605683868158,3.315200090408325,0.03792728077281605,0.17385456778786398,0.2776364413174716,3.210900068283081,2.837100028991699,0.8440458980100123,-0.0337020890539006
0.5C3C_2-7_930cyc,4.151400089263916,0.03832730379971591,0.09930914098566229,0.06098183718594638,4.046000003814697,3.8782999515533447,2.39882055976066,4.476883703011077,4.089000225067139,0.041200117631392044,0.08174549449573863,0.04054537686434659,3.9756999015808105,3.8642001152038574,2.429258601412941,4.615847130917263,4.072999954223633,0.039999961853027344,0.0745818398215554,0.03458187796852805,3.9630000591278076,3.8678998947143555,2.1027147371375925,3.544962221235904,4.034900188446045,0.03967276486483487,0.07007278095592152,0.030400016091086647,3.925800085067749,3.8422000408172607,1.7728126103857396,2.5027648190939074,3.9779000282287598,0.03865458748557351,0.06549089605158026,0.026836308566006748,3.8715999126434326,3.797800064086914,1.6521712423269295,2.1288153775839005,3.9312000274658203,0.03829089078036221,0.06254542957652699,0.024254538796164772,3.825900077819824,3.759200096130371,1.6520549960500508,2.1308880616026,3.8996999263763428,0.037963607094504616,0.06127270785245029,0.023309100757945667,3.795300006866455,3.7311999797821045,1.587832363484282,1.941120057448341,3.864500045776367,0.03825456445867365,0.061599991538307884,0.02334542707963423,3.7592999935150146,3.6951000690460205,1.4890070460366205,1.652783184203897,3.8106000423431396,0.03789095445112749,0.061345447193492546,0.023454492742365055,3.706399917602539,3.641900062561035,1.5535840116632968,1.8340631414220265,3.7539000511169434,0.03676362471147017,0.06040000915527344,0.02363638444380327,3.6528000831604004,3.5878000259399414,1.6763123692521231,2.22077652258412,3.7046000957489014,0.03669097206809304,0.060690966519442474,0.02399999445134943,3.6036999225616455,3.5376999378204346,1.748065974687575,2.443335769076648,3.664400100708008,0.03687277707186612,0.06123638153076172,0.024363604458895596,3.562999963760376,3.496000051498413,1.8116396920095987,2.639153789137602,3.631999969482422,0.03763632340864702,0.06312725760719994,0.025490934198552914,3.5285000801086426,3.458400011062622,1.842912661340606,2.7338488395563774,3.602799892425537,0.03709090839732777,0.06516361236572266,0.028072703968394886,3.5007998943328857,3.4235999584198,1.9155509740394063,2.956976686908101,3.573199987411499,0.03829089078036221,0.06876364621249112,0.030472755432128906,3.467900037765503,3.3840999603271484,1.9067735871168736,2.91138470698327,3.5397000312805176,0.03923641551624645,0.07476364482532848,0.03552722930908203,3.43179988861084,3.3341000080108643,1.9105029064897405,2.890157412048869,3.5000998973846436,0.03959993882612749,0.08334541320800781,0.043745474381880325,3.391200065612793,3.270900011062622,1.8189757543944103,2.5573345575427258,3.45740008354187,0.038945458152077415,0.10221819444136186,0.06327273628928444,3.3503000736236572,3.176300048828125,1.5944490808155063,1.8028321191674799,3.408400058746338,0.038218238136985085,0.12952726537531073,0.09130902723832564,3.303299903869629,3.0522000789642334,1.3767616584113056,1.084613692473872,3.358099937438965,0.03872724012895064,0.31192727522416547,0.27320003509521484,3.2516000270843506,2.5002999305725098,2.9987648980901986,8.631351397492,3.303499937057495,0.0387999794699929,0.21058177947998047,0.27320003509521484,3.1967999935150146,2.724400043487549,0.6862470500229922,-0.2860286694220888
1C2C_2-3_1050cyc,4.142600059509277,0.04021817987615412,0.10974545912309126,0.06952727924693715,4.0320000648498535,3.8408000469207764,2.3440833210447227,4.254109124651389,4.0858001708984375,0.0433091250332919,0.09272731434215199,0.049418189308860085,3.9667000770568848,3.8308000564575195,2.332489218677805,4.250130632322637,4.06820011138916,0.04021817987615412,0.08654551072554155,0.04632733084938743,3.9576001167297363,3.830199956893921,2.1313082751117443,3.6018823052819418,4.027400016784668,0.04047272422096946,0.08116366646506569,0.04069094224409624,3.916100025177002,3.8041999340057373,1.9301033315206835,2.95714182061457,3.972399950027466,0.04058178988370029,0.0758545615456321,0.035272771661931816,3.86080002784729,3.7637999057769775,1.830384304208633,2.6392738972991188,3.9260001182556152,0.03872732682661577,0.07236368005925958,0.03363635323264382,3.819499969482422,3.7269999980926514,1.9101608104294527,2.9005107373370675,3.8903000354766846,0.03967276486483487,0.07065452228892934,0.03098175742409446,3.7811999320983887,3.696000099182129,1.8290569631556302,2.643075639061542,3.8512001037597656,0.03880006616765803,0.06985456293279474,0.03105449676513672,3.744499921798706,3.65910005569458,1.7942757845080808,2.5464620490668564,3.8099000453948975,0.03974550420587713,0.06996362859552557,0.030218124389648438,3.7005999088287354,3.617500066757202,1.6821919906131124,2.205044193753767,3.7660000324249268,0.03836363012140447,0.07047271728515625,0.03210908716375178,3.6605000495910645,3.572200059890747,1.746353136266062,2.4099567085697524,3.7200000286102295,0.038945458152077415,0.07141815532337535,0.03247269717129794,3.6129000186920166,3.5236001014709473,1.7509676446877203,2.416580170973657,3.6772000789642334,0.03850910880348899,0.07207272269509056,0.03356361389160156,3.5713000297546387,3.4790000915527344,1.8213241325692815,2.6326361631962563,3.6415998935699463,0.0390908501364968,0.07338177074085582,0.03429092060435902,3.53410005569458,3.4398000240325928,1.8376510324450053,2.6769120268624604,3.6101999282836914,0.039999961853027344,0.0755272778597745,0.03552731600674716,3.500200033187866,3.4024999141693115,1.8207516027052033,2.6109997493243506,3.5785000324249268,0.039818156849254265,0.07923637736927379,0.03941822052001953,3.4690001010894775,3.360599994659424,1.8499592041348578,2.6883964219977496,3.544100046157837,0.03974550420587713,0.08418187228116122,0.04443636807528409,3.434799909591675,3.3125998973846436,1.835630682311336,2.6203080270326504,3.5092999935150146,0.04069094224409624,0.09090909090909091,0.050218148664994675,3.39739990234375,3.2592999935150146,1.752724616799506,2.3235256118871668,3.470900058746338,0.039927309209650215,0.10163636641068892,0.061709057201038704,3.3610999584198,3.1914000511169434,1.6468731958006015,1.9655472522096842,3.4286000728607178,0.040763681585138496,0.12000005895441229,0.07923637736927379,3.316499948501587,3.098599910736084,1.4096202891344407,1.2364853457094274,3.3817999362945557,0.04018176685680042,0.3206545222889293,0.2804727554321289,3.2713000774383545,2.5,1.4326367386751062,1.0514332761180665,3.3122000694274902,0.04160005396062678,0.1736363497647372,0.2804727554321289,3.1977999210357666,2.834700107574463,0.9523282837162452,0.14251496287475662
1C2C_3-1_1265cyc,4.133200168609619,0.038109172474254265,0.13996367021040482,0.10185449773615057,4.02839994430542,3.748300075531006,2.25396600951815,3.825816600556071,4.08050012588501,0.04025459289550781,0.11490917205810547,0.07465457916259766,3.9697999954223633,3.7644999027252197,2.3076434857243906,4.09414398647243,4.053699970245361,0.04134542291814631,0.10781817002729936,0.06647274710915306,3.940000057220459,3.757200002670288,2.1715926289000174,3.6558527328229333,4.000500202178955,0.03941822052001953,0.09843644228848544,0.05901822176846591,3.8921000957489014,3.72979998588562,2.13209170029889,3.5499699179274913,3.945499897003174,0.04098181291060014,0.09243635697798296,0.05145454406738281,3.8327999114990234,3.6912999153137207,2.110418637581689,3.4825363787137738,3.907399892807007,0.03898178447376598,0.08774540641091087,0.04876362193714489,3.8001999855041504,3.666100025177002,2.126075561178212,3.5476408267229944,3.8714001178741455,0.03883639248934659,0.08847279982133345,0.04963640733198686,3.7646000385284424,3.6280999183654785,2.0975477227903165,3.4548440596783214,3.8268001079559326,0.03956369920210405,0.08858186548406427,0.04901816628196023,3.7179999351501465,3.583199977874756,2.0314231423001536,3.2346347779034863,3.778899908065796,0.0394545468417081,0.08934541182084517,0.04989086497913708,3.6703999042510986,3.5332000255584717,2.0137429334596795,3.1729080861591594,3.7302000522613525,0.03927274183793501,0.08894547549161044,0.04967273365367542,3.6222000122070312,3.485599994659424,2.0039787904174187,3.1339323613041525,3.686500072479248,0.03967276486483487,0.0912363745949485,0.05156360973011364,3.577399969100952,3.4356000423431396,2.020520008464179,3.1729014511397695,3.649899959564209,0.0394181338223544,0.09309092434969815,0.05367279052734375,3.5415000915527344,3.393899917602539,2.025099219687745,3.1739522554437816,3.6185998916625977,0.03839995644309304,0.09661813215775923,0.05821817571466619,3.513000011444092,3.3529000282287598,2.019245000914033,3.1386092383516955,3.589400053024292,0.03938180750066584,0.1002181660045277,0.06083635850386186,3.481100082397461,3.313800096511841,1.9442412119145873,2.8701378635336434,3.559999942779541,0.03865450078790838,0.10723634199662642,0.06858184120871803,3.453700065612793,3.2651000022888184,1.8727430016851594,2.6063536433397214,3.5281999111175537,0.0390908501364968,0.11701817946000533,0.07792732932350853,3.4207000732421875,3.206399917602539,1.7378870816251872,2.139357193180075,3.49429988861084,0.04047272422096946,0.1303272247314453,0.08985450051047585,3.382999897003174,3.1359000205993652,1.5626575910772396,1.567746514320933,3.457200050354004,0.0403999848799272,0.14385457472367721,0.10345458984375,3.346100091934204,3.0615999698638916,1.4057348658012954,1.0956529674237858,3.417799949645996,0.04014544053511186,0.16250905123623935,0.12236361070112749,3.3073999881744385,2.970900058746338,1.2326357932688676,0.6355553254273789,3.376199960708618,0.039927222511985085,0.31876364621249115,0.27883642370050604,3.266400098800659,2.4995999336242676,3.0886513540936487,9.61194694861131,3.327500104904175,0.040145527232776985,0.2203637036410245,0.27883642370050604,3.217099905014038,2.7214999198913574,0.7455103496558261,-0.27587700258711
1C2C_2-8_1290cyc,4.13539981842041,0.04058178988370029,0.1413817839189009,0.10079999403520064,4.023799896240234,3.7465999126434326,2.2485423151863384,3.804446790305626,4.082499980926514,0.0429818413474343,0.11941814422607422,0.07643630287863991,3.9642999172210693,3.7541000843048096,2.2904180261542857,4.024821504423252,4.05620002746582,0.04240001331676136,0.11050909215753729,0.06810907884077592,3.9395999908447266,3.7523000240325928,2.1643476031462376,3.628206827984477,4.003399848937988,0.04054537686434659,0.10207262906161221,0.061527252197265625,3.891900062561035,3.7227001190185547,2.1253356563429704,3.5198455617994338,3.948699951171875,0.039927222511985085,0.09439997239546342,0.05447274988347834,3.838900089263916,3.6891000270843506,2.1311070586359304,3.552009900803415,3.910799980163574,0.039090936834161934,0.08974543484774503,0.0506544980135831,3.803299903869629,3.6640000343322754,2.1299533122985834,3.559880551884432,3.875,0.03883639248934659,0.09090909090909091,0.052072698419744316,3.768199920654297,3.625,2.109776306388291,3.4916261754179043,3.8290998935699463,0.03952719948508523,0.09094541723077948,0.051418217745694245,3.720400094985962,3.5789999961853027,2.05329574868181,3.302079611163183,3.780100107192993,0.039963635531338776,0.09098183025013316,0.05101819471879439,3.6702001094818115,3.529900074005127,2.0224847040574887,3.1967952959065498,3.7328999042510986,0.03843636946244673,0.08876358379017223,0.050327214327725495,3.62719988822937,3.488800048828125,2.025612606685672,3.2075931976720016,3.688699960708618,0.04014544053511186,0.0936727523803711,0.05352731184525923,3.5782999992370605,3.4310998916625977,2.0292155285529323,3.195793469636829,3.651900053024292,0.039200002496892754,0.09570910713889381,0.05650910464200107,3.544100046157837,3.388700008392334,2.04467049709514,3.234738853911227,3.620500087738037,0.03974550420587713,0.09854550795121626,0.058800003745339134,3.511199951171875,3.3494999408721924,2.008506260429373,3.097615962834242,3.591099977493286,0.04029091921719638,0.10250906510786577,0.06221814589066939,3.480299949645996,3.3092000484466553,1.9465127390235166,2.872454736928126,3.561500072479248,0.03974550420587713,0.11076363650235263,0.0710181322964755,3.452199935913086,3.2569000720977783,1.8731114931990656,2.600301843355199,3.5278000831604004,0.0397818305275657,0.11992731961337003,0.08014548908580434,3.4184000492095947,3.197999954223633,1.7484052355475916,2.168888869624947,3.49180006980896,0.04112729159268466,0.13294549421830612,0.09181820262562145,3.378700017929077,3.126199960708618,1.5808415771720559,1.6168531529349357,3.453700065612793,0.03963635184548118,0.14749093489213425,0.10785458304665306,3.3447000980377197,3.048099994659424,1.4475551315917687,1.2103486033956825,3.412899971008301,0.03956361250443892,0.16494542902166193,0.12538181651722302,3.3041000366210938,2.9593000411987305,1.2799317064356446,0.7554116569949119,3.3698999881744385,0.04069094224409624,0.3162182027643377,0.27552726052024146,3.257999897003174,2.5002999305725098,3.516717024784639,12.795810137333953,3.31820011138916,0.04054546356201172,0.2268000516024503,0.27552726052024146,3.206700086593628,2.694499969482422,0.725641757487022,-0.29532083843199475
0.5C1C_3-8_1110cyfc,4.12939977645874,0.03970909118652344,0.14112715287642044,0.10141806168989702,4.020199775695801,3.741300106048584,2.2336504326585627,3.7125990436306653,4.0802001953125,0.040218266573819245,0.11738187616521661,0.07716360959139737,3.969599962234497,3.7574000358581543,2.310087745073389,4.074970934460384,4.053199768066406,0.039927222511985085,0.10694538463245738,0.0670181621204723,3.9433999061584473,3.7590999603271484,2.2166196761549775,3.792809934745703,3.997999906539917,0.04010902751575817,0.09807265888560902,0.05796363136985085,3.887700080871582,3.728300094604492,2.1617272840875676,3.632286494492848,3.942699909210205,0.04025450619784268,0.09119996157559482,0.05094545537775213,3.8320000171661377,3.6919000148773193,2.1641138959949977,3.654973431270725,3.905600070953369,0.03847278248180042,0.08879999680952592,0.050327214327725495,3.799799919128418,3.661400079727173,2.182841349802094,3.7280565477420753,3.870800018310547,0.03974550420587713,0.08832732113924893,0.0485818169333718,3.7614998817443848,3.6278998851776123,2.1038323048315597,3.462937473243559,3.827199935913086,0.039927222511985085,0.08912728049538353,0.04920005798339844,3.717400074005127,3.5820999145507812,2.0623617551794697,3.3211181543913177,3.77810001373291,0.039018197493119675,0.08960004286332564,0.05058184537020596,3.670799970626831,3.5316998958587646,2.059941455199273,3.3080200391755694,3.7276999950408936,0.039999961853027344,0.09047274156050249,0.05047277970747514,3.6177000999450684,3.4788999557495117,2.038592095873641,3.221714138666483,3.68179988861084,0.038836305791681465,0.091090895912864,0.052254590121182526,3.575000047683716,3.431299924850464,2.0664537591636924,3.304663235197607,3.64520001411438,0.03898178447376598,0.09370907870205966,0.05472729422829368,3.5380001068115234,3.387500047683716,2.05367687482462,3.2429266096832183,3.6138999462127686,0.03930906815962358,0.09738176519220526,0.05807269703258167,3.5058000087738037,3.346100091934204,2.0027211371699987,3.0522991804667887,3.584700107574463,0.03850910880348899,0.1037454605102539,0.06523635170676491,3.478800058364868,3.2994000911712646,1.9319900689315355,2.789695433971305,3.5559000968933105,0.039018197493119675,0.11240005493164062,0.07338185743852095,3.4486000537872314,3.246799945831299,1.7850342019878789,2.277198900225639,3.526599884033203,0.03927265514026989,0.1251999248157848,0.08592726967551491,3.418600082397461,3.182300090789795,1.5940148628209703,1.6518853795891983,3.495800018310547,0.03858184814453125,0.14119997891512784,0.10261813077059659,3.389699935913086,3.1075000762939453,1.3974711910112085,1.0598197432890535,3.4616000652313232,0.03960002552379261,0.16112726384943182,0.1215272383256392,3.3526999950408936,3.0185000896453857,1.2034414482390972,0.5355892760045471,3.424299955368042,0.038109085776589134,0.18149089813232422,0.14338181235573508,3.319499969482422,2.9251999855041504,1.0468351609730935,0.17139931599404123,3.3856000900268555,0.03843636946244673,0.3221454620361328,0.2837090925736861,3.279900074005127,2.4997000694274902,4.342064654472059,20.053331417361875,3.342400074005127,0.03876365314830433,0.24229093031449753,0.2837090925736861,3.23580002784729,2.676100015640259,0.6310987764079053,-0.5003812040106355
2C0.5C_3-3_855cyc,4.130899906158447,0.039963635531338776,0.1378544894131747,0.09789085388183594,4.020999908447266,3.751800060272217,2.322723401562658,4.090210089004548,4.082300186157227,0.04469099911776456,0.11847279288552025,0.07378179376775568,3.959399938583374,3.756500005722046,2.3448223423499335,4.234413345126135,4.0609002113342285,0.04312732002951882,0.1106909838589755,0.06756366382945668,3.9423000812530518,3.756500005722046,2.2298410069226353,3.8684472214275303,4.017099857330322,0.04098172621293501,0.10298174077814276,0.06200001456520774,3.904400110244751,3.7339000701904297,2.1732167145180536,3.700618037140054,3.962399959564209,0.04127268357710405,0.09658180583607066,0.05530912225896662,3.848900079727173,3.6967999935150146,2.1371841891644006,3.589043701863554,3.918600082397461,0.041745445945046165,0.09250909631902521,0.05076365037397905,3.803800106048584,3.6642000675201416,2.115831009062901,3.521838189419542,3.8831000328063965,0.041890924627130684,0.0907636122270064,0.04887268759987571,3.767899990081787,3.633500099182129,2.0622430653100463,3.347129476772296,3.8464999198913574,0.04021817987615412,0.09032726287841797,0.05010908300226385,3.7358999252319336,3.598099946975708,2.0431734322683206,3.288537438614874,3.8048999309539795,0.04014544053511186,0.09087267788973721,0.05072723735462536,3.694499969482422,3.555000066757202,2.019677871154802,3.207162615324271,3.760699987411499,0.040036374872381035,0.09127270091663707,0.051236326044256035,3.650599956512451,3.509700059890747,2.0141532717486372,3.1827875537773913,3.716599941253662,0.039672678167169746,0.09149091893976385,0.05181824077259411,3.6075000762939453,3.4649999141693115,2.0232815522392658,3.2045143114098424,3.6768999099731445,0.039927222511985085,0.09229087829589844,0.05236365578391335,3.5671000480651855,3.423099994659424,2.0279538392202565,3.2102066322416682,3.6433000564575195,0.0417091196233576,0.09443638541481712,0.05272726579145952,3.528599977493286,3.3835999965667725,1.991417634849885,3.0717535704165355,3.61299991607666,0.040763594887473366,0.09818181124600497,0.05741821635853161,3.5009000301361084,3.3429999351501465,1.9870605754710495,3.0405167605367502,3.5829999446868896,0.04130909659645774,0.10349091616543857,0.06218181956898083,3.469399929046631,3.2983999252319336,1.9165809250119334,2.785602070695309,3.5513999462127686,0.04210905595259233,0.11123631217262962,0.06912725622003729,3.4356000423431396,3.245500087738037,1.8045101292825376,2.3882805473764392,3.5174999237060547,0.04025450619784268,0.12272722070867365,0.08247271451083096,3.4068000316619873,3.180000066757202,1.68722798748296,1.9914671533107384,3.4802000522613525,0.04240001331676136,0.13810912045565518,0.09570910713889381,3.363600015640259,3.100399971008301,1.4861525345076532,1.354598625086326,3.4398999214172363,0.041745445945046165,0.15680000998757102,0.11505456404252486,3.3250999450683594,3.008699893951416,1.334362661963602,0.9053350809239675,3.393699884414673,0.042618144642223015,0.32512725483287463,0.2825091101906516,3.2764999866485596,2.4995999336242676,1.4980608096793726,1.7651898355375808,3.3329999446868896,0.04312723333185369,0.19730906053022904,0.2825091101906516,3.214400053024292,2.7904000282287598,1.0257006402324007,0.22575023637223968
2C0.5C_3-4_855cyc,4.131100177764893,0.04167279330166904,0.13658185438676315,0.0949090610850941,4.016499996185303,3.755500078201294,2.3246501479808406,4.105308912000882,4.081900119781494,0.04229094765403054,0.11763642051003197,0.07534547285600142,3.96560001373291,3.7583999633789062,2.3663521156814324,4.319680703347783,4.060299873352051,0.04221812161532315,0.10996359044855292,0.06774546883322975,3.944200038909912,3.7578999996185303,2.24062783430614,3.913953995990095,4.01800012588501,0.0423636869950728,0.10261821746826172,0.06025453047318892,3.9014999866485596,3.73580002784729,2.1454880752800984,3.6113933694795746,3.9642999172210693,0.04250907897949219,0.09643632715398615,0.053927248174493965,3.847399950027466,3.6991000175476074,2.1007676003025315,3.4701770717889318,3.920099973678589,0.04250907897949219,0.09236361763694069,0.04985453865744851,3.8032000064849854,3.666100025177002,2.083917083035859,3.4182827070698787,3.8845999240875244,0.04036357186057351,0.09047274156050249,0.05010916969992898,3.7736001014709473,3.6357998847961426,2.0854958713414784,3.432242961581669,3.848400115966797,0.0420364033092152,0.08949097720059482,0.047454573891379616,3.732800006866455,3.602299928665161,1.9819190023976239,3.092114988657543,3.8085999488830566,0.04145448858087713,0.09058180722323331,0.04912731864235618,3.6946001052856445,3.559499979019165,1.9780852974979317,3.076633417432384,3.766200065612793,0.04061820290305398,0.09101824326948686,0.050400040366432884,3.6545000076293945,3.515899896621704,1.9856245789294094,3.0961263847229086,3.722599983215332,0.039927309209650215,0.09138185327703302,0.05145454406738281,3.612799882888794,3.471299886703491,2.001380883832088,3.13994840216837,3.682300090789795,0.04080000790682706,0.09214548631147905,0.051345478404651985,3.5701000690460205,3.4289000034332275,1.9940070002491432,3.1050081243332537,3.6477999687194824,0.04032724553888494,0.09410910172895952,0.05378185619007458,3.536900043487549,3.3889999389648438,2.0094271204039127,3.1427961898913717,3.6171000003814697,0.0413818359375,0.09745450453324751,0.05607266859574751,3.5032999515533447,3.349100112915039,1.970764831285015,2.997531802131281,3.586899995803833,0.04232727397571911,0.10232726010409268,0.05999998612837358,3.4704999923706055,3.305500030517578,1.904661689929881,2.757503974732713,3.555299997329712,0.04069094224409624,0.1093818491155451,0.06869090687144887,3.4433999061584473,3.254499912261963,1.8452746071776682,2.539687387395496,3.5220000743865967,0.0420364033092152,0.1199636459350586,0.0779272426258434,3.406399965286255,3.1921000480651855,1.6856671204880336,2.001800105351222,3.4853999614715576,0.04163638028231534,0.13440002094615588,0.09276364066384056,3.3708999156951904,3.115799903869629,1.5259262108933693,1.4915648726603559,3.4449000358581543,0.04301816766912287,0.1522182117808949,0.10920004411177202,3.3266000747680664,3.0262999534606934,1.351160226862241,0.964833869200509,3.3994998931884766,0.04105446555397727,0.32719993591308594,0.28614547035910864,3.286600112915039,2.4997000694274902,1.2565431042414672,0.9946646147806333,3.3401999473571777,0.042618144642223015,0.19109093059193005,0.28614547035910864,3.2230000495910645,2.81469988822937,1.0677740647219542,0.330418919662661
0.5C0.5C_3-5_990cyc,4.126100063323975,0.04061820290305398,0.14509097012606534,0.10447276722301137,4.014400005340576,3.727099895477295,2.23940382384599,3.7160211825546687,4.080100059509277,0.040836420926180755,0.12167271700772372,0.08083629608154297,3.9677999019622803,3.745500087738037,2.313122166141089,4.075060329130321,4.052499771118164,0.041709032925692474,0.11167266152121803,0.06996362859552557,3.9377999305725098,3.7453999519348145,2.223135704913271,3.79915231918194,3.9972000122070312,0.03952728618275036,0.10192723707719283,0.062399950894442474,3.8884999752044678,3.716900110244751,2.205367742112424,3.770794316803724,3.9428000450134277,0.039818156849254265,0.09509095278653232,0.05527279593727805,3.8333001136779785,3.681299924850464,2.2100396581233173,3.8001090395832238,3.9065001010894775,0.03963643854314631,0.09207274697043678,0.05243630842729048,3.797499895095825,3.6533000469207764,2.195022262655718,3.7583854460803687,3.8736000061035156,0.03869091380726208,0.09181820262562145,0.053127288818359375,3.767199993133545,3.6210999488830566,2.158299823599837,3.6399355686391894,3.8324999809265137,0.039854569868607956,0.09287270632657138,0.053018136457963425,3.722899913787842,3.5771000385284424,2.1003156449082563,3.436863113995642,3.7832000255584717,0.03861817446621982,0.09334546869451349,0.05472729422829368,3.677000045776367,3.5264999866485596,2.1019034189172494,3.4376764511445073,3.7290000915527344,0.039090936834161934,0.09360001303932884,0.0545090762051669,3.621500015258789,3.47160005569458,2.090752732148888,3.3870501518472524,3.6810998916625977,0.03839995644309304,0.09389088370583275,0.0554909272627397,3.575500011444092,3.4228999614715576,2.1096103468216105,3.4389642880297595,3.644399881362915,0.039999961853027344,0.09592723846435547,0.055927276611328125,3.53439998626709,3.3805999755859375,2.0667833442667773,3.2740853356768547,3.6138999462127686,0.03872724012895064,0.10007268732244318,0.061345447193492546,3.5074000358581543,3.33870005607605,2.033736978514113,3.143564622962181,3.585700035095215,0.038945458152077415,0.1061818382956765,0.06723638014359908,3.478600025177002,3.2936999797821045,1.9305079231293736,2.7706138959611923,3.5580999851226807,0.03800002011385831,0.11570904471657494,0.07770902460271661,3.4535999298095703,3.2399001121520996,1.7893159503192662,2.2790299872718203,3.5304999351501465,0.03858176144686612,0.13065450841730292,0.09207274697043678,3.4244000911712646,3.1712000370025635,1.5661901731227512,1.5549402065733187,3.5011000633239746,0.03832730379971591,0.15123636072332208,0.11290905692360619,3.395699977874756,3.085200071334839,1.3326362147364517,0.870945313694377,3.4667999744415283,0.03865450078790838,0.17399995977228339,0.135345458984375,3.3605000972747803,2.988300085067749,1.1233519746578389,0.3364961213950175,3.4296998977661133,0.0387999794699929,0.19570905512029474,0.15690907565030185,3.322999954223633,2.8914999961853027,0.956626257749918,-0.029398885908924477,3.390399932861328,0.0394545468417081,0.3238545331087979,0.28439998626708984,3.281899929046631,2.499799966812134,5.196324831299164,29.042710726217273,3.3482000827789307,0.039200002496892754,0.2617454528808594,0.28439998626708984,3.2404000759124756,2.6284000873565674,0.5547652874961674,-0.6170643669762881
0.5C0.5C_3-6_990cyc,4.125999927520752,0.038945458152077415,0.14407270604913885,0.10512724789706143,4.018899917602539,3.72979998588562,2.2563218678065056,3.78273317016035,4.080399990081787,0.04156364094127308,0.12080001831054688,0.07923637736927379,3.966099977493286,3.748199939727783,2.3090090744806253,4.063730289143988,4.0518999099731445,0.039963635531338776,0.1107999628240412,0.07083632729270241,3.941999912261963,3.7472000122070312,2.2324571741034984,3.8370911877449503,3.9958999156951904,0.04043631120161577,0.10119993036443536,0.0607636191628196,3.884700059890747,3.717600107192993,2.1849814691428957,3.702280114497209,3.941800117492676,0.04069094224409624,0.09443638541481712,0.05374544317072088,3.829900026321411,3.6821000576019287,2.189097766578385,3.7297734615136697,3.9058001041412354,0.04043639789928089,0.0915636582808061,0.051127260381525215,3.794600009918213,3.6540000438690186,2.1679883813236906,3.6692110097780404,3.872999906539917,0.0394545468417081,0.09145450592041016,0.05199995907870206,3.7644999027252197,3.621500015258789,2.1284796547675167,3.5402743460953827,3.833199977874756,0.0403999848799272,0.09279996698552911,0.05239998210560192,3.722100019454956,3.578000068664551,2.073826929665475,3.3512733150048044,3.7829999923706055,0.03916367617520419,0.09345453435724432,0.05429085818204013,3.675299882888794,3.5260000228881836,2.07362767828533,3.3428457305062294,3.724299907684326,0.03934539448131214,0.09323631633411754,0.0538909218528054,3.6161000728607178,3.467900037765503,2.0789525071833084,3.3471940358018353,3.6770999431610107,0.03916358947753906,0.09327272935347124,0.054109139875932175,3.5694000720977783,3.420599937438965,2.0952064326805107,3.3909189221306386,3.6417999267578125,0.03858176144686612,0.09552721543745561,0.056945453990589485,3.5357000827789307,3.3791000843048096,2.0818347001726156,3.329662221032951,3.6119000911712646,0.03923641551624645,0.09989096901633522,0.060654553500088776,3.503999948501587,3.3371999263763428,2.013568500423464,3.0756969109189862,3.583699941635132,0.0394545468417081,0.10632723028009589,0.06687268343838779,3.4751999378204346,3.291300058364868,1.905711040743948,2.6872686424123158,3.5564000606536865,0.03883639248934659,0.11669089577414772,0.07785450328480113,3.4495999813079834,3.2355000972747803,1.755722728320456,2.1681148640078076,3.529599905014038,0.0394181338223544,0.13221818750554865,0.09280005368319424,3.4212000370025635,3.1659998893737793,1.5277312880044138,1.4356764766144465,3.5002999305725098,0.0394181338223544,0.15396360917524857,0.11454547535289418,3.391900062561035,3.076900005340576,1.2876078867093044,0.7468587375092426,3.464200019836426,0.03890913183038885,0.1784726923162287,0.13956356048583984,3.3571999073028564,2.973400115966797,1.0870929723778366,0.2520864078784095,3.4270999431610107,0.039672678167169746,0.20069087635387073,0.161018198186701,3.318000078201294,2.875200033187866,0.920558958163596,-0.10437941731598377,3.387500047683716,0.0397818305275657,0.322800029407848,0.2830181988802823,3.27810001373291,2.499799966812134,5.691962778283261,34.99368083696493,3.3436999320983887,0.03818182511763139,0.2679999958385121,0.2830181988802823,3.2386999130249023,2.6066999435424805,0.5321134001632909,-0.6432486589010953
0.5C0.5C_3-7_990cyc,4.126800060272217,0.03727271340110085,0.14269091866233133,0.10541820526123047,4.0243000984191895,3.7344000339508057,2.220441635451745,3.6637822901079087,4.079899787902832,0.04036357186057351,0.11967268857088956,0.07930911671031605,3.968899965286255,3.7507998943328857,2.2724363757390234,3.9352778561620534,4.051199913024902,0.04119994423606179,0.11025454781272194,0.06905460357666016,3.9379000663757324,3.747999906539917,2.177030198253594,3.6449522694534062,3.9948999881744385,0.039127263155850495,0.10101821205832741,0.06189094890247692,3.8873000144958496,3.717099905014038,2.163955943843913,3.630038472631763,3.9405999183654785,0.03970909118652344,0.09439997239546342,0.05469088120893999,3.831399917602539,3.680999994277954,2.1687181049208006,3.6586439781841653,3.9045000076293945,0.0394545468417081,0.09134544025767934,0.05189089341597124,3.7960000038146973,3.6533000469207764,2.153780302988915,3.6184836986027458,3.869800090789795,0.03847278248180042,0.09101824326948686,0.05254546078768643,3.7639999389648438,3.619499921798706,2.1220058251423017,3.515269941665008,3.8261001110076904,0.03938189419833096,0.0919273549860174,0.05254546078768643,3.7177999019622803,3.5732998847961426,2.0743225634482565,3.349962259559341,3.7769999504089355,0.04032724553888494,0.09236361763694069,0.052036372098055755,3.666100025177002,3.5230000019073486,2.0332695888858865,3.204159944577791,3.7262001037597656,0.03843636946244673,0.09290911934592506,0.05447274988347834,3.620500087738037,3.4707000255584717,2.0635566154443428,3.2994938408845496,3.680500030517578,0.03818182511763139,0.0926909013227983,0.0545090762051669,3.575500011444092,3.425600051879883,2.0659833614103347,3.296066418289751,3.643699884414673,0.03963635184548118,0.09541814977472479,0.05578179792924361,3.5346999168395996,3.3812999725341797,2.026972342076791,3.1448709755443414,3.6126999855041504,0.03832730379971591,0.09949094598943536,0.06116364218971946,3.5072999000549316,3.339099884033203,2.0010492640900543,3.040923541258034,3.583699941635132,0.03861817446621982,0.1054908579046076,0.06687268343838779,3.4774999618530273,3.293600082397461,1.9049434714947773,2.6945776956664,3.555299997329712,0.039963635531338776,0.11487275903875177,0.074909123507413,3.4453999996185303,3.2393999099731445,1.7432369632740934,2.134737945649598,3.526099920272827,0.038763566450639206,0.1277817812832919,0.0890182148326527,3.4195001125335693,3.1747000217437744,1.5660112254497476,1.5646541994142567,3.4955999851226807,0.03858184814453125,0.1465818231756037,0.10799997503107245,3.3894999027252197,3.0924999713897705,1.3550054208468902,0.9411585855942031,3.460900068283081,0.040000048550692474,0.1674182198264382,0.12741817127574573,3.3508999347686768,3.000499963760376,1.1493012094991069,0.40280743705839317,3.42330002784729,0.03883639248934659,0.18930912017822266,0.15047272768887607,3.316499948501587,2.9026999473571777,0.9863855989186834,0.04036102468110547,3.3840999603271484,0.03869091380726208,0.3215636340054599,0.2828727201981978,3.2776999473571777,2.499799966812134,5.189969363230917,28.987766147486695,3.3410000801086426,0.03960002552379261,0.25796370072798297,0.2828727201981978,3.232100009918213,2.6315999031066895,0.5613838807111226,-0.6053178765940905
0.5C2C_3-2_720cyc,4.157599925994873,0.03781821511008523,0.08243630149147728,0.044618086381392044,4.053599834442139,3.9309000968933105,2.2683427549038915,4.051119381034474,4.093500137329102,0.03941822052001953,0.06705457513982599,0.02763635461980646,3.985100030899048,3.90910005569458,2.2774642085945125,4.103642858847228,4.077099800109863,0.03850902210582386,0.06072720614346591,0.022218184037642044,3.9711999893188477,3.910099983215332,1.9204316278639955,2.956489607171818,4.052700042724609,0.038072759454900566,0.059636376120827415,0.021563616665926846,3.947999954223633,3.888700008392334,1.436749737518599,1.5011293261013448,3.9990999698638916,0.037163647738370026,0.056945453990589485,0.01978180625221946,3.896899938583374,3.8424999713897705,1.198839140117001,0.8382015215598932,3.9456000328063965,0.036145470359108665,0.054109139875932175,0.01796366951682351,3.8461999893188477,3.796799898147583,1.1868130626328017,0.7933145978847582,3.9098000526428223,0.03585459969260476,0.05258187380704013,0.016727274114435368,3.811199903488159,3.765199899673462,1.1342309102433208,0.655924916125568,3.8784000873565674,0.0354545766657049,0.05218185078014027,0.016727274114435368,3.780900001525879,3.7348999977111816,1.0677551665441454,0.48488719783537215,3.836199998855591,0.03559996865012429,0.05301822315562855,0.01741825450550426,3.738300085067749,3.6903998851776123,1.0958721594460672,0.5604055948522584,3.7797999382019043,0.03559996865012429,0.052072698419744316,0.01647272976962003,3.6819000244140625,3.6366000175476074,1.095211566442849,0.5634337711578694,3.724400043487549,0.035163619301535866,0.051309065385298294,0.01614544608376243,3.627700090408325,3.5833001136779785,1.155415739379034,0.7402907791528106,3.678100109100342,0.03574553402987393,0.05098186839710583,0.01523633436723189,3.5797998905181885,3.537899971008301,1.1427043071934266,0.7035855713907608,3.6426000595092773,0.035345511002974075,0.051490957086736504,0.01614544608376243,3.5453999042510986,3.500999927520752,1.295544364343257,1.1320726174424243,3.612299919128418,0.03585451299493963,0.053018136457963425,0.017163623463023792,3.513700008392334,3.4665000438690186,1.3622394489939413,1.319720683963581,3.5831000804901123,0.0361091440374201,0.055090904235839844,0.018981760198419743,3.483799934387207,3.4316000938415527,1.4444146758754606,1.557661612128678,3.5522000789642334,0.037018169056285515,0.05814552307128906,0.02112735401500355,3.4504001140594482,3.3922998905181885,1.4882441709008112,1.6658460993732982,3.5160999298095703,0.037854541431773796,0.06378182497891513,0.025927283547141335,3.4119999408721924,3.3406999111175537,1.537997113471781,1.7824328897821156,3.4744999408721924,0.03829089078036221,0.07639997655695135,0.038109085776589134,3.3691999912261963,3.264400005340576,1.4636715780976934,1.5272030962324843,3.427500009536743,0.03898178447376598,0.10625457763671875,0.06727279316295277,3.3203001022338867,3.1352999210357666,1.143977832012615,0.5910872545556223,3.3761000633239746,0.038072759454900566,0.3186545805497603,0.28058182109485974,3.271399974822998,2.499799966812134,2.7806515841901893,7.221831069634993,3.3250999450683594,0.03854543512517756,0.21665451743386008,0.28058182109485974,3.219099998474121,2.729300022125244,0.6428168246117661,-0.41958072326736895
0.5C2C_4-1_720cyc,4.158899784088135,0.036254536021839485,0.0775999589399858,0.04134542291814631,4.059199810028076,3.945499897003174,2.186298814863657,3.7810020313231716,4.095300197601318,0.03967276486483487,0.06501822038130327,0.025345455516468395,3.9862000942230225,3.9165000915527344,2.17648321763261,3.76411025269622,4.078199863433838,0.038836305791681465,0.059599963101473724,0.02076365730979226,3.971400022506714,3.914299964904785,1.8459521916121624,2.715388283925564,4.055699825286865,0.03839995644309304,0.05810902335427024,0.0197090669111772,3.9500999450683594,3.895900011062622,1.3037452012777984,1.12020271701512,4.003300189971924,0.03680003773082386,0.05545460094105114,0.018654563210227272,3.902100086212158,3.850800037384033,1.111040158316244,0.6011080384978555,3.9489998817443848,0.0368362773548473,0.05330900712446733,0.01647272976962003,3.8477001190185547,3.8024001121520996,1.0203748762415386,0.3449064472080492,3.9121999740600586,0.03589092601429333,0.05192730643532493,0.016036380421031605,3.813499927520752,3.769399881362915,1.0781902964522299,0.5009465534321587,3.8803999423980713,0.036109057339754974,0.0519272197376598,0.01581816239790483,3.781100034713745,3.737600088119507,1.0143255885142257,0.3426385591964851,3.838399887084961,0.03643634102561257,0.05170908841219815,0.015272747386585583,3.7381999492645264,3.696199893951416,0.9224758381878876,0.10631296546365654,3.7869999408721924,0.03559996865012429,0.0509817816994407,0.015381813049316406,3.6891000270843506,3.6468000411987305,0.9889567246140876,0.296672133498864,3.7337000370025635,0.03603640469637784,0.05079997669566761,0.014763571999289772,3.6345999240875244,3.5940001010894775,0.9507330607276683,0.2124113213934904,3.6851999759674072,0.036218209700150925,0.050327301025390625,0.014109091325239702,3.585599899291992,3.546799898147583,0.9874631521383871,0.30088570744631005,3.647599935531616,0.03654540668834339,0.05079997669566761,0.014254570007324219,3.547100067138672,3.5078999996185303,1.0565637046821583,0.4821648769572171,3.6168999671936035,0.03658181970769709,0.051345478404651985,0.0147636586969549,3.5162999629974365,3.4756999015808105,1.0995092193844513,0.6008985672096503,3.5871999263763428,0.03730903972278942,0.05359996448863636,0.016290924765846947,3.484600067138672,3.4398000240325928,1.1994999015286811,0.8670576643713233,3.5557000637054443,0.037127321416681465,0.05632729963822798,0.01919997822154652,3.4535999298095703,3.4007999897003174,1.3707605643550898,1.332723219981161,3.520900011062622,0.03763641010631214,0.06138186021284624,0.023745450106534092,3.4173998832702637,3.352099895477295,1.4803380244583315,1.6306752656912655,3.4811999797821045,0.038036346435546875,0.07025449926202948,0.0322181528264826,3.3766000270843506,3.2880001068115234,1.4434133079968738,1.5151513707313287,3.4351999759674072,0.03829089078036221,0.09312725067138672,0.054836359891024505,3.329900026321411,3.1791000366210938,1.223762467270178,0.8334174008653861,3.3850998878479004,0.03956361250443892,0.32189083099365234,0.28232721848921344,3.2762999534606934,2.4999001026153564,1.945784723408792,2.782490693657829,3.3310999870300293,0.03934548117897727,0.19396365772594104,0.28232721848921344,3.222899913787842,2.7976999282836914,0.7037210664805149,-0.32973055304267174
1C1C_2-5_450cyc,4.165800094604492,0.03654549338600852,0.06840003620494496,0.03185454281893643,4.065299987792969,3.9776999950408936,1.9463081512906903,2.9956888939898905,4.098700046539307,0.03650908036665483,0.05552725358442827,0.019018173217773438,3.998300075531006,3.946000099182129,1.9255160966920475,2.937737650536457,4.080599784851074,0.03625444932417436,0.051127173683860085,0.014872724359685724,3.9809000492095947,3.940000057220459,1.5134721590489741,1.675020167435342,4.06279993057251,0.035418163646351204,0.05079997669566761,0.015381813049316406,3.965399980545044,3.923099994659424,1.016527014782555,0.34551355673345485,4.012400150299072,0.03410911560058594,0.04963640733198686,0.015527291731400923,3.918600082397461,3.8759000301361084,0.8532513297333307,-0.04763966320266011,3.9554998874664307,0.03356361389160156,0.04738174785267223,0.013818133961070667,3.8631999492645264,3.825200080871582,0.7627566306143904,-0.2825538598565611,3.916100025177002,0.033272743225097656,0.046472722833806816,0.013199979608709162,3.8245999813079834,3.788300037384033,0.7808151932266647,-0.2368472198682947,3.8854000568389893,0.033454548228870735,0.0466545278375799,0.013199979608709162,3.7934000492095947,3.7571001052856445,0.7261423696867583,-0.3551611003434725,3.8459999561309814,0.03309085152365945,0.04672726717862216,0.013636415654962713,3.755000114440918,3.7174999713897705,0.7214491039193166,-0.35939615157173366,3.7929999828338623,0.03294545953924006,0.045709089799360794,0.012763630260120739,3.702399969100952,3.66729998588562,0.6663615531054184,-0.4882456070155725,3.733099937438965,0.03312726454301314,0.04498178308660334,0.011854518543590199,3.6419999599456787,3.6094000339508057,0.6739588055444393,-0.4610410777672165,3.6833999156951904,0.03294545953924006,0.0440726713700728,0.01112721183083274,3.5927999019622803,3.5622000694274902,0.7266435748762478,-0.3357704586260759,3.6470000743865967,0.03378183191472834,0.04414549740878018,0.010363665494051847,3.5541000366210938,3.525599956512451,0.6367329152434448,-0.5309940973733664,3.6166999340057373,0.033272743225097656,0.04414541071111506,0.0108726674860174,3.5251998901367188,3.495300054550171,0.7215996589338858,-0.3362723897672968,3.5875000953674316,0.03378183191472834,0.045890981500799004,0.012109149586070667,3.4946000576019287,3.4612998962402344,0.8540975731383396,-0.018039634205071486,3.55679988861084,0.03436357324773615,0.04803631522438743,0.013672741976651278,3.4623000621795654,3.4247000217437744,0.9656371076417865,0.26344323173487094,3.522200107574463,0.03538183732466264,0.05145454406738281,0.01607270674272017,3.4249000549316406,3.38070011138916,1.0793677693997155,0.5304472364312165,3.4798998832702637,0.0358908393166282,0.05825450203635476,0.022363662719726562,3.381200075149536,3.319700002670288,1.1602815109808984,0.7301630939947352,3.4316999912261963,0.03741819208318537,0.08327276056463068,0.04585456848144531,3.3287999629974365,3.202699899673462,1.017318956448237,0.3537617097571877,3.3782999515533447,0.03872724012895064,0.31898177753795276,0.28025453740900214,3.2718000411987305,2.5011000633239746,2.819444450938377,7.29473888342584,3.323199987411499,0.03960002552379261,0.22952730005437677,0.28025453740900214,3.2142999172210693,2.691999912261963,0.532771229711044,-0.6259940601634599
0.5C0.5C_3-5_1110cyc,4.119200229644775,0.0383637168190696,0.16163643923672763,0.12327272241765802,4.013700008392334,3.6747000217437744,2.09234039362014,3.1320735050166943,4.076499938964844,0.04025450619784268,0.13603635267777878,0.09578184647993608,3.9658000469207764,3.702399969100952,2.1681296908105923,3.505359728046102,4.039599895477295,0.04029083251953125,0.1239272030917081,0.08363637057217685,3.928800106048584,3.6988000869750977,2.14391599041065,3.4683960657829607,3.9783999919891357,0.041745445945046165,0.11309094862504439,0.07134550267999823,3.863600015640259,3.6673998832702637,2.1337534306811468,3.4635467785587277,3.928100109100342,0.040872747247869316,0.10683640566739169,0.06596365841952237,3.815700054168701,3.6342999935150146,2.159292508650893,3.5656156864764252,3.8940000534057617,0.039127263155850495,0.10443635420365767,0.06530909104780717,3.786400079727173,3.606800079345703,2.1508866303132397,3.5504469895477246,3.8578999042510986,0.03970909118652344,0.10505450855601918,0.06534541736949574,3.748699903488159,3.569000005722046,2.095225563211389,3.3599263124643555,3.813499927520752,0.04054546356201172,0.10629090395840732,0.0657454403963956,3.7019999027252197,3.521199941635132,2.048219838740688,3.191029569176072,3.760499954223633,0.038945458152077415,0.10665451396595348,0.06770905581387607,3.65339994430542,3.4672000408172607,2.0499676232785897,3.1880682763405153,3.7070999145507812,0.03970909118652344,0.1074181470003995,0.06770905581387607,3.597899913787842,3.4117000102996826,2.0302955448084075,3.1052994069090074,3.664299964904785,0.04069085554643111,0.10821819305419922,0.06752733750776811,3.5524001121520996,3.3666999340057373,2.0002807015529878,2.9881890031708798,3.6308999061584473,0.03930906815962358,0.11149085651744496,0.07218178835782138,3.5227999687194824,3.3243000507354736,1.9661531899281022,2.857232889005041,3.601599931716919,0.03923632881858132,0.11683637445623224,0.07760004563765092,3.4937000274658203,3.2802999019622803,1.8802964699319142,2.552693210187263,3.573899984359741,0.040654529224742546,0.1258909052068537,0.08523637598211115,3.462100028991699,3.2276999950408936,1.7313070611429222,2.041836571076521,3.5471999645233154,0.04025450619784268,0.13781816309148615,0.09756365689364346,3.436500072479248,3.1682000160217285,1.5625370807988743,1.5007599945505872,3.521199941635132,0.04054546356201172,0.15483630787242542,0.11429084431041371,3.4096999168395996,3.095400094985962,1.3593543761675684,0.9086965516836241,3.492300033569336,0.039927309209650215,0.17389089410955255,0.13396358489990234,3.382499933242798,3.0141000747680664,1.1663266685161346,0.41946624342283956,3.458699941635132,0.03876365314830433,0.19232723929665305,0.15356358614834872,3.352099895477295,2.929800033569336,1.0153767407824834,0.0821840001958245,3.4233999252319336,0.0400727011940696,0.21112728118896484,0.17105457999489523,3.313199996948242,2.8427999019622803,0.8602447611915445,-0.22238387366859902,3.3856000900268555,0.03850910880348899,0.3221091357144443,0.28360002691095526,3.2797000408172607,2.499799966812134,6.070479510872681,39.86483352367994,3.3441998958587646,0.039054523814808235,0.27018174258145417,0.28360002691095526,3.236799955368042,2.6012001037597656,0.5130414646841372,-0.6774828592583368
0.5C0.5C_3-6_1110cyc,4.118800163269043,0.039090936834161934,0.16080006686123935,0.12170913002707741,4.011300086975098,3.6765999794006348,2.1004008717521763,3.1621534944617755,4.076399803161621,0.04010902751575817,0.13501808860085227,0.0949090610850941,3.966099977493286,3.7051000595092773,2.167691402657309,3.50813632218376,4.038300037384033,0.04054546356201172,0.12352726676247337,0.08298180320046165,3.926800012588501,3.6986000537872314,2.1378760616650108,3.4490718702619736,3.976599931716919,0.0397818305275657,0.11258177323774858,0.07279994271018288,3.8671998977661133,3.6670000553131104,2.1490128540496323,3.5207143841142816,3.9268999099731445,0.04109087857333096,0.10650903528386896,0.065418156710538,3.8138999938964844,3.634000062942505,2.151093317515193,3.5384152798523756,3.8928000926971436,0.03934548117897727,0.10403641787442294,0.06469093669544566,3.784600019454956,3.6066999435424805,2.1379387871676117,3.5069691388801223,3.8571999073028564,0.04029083251953125,0.10501818223433061,0.06472734971479936,3.7464001178741455,3.5683999061584473,2.07872466499082,3.302930345723073,3.813800096511841,0.0410545522516424,0.10643638264049184,0.06538183038884943,3.700900077819824,3.5211000442504883,2.0269158181467923,3.119559464013687,3.758699893951416,0.039854483170942825,0.10719992897727272,0.0673454458063299,3.6491000652313232,3.463900089263916,2.0229478148827122,3.095277252743985,3.7021000385284424,0.04029091921719638,0.10727275501598012,0.06698183579878374,3.5913000106811523,3.407099962234497,2.0300721975648326,3.114993806771599,3.660599946975708,0.038945458152077415,0.10792723569003018,0.06898177753795277,3.553499937057495,3.363800048828125,2.0147403036907208,3.0394332496642704,3.6280999183654785,0.0397818305275657,0.1114545301957564,0.07167269966819069,3.518699884414673,3.3215999603271484,1.9489791267328203,2.8001491563278593,3.599299907684326,0.039745417508212005,0.11727272380482066,0.07752730629660866,3.490000009536743,3.2767999172210693,1.8576522654861827,2.4756360730224802,3.571700096130371,0.03890913183038885,0.1266909512606534,0.08778181943026456,3.4646999835968018,3.223299980163574,1.7285090707653483,2.0350624427542856,3.545300006866455,0.03850910880348899,0.1390181454745206,0.1005090366710316,3.4393999576568604,3.1630001068115234,1.5561584571544569,1.4852936035074222,3.5199999809265137,0.03861817446621982,0.1571636199951172,0.11854544552889737,3.413800001144409,3.0878000259399414,1.349438503322486,0.8856464798426704,3.4911000728607178,0.04014544053511186,0.17709090492942117,0.1369454643943093,3.38070011138916,3.0041000843048096,1.132619687805141,0.3383158222968188,3.455899953842163,0.03970909118652344,0.19679997184059836,0.15709088065407492,3.3466999530792236,2.9147000312805176,0.9767614113433617,-0.0024085246911269564,3.4205000400543213,0.03847278248180042,0.21589088439941406,0.17741810191761365,3.31469988822937,2.8268001079559326,0.8418838598331996,-0.24796797037572382,3.3822999000549316,0.0387999794699929,0.32094539295543323,0.28214541348544037,3.275599956512451,2.4997000694274902,6.550257018635603,46.50978026205129,3.339900016784668,0.03967276486483487,0.27592728354714136,0.28214541348544037,3.230799913406372,2.5810999870300293,0.48247481272949544,-0.7177929386643846
0.5C0.5C_3-7_1110cyc,4.11959981918335,0.037999933416193184,0.16054534912109375,0.12254541570490057,4.015100002288818,3.678100109100342,2.070933202525714,3.072842802945643,4.076000213623047,0.04247283935546875,0.13592737371271307,0.09345453435724432,3.959199905395508,3.702199935913086,2.1169993646792844,3.329826875154642,4.038300037384033,0.04225453463467685,0.1231636567549272,0.08090912212025035,3.922100067138672,3.6995999813079834,2.0913683917711268,3.2902472675807086,3.9765000343322754,0.03970909118652344,0.11218183690851385,0.07247274572199042,3.867300033569336,3.6679999828338623,2.1187958635384394,3.4179652194129853,3.9268999099731445,0.039018110795454544,0.10330902446400035,0.06429091366854581,3.8196001052856445,3.6428000926971436,2.145916479354715,3.5302934379607374,3.892400026321411,0.03952728618275036,0.10378178683194247,0.06425450064919212,3.7836999893188477,3.6070001125335693,2.1153407871395684,3.4291492291785826,3.8536999225616455,0.03934539448131214,0.10458183288574219,0.06523643840443004,3.745500087738037,3.5660998821258545,2.073008192718687,3.2833033505114324,3.8066999912261963,0.04050905054265803,0.10432728854092685,0.06381823799826881,3.6953001022338867,3.5197999477386475,2.021756808913726,3.105718152520094,3.7569000720977783,0.03927274183793501,0.10309089313853871,0.0638181513006037,3.648900032043457,3.473400115966797,2.013911570192839,3.077578799711584,3.7083001136779785,0.03843636946244673,0.1031637191772461,0.06472734971479936,3.60260009765625,3.4245998859405518,2.0137403928217283,3.066810953363282,3.666300058364868,0.040036374872381035,0.10592729395086115,0.06589091907848012,3.5562000274658203,3.375,1.9764351085651457,2.9186492221352776,3.632200002670288,0.0394545468417081,0.11054541847922585,0.07109087163751776,3.523699998855591,3.328200101852417,1.941793816477901,2.7845530655927,3.602099895477295,0.03861817446621982,0.11596358906139027,0.07734541459517046,3.4958999156951904,3.2832000255584717,1.872831459817914,2.5376174606245083,3.5736000537872314,0.04058187658136541,0.12392728978937323,0.08334541320800781,3.4619998931884766,3.232800006866455,1.7297781204370246,2.0486727354489718,3.546299934387207,0.03858176144686612,0.13250905817205255,0.09392729672518643,3.440200090408325,3.1819000244140625,1.6039240270718096,1.6430978137211056,3.518399953842163,0.03938180750066584,0.14461820775812323,0.10523640025745738,3.410099983215332,3.120699882507324,1.420824071962012,1.0933927564237216,3.4886999130249023,0.039200002496892754,0.1597090634432706,0.12050906094637784,3.3808999061584473,3.049499988555908,1.2476632111589006,0.6257379870203348,3.4549999237060547,0.03872724012895064,0.1834545135498047,0.14472727342085404,3.3485000133514404,2.950500011444092,1.0794464799771137,0.227625423847015,3.419100046157837,0.03963635184548118,0.2034545378251509,0.16381818597966974,3.3101000785827637,2.859600067138672,0.9145627782355099,-0.11386096578388871,3.3812999725341797,0.038872718811035156,0.3205454566261985,0.28167273781516333,3.274399995803833,2.499799966812134,5.521050432552867,32.86620357639893,3.340100049972534,0.03843636946244673,0.2625454989346591,0.28167273781516333,3.2344000339508057,2.6180999279022217,0.5515251707733652,-0.6230865986301004
0.5C0.5C_3-5_1230cyc,4.112234115600586,0.039999528364701706,0.1898420507257635,0.1498425223610618,4.002235412597656,3.5901684761047363,7.583777119828006,63.733563168791946,4.071927547454834,0.04038932106711648,0.18345303968949753,0.14306371862238104,3.9608569145202637,3.567431688308716,4.550337174583442,29.3731873162436,4.025747776031494,0.039625601335005325,0.1714415116743608,0.13181591033935547,3.9167773723602295,3.554283618927002,3.709945887892816,21.108406864722404,3.9625284671783447,0.039653691378506745,0.15949882160533557,0.11984513022682884,3.853480815887451,3.523906707763672,3.2685003184112307,17.27277219689429,3.917020320892334,0.04017240350896662,0.15737455541437323,0.1172021519054066,3.806546211242676,3.4842402935028076,2.7591141956300667,13.045826595030192,3.8827881813049316,0.04056349667635831,0.16012096405029297,0.11955746737393466,3.7712385654449463,3.442455530166626,2.3458254957024605,9.606422192457321,3.844601631164551,0.03926780007102273,0.16378827528520065,0.12452047521417792,3.7366151809692383,3.394183874130249,2.274307304805715,8.944613632453494,3.798628568649292,0.039259997281161224,0.16540657390247693,0.1261465766213157,3.6906635761260986,3.3437604904174805,2.319833994638517,9.174352785305102,3.7437942028045654,0.0403700741854581,0.16420815207741477,0.12383807789195668,3.6327764987945557,3.292221784591675,2.42588008108484,9.938546318773549,3.693114757537842,0.04076827656139027,0.16455442255193536,0.1237861459905451,3.5810019969940186,3.2405900955200195,2.420878792677579,9.99354105543468,3.6541988849639893,0.03862589055841619,0.17016826976429333,0.13154237920587714,3.5479776859283447,3.1862361431121826,2.301330047184813,9.193803733964833,3.6227242946624756,0.03864062916148792,0.1816730499267578,0.1430324207652699,3.516462564468384,3.1231234073638916,2.0941095437456614,7.605576000612386,3.5945541858673096,0.04031484777277166,0.19678332588889383,0.15646847811612216,3.4836883544921875,3.0534000396728516,1.861899763144584,5.889447595580027,3.5677993297576904,0.03947388042103161,0.2193478670987216,0.17987398667768997,3.4592461585998535,2.964592695236206,1.7336549141034172,4.902880787675217,3.542799949645996,0.0390799262306907,0.2469669688831676,0.20788704265247693,3.4353301525115967,2.863640785217285,1.710381367152917,4.226455049414356,3.51904296875,0.03904403339732777,0.2849608334628018,0.2459168000654741,3.4116718769073486,2.735400676727295,1.7286006994066452,3.766719501687435,3.492932081222534,0.039772987365722656,0.34018672596324573,0.3004137385975231,3.383556365966797,2.5574185848236084,1.5853178235768581,2.6845002778783114,3.461172342300415,0.03826505487615412,0.34957712346857245,0.31131206859241833,3.355943441390991,2.499835252761841,2.334141063554804,5.356315977702014,3.4277641773223877,0.03835192593661221,0.3374323411421342,0.29908041520552203,3.322296380996704,2.4998252391815186,3.9802233758297216,16.706521123332084,3.3934855461120605,0.040237079967151985,0.3249659104780717,0.28472883051091974,3.2828335762023926,2.4998292922973633,6.084521211916804,39.91681997860022,3.354482889175415,0.03831490603360263,0.3114668239246715,0.2731519178910689,3.249116897583008,2.4979491233825684,0.47540699327049657,-0.7067038627498947
0.5C0.5C_3-5_870cyc,4.133900165557861,0.03890921852805398,0.12880004536021838,0.08989082683216441,4.026899814605713,3.7797000408172607,2.378052220730471,4.285151389744223,4.083499908447266,0.039963635531338776,0.106799992648038,0.06683635711669922,3.973599910736084,3.789799928665161,2.450258272076875,4.617725248217524,4.062600135803223,0.040909160267223015,0.09861824729225853,0.057709087025035515,3.9500999450683594,3.7913999557495117,2.2864857657741577,4.075288575044011,4.014599800109863,0.039563525806773796,0.09076352552934126,0.051199999722567474,3.9058001041412354,3.765000104904175,2.197938743872092,3.800875379970458,3.9577999114990234,0.03854543512517756,0.08403630690141158,0.04549087177623402,3.851799964904785,3.7267000675201416,2.1928488598161304,3.7961486274529275,3.9172000885009766,0.03963643854314631,0.08065457777543501,0.041018139232288704,3.808199882507324,3.6953999996185303,2.1570588463412177,3.6822794912072796,3.8859000205993652,0.03883639248934659,0.079890944740989,0.0410545522516424,3.779099941253662,3.6661999225616455,2.114503855400103,3.5487863875209076,3.848299980163574,0.038218151439319954,0.0805090990933505,0.04229094765403054,3.7432000637054443,3.6268999576568604,2.0820527346086055,3.440244272151447,3.8011999130249023,0.039927222511985085,0.08058175173672763,0.040654529224742546,3.6914000511169434,3.5796000957489014,2.0154825564021577,3.2167907014400567,3.7471001148223877,0.03869091380726208,0.08101818778298119,0.04232727397571911,3.640700101852417,3.5243000984191895,2.0614648901739465,3.3594565182852065,3.6946001052856445,0.03981824354691939,0.08098186146129262,0.04116361791437322,3.585099935531616,3.47189998626709,2.0638384845368747,3.3552467242755775,3.6547000408172607,0.039018197493119675,0.08167275515469638,0.042654557661576706,3.5473999977111816,3.4300999641418457,2.100897400982568,3.4686242623794428,3.62280011177063,0.03981824354691939,0.08450915596701881,0.044690912420099434,3.5132999420166016,3.390399932861328,2.0698786285825714,3.3472068721974395,3.5940001010894775,0.03887280550870029,0.08909095417369496,0.050218148664994675,3.4870998859405518,3.3489999771118164,2.0363498497029164,3.210871599283819,3.565700054168701,0.03872732682661577,0.09709089452570135,0.05836356769908558,3.459199905395508,3.2987000942230225,1.9312984451510344,2.822861893525534,3.5369999408721924,0.03872724012895064,0.1090181524103338,0.07029091228138316,3.430500030517578,3.2372000217437744,1.7411630610150506,2.16641068073777,3.506500005722046,0.039018197493119675,0.12912724234841086,0.0901090448552912,3.399199962615967,3.151400089263916,1.4642682270024208,1.2897949461939477,3.470599889755249,0.039745417508212005,0.1540726748379794,0.1143272573297674,3.361299991607666,3.0469000339508057,1.2033768571573313,0.5556797491167909,3.4309000968933105,0.039309154857288704,0.18225461786443536,0.14294546300714667,3.3227999210357666,2.9296998977661133,1.0097897238154856,0.09260716182619122,3.3893001079559326,0.03989098288796165,0.32345459677956323,0.28356361389160156,3.279599905014038,2.499799966812134,4.901072404674767,25.7573213836951,3.3447999954223633,0.03923632881858132,0.2597818374633789,0.28356361389160156,3.2369000911712646,2.6303999423980713,0.5603648555181014,-0.6014624841430032
0.5C0.5C_3-6_870cyc,4.133800029754639,0.03792728077281605,0.12738184495405716,0.08945456418124112,4.0295000076293945,3.7834999561309814,2.3921280774418614,4.34127650457576,4.083700180053711,0.04149098829789595,0.10556368394331499,0.06407269564541904,3.969599962234497,3.7934000492095947,2.441464222714592,4.589408717133111,4.062399864196777,0.039999961853027344,0.09756357019597833,0.057563608342950996,3.952399969100952,3.794100046157837,2.2858291819022263,4.07879043714439,4.013700008392334,0.040909073569557884,0.08970910852605646,0.04880003495649858,3.90120005607605,3.7669999599456787,2.1548263273788963,3.6582309158938218,3.9567999839782715,0.039854569868607956,0.08309086886319247,0.04323629899458452,3.8471999168395996,3.728300094604492,2.1434874786390914,3.63160778362717,3.9166998863220215,0.038872718811035156,0.0798545317216353,0.04098181291060014,3.809799909591675,3.6970999240875244,2.1547319096254394,3.6787816722076476,3.8854000568389893,0.040000048550692474,0.07920005104758522,0.039200002496892754,3.775399923324585,3.66759991645813,2.0569093319027316,3.3586183856151983,3.848599910736084,0.03898178447376598,0.07996359738436612,0.04098181291060014,3.7414000034332275,3.628700017929077,2.037718122489264,3.296052878999732,3.8020999431610107,0.038872718811035156,0.08032729408957741,0.04145457527854226,3.695199966430664,3.581199884414673,2.0144120461152277,3.215304407498392,3.7434000968933105,0.03989098288796165,0.08043635975230824,0.04054537686434659,3.633699893951416,3.522200107574463,2.0076631733455823,3.182687679729759,3.6905999183654785,0.03854543512517756,0.08010907606645064,0.04156364094127308,3.5845999717712402,3.4702999591827393,2.0871435419841213,3.436957095032553,3.6522998809814453,0.0381454120982777,0.08090903542258522,0.042763623324307526,3.5473999977111816,3.429800033569336,2.111040785096633,3.5062495599727335,3.6210999488830566,0.039054523814808235,0.08396365425803444,0.044909130443226204,3.513700008392334,3.390199899673462,2.072693698064927,3.3600776053786507,3.592400074005127,0.03981824354691939,0.08872725746848366,0.04890901392156428,3.4828999042510986,3.348400115966797,1.999243852572786,3.090913874538825,3.564300060272217,0.039963635531338776,0.09698182886297052,0.057018193331631745,3.454400062561035,3.297600030899048,1.8892579257448245,2.6845044372401627,3.5362000465393066,0.039927309209650215,0.10952732779762962,0.0696000185879794,3.4263999462127686,3.234999895095825,1.694863641343099,2.0194179129624166,3.50570011138916,0.03843636946244673,0.1310182051225142,0.09258183566006747,3.4000000953674316,3.145400047302246,1.4363153846681522,1.2117809120803988,3.4677999019622803,0.03869091380726208,0.1582181236960671,0.11952720988880504,3.3613998889923096,3.0327000617980957,1.1757345696411432,0.48783977928213895,3.428299903869629,0.03872724012895064,0.18716361305930398,0.14843637293035333,3.3217999935150146,2.913599967956543,0.9857786083424048,0.0407924234190995,3.3861000537872314,0.03938180750066584,0.32229094071821734,0.2829091332175515,3.2778000831604004,2.499799966812134,5.35344493079883,30.911452985893348,3.339900016784668,0.03876365314830433,0.2671272971413352,0.2829091332175515,3.233299970626831,2.605299949645996,0.533145680186096,-0.6375563792319516
0.5C0.5C_3-7_870cyc,4.133999824523926,0.037999933416193184,0.12636358087713068,0.0883636474609375,4.0295000076293945,3.7864999771118164,2.3401922406140874,4.15531667988103,4.083099842071533,0.04138174923983487,0.10505450855601918,0.06367275931618431,3.9693000316619873,3.7941999435424805,2.3853033823305014,4.3861620691520775,4.061500072479248,0.04029091921719638,0.0975273305719549,0.05723641135475852,3.950700044631958,3.793299913406372,2.230508697231852,3.8845507916592084,4.01200008392334,0.04054546356201172,0.08985458720814098,0.049309123646129265,3.9005000591278076,3.764899969100952,2.11921860250489,3.5350567250421383,3.9551000595092773,0.03981824354691939,0.08345456556840376,0.043636322021484375,3.845599889755249,3.725600004196167,2.114129700140904,3.52721701878136,3.9151999950408936,0.039018197493119675,0.08029088107022372,0.04127268357710405,3.8078999519348145,3.6944000720977783,2.1239443894392687,3.569513348754648,3.8828999996185303,0.039963635531338776,0.0795636610551314,0.03960002552379261,3.7730000019073486,3.664099931716919,2.0397104794314367,3.293309625742455,3.8424999713897705,0.038072759454900566,0.07974546605890448,0.041672706604003906,3.737799882888794,3.623199939727783,2.057126244951823,3.3539870507115284,3.7950000762939453,0.03847278248180042,0.07970913973721591,0.04123635725541548,3.689199924468994,3.5757999420166016,2.0179676331662133,3.2233155613158564,3.7437000274658203,0.039200002496892754,0.08036362041126598,0.04116361791437322,3.6359000205993652,3.522700071334839,2.0010916894161577,3.1621553375975004,3.6940999031066895,0.038218151439319954,0.08072723041881215,0.04250907897949219,3.5889999866485596,3.472100019454956,2.052351949526284,3.320323409332423,3.6540000438690186,0.03960002552379261,0.08152727647261186,0.041927250948819245,3.545099973678589,3.429800033569336,2.0306340520748787,3.2360042544182885,3.6215999126434326,0.03869091380726208,0.08432726426558061,0.045636350458318535,3.515199899673462,3.389699935913086,2.0416374199926066,3.2558532770252606,3.592400074005127,0.039054610512473366,0.08879999680952592,0.04974538629705256,3.484999895095825,3.3482000827789307,1.986258718755625,3.0485554295459423,3.5632998943328857,0.03938180750066584,0.09614545648748224,0.056763648986816406,3.4549999237060547,3.2988998889923096,1.8811703688080446,2.665881828975432,3.5332000255584717,0.03927274183793501,0.10723634199662642,0.0679636001586914,3.4251999855041504,3.238300085067749,1.7127934482403933,2.0866926966296866,3.5013999938964844,0.03818182511763139,0.12545455585826526,0.08727273074063388,3.396399974822998,3.156399965286255,1.4866690870207784,1.3702671257437116,3.4653000831604004,0.0397818305275657,0.14781821857799182,0.10803638805042613,3.3559000492095947,3.058799982070923,1.2323692614459916,0.6425119191790429,3.425100088119507,0.03850910880348899,0.1748000058260831,0.13629089702259412,3.319200038909912,2.9444000720977783,1.0413873810296743,0.17587464756341387,3.3838999271392822,0.03858176144686612,0.3214908946644176,0.2829091332175515,3.2778000831604004,2.499799966812134,4.820412226727558,24.86165197786619,3.3380000591278076,0.04014544053511186,0.25487275557084516,0.2829091332175515,3.22760009765625,2.6370999813079834,0.5591864074605499,-0.6016914917751293
0.5C1C_3-8_1200cyc,4.125100135803223,0.0377455624667081,0.1529818448153409,0.11523628234863281,4.021299839019775,3.704400062561035,2.136570984962222,3.325358893650386,4.078199863433838,0.04210905595259233,0.12836360931396484,0.08625455336137251,3.962399959564209,3.7251999378204346,2.196815540485568,3.6306562630024874,4.0457000732421875,0.040654529224742546,0.11712733182040128,0.07647280259565874,3.9339001178741455,3.723599910736084,2.155154507370255,3.5366039536108342,3.986799955368042,0.0410545522516424,0.10687273198908026,0.06581817973743785,3.8738999366760254,3.6928999423980713,2.134651653933456,3.4964996414273806,3.933799982070923,0.039854569868607956,0.10014542666348544,0.06029085679487749,3.824199914932251,3.658400058746338,2.16838926132381,3.6264808345441937,3.898400068283081,0.0403999848799272,0.09694550254128197,0.05654551766135476,3.7873001098632812,3.6317999362945557,2.1349047336591185,3.5226660721010683,3.862499952316284,0.040036374872381035,0.09709089452570135,0.05705451965332031,3.7523999214172363,3.5954999923706055,2.090066098866997,3.3745201144190435,3.81820011138916,0.039127349853515625,0.0981454849243164,0.05901813507080078,3.710599899291992,3.54830002784729,2.066664681218232,3.2908518796890966,3.7669999599456787,0.039200002496892754,0.09999994798140092,0.06079994548450817,3.6591999530792236,3.492000102996826,2.0503460662889723,3.2220663306245703,3.716200113296509,0.03883639248934659,0.10076366771351207,0.06192727522416548,3.6094000339508057,3.4391000270843506,2.0450789137222785,3.191714935899105,3.672600030899048,0.04043639789928089,0.10207271575927734,0.06163631785999645,3.5613999366760254,3.391900062561035,2.0128498046163035,3.064958558430363,3.638000011444092,0.03858184814453125,0.10381819985129616,0.06523635170676491,3.531899929046631,3.3524999618530273,2.006271127919399,3.0311306819340214,3.6080000400543213,0.039818156849254265,0.10880002108487216,0.0689818642356179,3.498500108718872,3.308799982070923,1.9234647828923948,2.731132026473989,3.579400062561035,0.03869091380726208,0.11589093641801314,0.07720002261075107,3.4730000495910645,3.260699987411499,1.8323730308272417,2.4083895203761463,3.5513999462127686,0.0403999848799272,0.12690908258611505,0.08650909770618785,3.4402999877929688,3.202399969100952,1.6604639984447582,1.831518469266709,3.523699998855591,0.04021817987615412,0.1409818475896662,0.10076366771351207,3.413100004196167,3.135999917984009,1.4815516397562787,1.2756077055027566,3.49399995803833,0.03843636946244673,0.15654546564275568,0.11810909618030895,3.3882999420166016,3.063499927520752,1.3190164431237286,0.8207945448782654,3.460599899291992,0.03949087316339666,0.17192727869207208,0.13243640552867542,3.3519999980926514,2.987799882888794,1.1523829069689635,0.3967268518220637,3.4251999855041504,0.039018197493119675,0.18996360085227273,0.15094540335915305,3.3178999423980713,2.9028000831604004,1.0034799940775723,0.06752194553165136,3.3880999088287354,0.03938180750066584,0.3230909000743519,0.2837090925736861,3.2797999382019043,2.4995999336242676,4.5361003892496905,21.945879752453553,3.3461999893188477,0.03952728618275036,0.24865453893488104,0.2837090925736861,3.237499952316284,2.662400007247925,0.6108270450689495,-0.536978248039893
0.5C1C_3-8_1320cyc,4.1200995445251465,0.03632996299050071,0.182689753445712,0.1463597904552113,4.0201921463012695,3.6177027225494385,7.595481629794532,65.2501531343121,4.074832916259766,0.03757918964732777,0.17437813498757102,0.13679894534024326,3.9714901447296143,3.5952930450439453,4.307447251032886,27.592854884662636,4.034224510192871,0.03859814730557529,0.16425661607222122,0.12565846876664596,3.928079605102539,3.5825188159942627,3.3636421544964694,18.206643940303206,3.971492290496826,0.03770516135475852,0.1518679532137784,0.11416279185901988,3.8678030967712402,3.5538554191589355,2.9864358861707765,15.024519261086986,3.92248797416687,0.037515813654119316,0.1477088061246005,0.11019299247048119,3.819319486618042,3.5162887573242188,2.5275219509419444,11.475400983072218,3.8874616622924805,0.03866975957697088,0.1506267027421431,0.11195694316517223,3.7811198234558105,3.473238229751587,2.0692194430371806,7.802595153963534,3.8484368324279785,0.036769780245694245,0.15544986724853516,0.11868008700284091,3.7473199367523193,3.420949697494507,2.0245648399807727,7.369583960660346,3.8007972240448,0.039071603254838425,0.157267917286266,0.11819631403142755,3.693350315093994,3.3683104515075684,2.024565881173457,7.181845447990174,3.7478699684143066,0.03772917660799893,0.15701866149902344,0.1192894848910245,3.6441147327423096,3.316068649291992,2.180885095399898,8.285705107099325,3.698665142059326,0.036606095053932884,0.15707787600430576,0.12047178095037286,3.5979983806610107,3.2667009830474854,2.2313493328097875,8.765751078772347,3.6592373847961426,0.038612625815651634,0.16049376401034268,0.12188113819469105,3.5530526638031006,3.2178795337677,2.038613496025698,7.410947673925527,3.626864433288574,0.037999413230202415,0.16978402571244675,0.13178461248224432,3.5223660469055176,3.1599583625793457,1.910596639840096,6.514496126380909,3.597881555557251,0.03810934586958452,0.183540864424272,0.1454315185546875,3.4930808544158936,3.093144178390503,1.7945141670465878,5.616319007163593,3.569960832595825,0.03721956773237749,0.20181326432661575,0.16459369659423828,3.467607021331787,3.014974355697632,1.7347163840206963,5.074828745527503,3.543245792388916,0.03813613544810902,0.22381981936368076,0.18568368391557175,3.438371419906616,2.927741289138794,1.712886496253396,4.514427752717631,3.5167484283447266,0.037362618879838425,0.2503527727994052,0.21299015391956677,3.414001226425171,2.8282783031463623,1.7817822958723943,4.39335657881005,3.487842082977295,0.03630950234153054,0.2882755452936346,0.25196604295210406,3.387990951538086,2.6950843334198,1.6793524149295536,3.532443400790924,3.454768657684326,0.03754737160422585,0.34731292724609375,0.3097655556418679,3.351513385772705,2.4996581077575684,1.4176875817043326,1.9379034050157866,3.420489549636841,0.036357966336337005,0.3348520452325994,0.29849407889626245,3.320505142211914,2.4996464252471924,2.9841286376086664,9.147191275219742,3.3840856552124023,0.0388314507224343,0.32160368832674896,0.28277223760431464,3.277299165725708,2.4996755123138428,5.319465889776236,30.46649180568575,3.3436245918273926,0.03799083016135476,0.3067804683338512,0.26878963817249646,3.239149808883667,2.4999783039093018,0.5063777249386543,-0.624743381862447
0.5C1C_3-8_990cyc,4.13539981842041,0.0387999794699929,0.12658171220259232,0.08778173273259943,4.02869987487793,3.7873001098632812,2.3467654694138558,4.178329886617689,4.082900047302246,0.04214546897194602,0.10450909354469994,0.062363624572753906,3.9670000076293945,3.7955000400543213,2.4014566364399954,4.443171919525747,4.061399936676025,0.04080000790682706,0.09625452215021307,0.05545451424338601,3.949199914932251,3.7967000007629395,2.2448444139751818,3.935996225515489,4.0121002197265625,0.03927282853560014,0.08854553916237572,0.049272710626775566,3.904099941253662,3.7685999870300293,2.1562299252537156,3.6636264109788925,3.954699993133545,0.03829089078036221,0.08214543082497337,0.04385454004461115,3.849400043487549,3.728800058364868,2.150876017012301,3.6576040597421517,3.9144999980926514,0.0394545468417081,0.07898183302445845,0.03952728618275036,3.805999994277954,3.6972999572753906,2.113569094221036,3.5379656756829343,3.8815999031066895,0.038218151439319954,0.07818178697065874,0.039963635531338776,3.7764999866485596,3.666599988937378,2.08596318907339,3.453842337045532,3.84089994430542,0.0394545468417081,0.07861813631924716,0.03916358947753906,3.7323999404907227,3.6247000694274902,2.0121089156264182,3.208658178990019,3.7929000854492188,0.039309154857288704,0.07887276736172763,0.03956361250443892,3.684799909591675,3.5759999752044678,1.993698712045954,3.1457567853130666,3.742300033569336,0.03832730379971591,0.07967272671786221,0.04134542291814631,3.636899948120117,3.523200035095215,2.028395813911614,3.2553905991049037,3.69350004196167,0.03938180750066584,0.08032729408957741,0.040945486588911575,3.585200071334839,3.472599983215332,2.026528119742444,3.234003837568168,3.653599977493286,0.03876365314830433,0.08138179779052734,0.042618144642223015,3.546999931335449,3.429800033569336,2.0619025881266015,3.3404044033389875,3.6212000846862793,0.0394545468417081,0.08447274294766513,0.04501819610595703,3.512700080871582,3.3889000415802,2.034561805563752,3.2300701218376418,3.5915000438690186,0.03869091380726208,0.08898180181329901,0.050290888006036934,3.485100030899048,3.3468000888824463,2.0060808950148337,3.1120417615967177,3.5620999336242676,0.03854543512517756,0.09650906649502841,0.05796363136985085,3.4560999870300293,3.2967000007629395,1.9069753595786538,2.7483388086376186,3.531599998474121,0.03854543512517756,0.10752729936079546,0.0689818642356179,3.425600051879883,3.2358999252319336,1.7334332349251924,2.14883599698,3.4997000694274902,0.039127263155850495,0.12512727217240768,0.08600000901655717,3.3921000957489014,3.155600070953369,1.4878930606857026,1.3659898581255554,3.464200019836426,0.03938180750066584,0.14563638513738458,0.10625457763671875,3.3559000492095947,3.063699960708618,1.2703121627766674,0.7362864323028684,3.424999952316284,0.039200002496892754,0.1703272732821378,0.13112727078524503,3.317199945449829,2.9565999507904053,1.0748364434706512,0.2467636905749746,3.384000062942505,0.03949095986106179,0.3215636340054599,0.2820726741443981,3.275399923324585,2.4997000694274902,4.163090690998993,18.303916011323505,3.3385000228881836,0.03865458748557351,0.2405454462224787,0.2820726741443981,3.2321999073028564,2.677000045776367,0.6257626047741772,-0.4987974875969772
0.5C1C_4-4_1155cyc,4.124199867248535,0.039927222511985085,0.15309082378040662,0.11316360126842152,4.014400005340576,3.703200101852417,2.1537764668461876,3.3844884015710193,4.077899932861328,0.04050905054265803,0.12832728299227628,0.08781823244961826,3.9665000438690186,3.7249999046325684,2.2310717825303823,3.758551994737954,4.0457000732421875,0.04061820290305398,0.11636369878595526,0.07574549588290128,3.934000015258789,3.7256999015808105,2.1789890128609173,3.62327432282557,3.9870998859405518,0.03949087316339666,0.10585446791215376,0.0663635947487571,3.878499984741211,3.696000099182129,2.17160358278614,3.6309449938195764,3.934299945831299,0.03952728618275036,0.09905450994318182,0.059527223760431465,3.8255999088287354,3.661900043487549,2.1881660612487996,3.7021837557124178,3.898900032043457,0.03941822052001953,0.09701815518465909,0.05759993466463956,3.7904999256134033,3.6321001052856445,2.1673329626324427,3.638189724812742,3.8635001182556152,0.040836420926180755,0.09763639623468573,0.056799975308504974,3.751199960708618,3.5950000286102295,2.095970144289598,3.3947703338539927,3.819700002670288,0.04047272422096946,0.09840002926913174,0.057927305048162285,3.708400011062622,3.549099922180176,2.0637558038377257,3.281497442703583,3.768399953842163,0.0400727011940696,0.09898177060213956,0.058909069408069954,3.6582000255584717,3.4962000846862793,2.0480093877726047,3.2198826918580954,3.7153000831604004,0.03872732682661577,0.0991273359818892,0.06040000915527344,3.608799934387207,3.442699909210205,2.063372956548938,3.2605682402901266,3.6717000007629395,0.039999961853027344,0.10007268732244318,0.06007272546941584,3.5617001056671143,3.3965001106262207,2.0419467828307463,3.1699810905618566,3.637500047683716,0.039854569868607956,0.10352732918479225,0.06367275931618431,3.527899980545044,3.352799892425537,2.00998848479023,3.0444320765465696,3.6075000762939453,0.03847278248180042,0.10829093239524147,0.06981814991344105,3.501699924468994,3.3097000122070312,1.9618179327977425,2.86352031079962,3.579200029373169,0.03876365314830433,0.1159272627397017,0.07716360959139737,3.472599983215332,3.2604000568389893,1.8460932191320414,2.4545139217682665,3.551800012588501,0.03843636946244673,0.1263636675747958,0.08792729811234908,3.4460999965667725,3.2042999267578125,1.6937276240504064,1.9403525102229375,3.5244998931884766,0.03898178447376598,0.14039993286132812,0.10141814838756215,3.41729998588562,3.138400077819824,1.494431872933616,1.3167232901197101,3.4953999519348145,0.038945458152077415,0.15843634171919388,0.11949088356711647,3.3882999420166016,3.0597000122070312,1.2986435524009834,0.765040628724019,3.4611001014709473,0.040000048550692474,0.1764000112360174,0.13639996268532492,3.351099967956543,2.9760000705718994,1.1223148556952502,0.32202569359180755,3.4249000549316406,0.03916367617520419,0.19538185813210227,0.15621818195689807,3.317199945449829,2.8875999450683594,0.9799153599554259,0.01378557870926933,3.387500047683716,0.03930906815962358,0.322800029407848,0.2834909612482244,3.279400110244751,2.499799966812134,4.940001305632605,26.209054741520696,3.345599889755249,0.038836305791681465,0.25669089230624115,0.2834909612482244,3.238800048828125,2.639699935913086,0.5856981973787929,-0.5696472687321159
0.5C1C_4-4_1215cyc,4.122207164764404,0.03612674366344105,0.1731433868408203,0.13701664317737927,4.022858619689941,3.6460628509521484,7.8159514822809735,69.78574019028937,4.076319217681885,0.04120766032825817,0.16473622755570846,0.12352856722745029,3.962998151779175,3.6232945919036865,3.9901149400119924,25.013543795361482,4.0399603843688965,0.04425872455943714,0.15663346377286044,0.1123747392134233,3.9182488918304443,3.6092183589935303,2.938373446354706,14.453687546478108,3.978928565979004,0.03826297413219105,0.14499196139248935,0.1067289872602983,3.8737053871154785,3.580200672149658,2.751945114584752,13.153910835632193,3.927802324295044,0.040032386779785156,0.14030309156938034,0.10027070478959517,3.8177132606506348,3.541968822479248,2.2867203908714435,9.599150456154304,3.8930726051330566,0.039420127868652344,0.14219206029718573,0.10277193242853339,3.7846672534942627,3.502044439315796,1.8761842060103977,6.511897448961719,3.856019973754883,0.038460644808682526,0.1465463638305664,0.10808571902188388,3.750253200531006,3.453017473220825,1.7764024983930127,5.704277248048138,3.810431957244873,0.03882130709561435,0.14866300062699753,0.10984169353138316,3.7036733627319336,3.40160870552063,1.8034717144711139,5.772779749128254,3.7569632530212402,0.03938111391934482,0.14843767339533026,0.10905655947598544,3.648665189743042,3.348759651184082,1.9166124487808531,6.4710225782879505,3.7043991088867188,0.03778006813742898,0.14781050248579544,0.11003043434836647,3.600503921508789,3.2979202270507812,2.030591709244209,7.430051023766033,3.6630823612213135,0.039733539928089485,0.15171354467218573,0.11198000474409624,3.5538151264190674,3.2458701133728027,1.865142798783613,6.354106970206427,3.630274534225464,0.0378860126842152,0.1599017923528498,0.12201577966863458,3.526087999343872,3.190544605255127,1.7200901577717254,5.467683535232684,3.600823163986206,0.03851370377974077,0.17338614030317825,0.1348724365234375,3.494910478591919,3.124011278152466,1.5832018948009723,4.495679217505414,3.572903633117676,0.0398811860518022,0.19063229994340378,0.15075111389160156,3.4632303714752197,3.0486648082733154,1.4924038841574603,3.78171657293462,3.546084403991699,0.03816405209628018,0.21305673772638495,0.17489268563010477,3.4411332607269287,2.9601783752441406,1.5166855770864323,3.6403373885201926,3.5192131996154785,0.03789112784645774,0.24283244393088602,0.20494131608442825,3.4150125980377197,2.851423978805542,1.675209668806402,3.9234822247168575,3.489927291870117,0.038735909895463425,0.2829699082808061,0.24423399838534268,3.3834035396575928,2.7117600440979004,1.6738124675819557,3.499344523896922,3.455517530441284,0.03898325833407315,0.34750140797008167,0.30851814963600854,3.348313570022583,2.4998886585235596,1.3906739789614877,1.9334764153391681,3.419806957244873,0.038111513311212715,0.33451383764093573,0.296402324329723,3.315000295639038,2.4998939037323,3.006648225461369,9.298840147620018,3.382333993911743,0.03924482518976385,0.32092553919011896,0.2816807140003551,3.2744107246398926,2.499788761138916,5.423173088943603,31.702606664561053,3.3405425548553467,0.03781951557506214,0.3067863637750799,0.26896684820001776,3.236538887023926,2.496880054473877,0.5064478662685195,-0.6489240896842636
0.5C1C_4-5_1050cyc,4.11959981918335,0.03832713040438565,0.16952722722833807,0.13120009682395242,4.014200210571289,3.65339994430542,2.080012924131891,3.0785937638416287,4.075900077819824,0.04040007157759233,0.14229089563543146,0.10189082405783913,3.9647998809814453,3.6846001148223877,2.158662055948924,3.466578330429231,4.035699844360352,0.04058178988370029,0.12799991260875354,0.08741812272505327,3.924099922180176,3.6837000846862793,2.1457462869826496,3.47175197866692,3.9723000526428223,0.0394545468417081,0.116290959444913,0.0768364126032049,3.863800048828125,3.6524999141693115,2.1667562754379572,3.575485616162017,3.92330002784729,0.04120003093372692,0.11014548214999112,0.0689454512162642,3.809999942779541,3.6203999519348145,2.164683247641766,3.5786050169136345,3.8889000415802,0.04130909659645774,0.1087636947631836,0.06745459816672585,3.7753000259399414,3.5897998809814453,2.123087852930427,3.445324836944228,3.8512001037597656,0.04050913724032315,0.10949091477827592,0.06898177753795277,3.739799976348877,3.550100088119507,2.0877678851850243,3.323289526456927,3.8059000968933105,0.03967276486483487,0.11080004952170631,0.07112728465687145,3.6967999935150146,3.501199960708618,2.0613177714286586,3.226014165216239,3.7483999729156494,0.03898178447376598,0.11170907454057173,0.07272729006680576,3.641200065612793,3.441200017929077,2.0543921125182485,3.1885572728572527,3.6933999061584473,0.04061811620538885,0.11156359585848721,0.07094547965309837,3.581700086593628,3.3866000175476074,2.0358785699532698,3.1074259852904165,3.6549999713897705,0.04029091921719638,0.11392723430286754,0.07363631508567116,3.5441999435424805,3.3417000770568848,2.011413380370398,3.008499476536506,3.624500036239624,0.040000048550692474,0.1178909648548473,0.07789091630415483,3.5144999027252197,3.300299882888794,1.956176768489337,2.804959653820018,3.5966999530792236,0.039999961853027344,0.1244363784790039,0.08443641662597656,3.4867000579833984,3.254499912261963,1.860056491479001,2.464406552446329,3.5703001022338867,0.03967276486483487,0.13334551724520596,0.0936727523803711,3.461199998855591,3.2035999298095703,1.731208725948385,2.02517415361452,3.545300006866455,0.03872724012895064,0.14534542777321555,0.10661818764426491,3.438800096511841,3.1456000804901123,1.581056000685139,1.5429709005720644,3.5208001136779785,0.03898187117143111,0.16083639318292792,0.12185452201149681,3.413599967956543,3.0785000324249268,1.3995027679037926,1.0065413858006336,3.4921998977661133,0.03861817446621982,0.17792727730490945,0.13930910283868964,3.385999917984009,3.0028998851776123,1.2256529468742947,0.5516113436661314,3.4567999839782715,0.03858184814453125,0.19472729076038708,0.15614544261585583,3.3506999015808105,2.921299934387207,1.083441005338688,0.21363154974729381,3.421600103378296,0.03967276486483487,0.21043638749556107,0.1707636226307262,3.3125,2.842900037765503,0.9436232214677662,-0.07081673073255468,3.382999897003174,0.03963635184548118,0.32116361097856,0.28152725913307886,3.2739999294281006,2.499799966812134,5.56220163597598,33.489047780894445,3.3403000831604004,0.03858184814453125,0.2676363858309659,0.28152725913307886,3.2342000007629395,2.604300022125244,0.547576584074603,-0.610890791593476
0.5C1C_4-5_1110cyc,4.116199970245361,0.040109114213423294,0.17967267469926315,0.13956356048583984,4.005899906158447,3.6221001148223877,1.9827563097040184,2.7066034496773197,4.073500156402588,0.043018254366787995,0.1507636850530451,0.1077454306862571,3.955199956893921,3.658900022506714,2.0624320390056963,3.0966588326044313,4.027900218963623,0.04065461592240767,0.13501826199618253,0.09436364607377486,3.916100025177002,3.656599998474121,2.0823657020114674,3.220058979303743,3.963200092315674,0.039963635531338776,0.12301817807284268,0.0830545425415039,3.853300094604492,3.6249001026153564,2.114052711578757,3.359187507320038,3.9170000553131104,0.0403999848799272,0.11716365814208984,0.07676367326216264,3.8059000968933105,3.5947999954223633,2.1219250833629175,3.399103750358635,3.8819000720977783,0.04152731461958452,0.11640002510764381,0.07487271048805931,3.767699956893921,3.561800003051758,2.0685326553071923,3.2219829466142285,3.8427999019622803,0.04032724553888494,0.11796361749822443,0.07763637195933949,3.7318999767303467,3.518399953842163,2.037272165153805,3.1127054894748136,3.795599937438965,0.03963635184548118,0.11967268857088956,0.08003633672540839,3.6865999698638916,3.4665000438690186,2.008993404311163,3.007713210917001,3.7367000579833984,0.039200002496892754,0.12003638527610085,0.0808363827792081,3.6289000511169434,3.406599998474121,1.9963970941747888,2.951773999644444,3.6849000453948975,0.03974550420587713,0.12050914764404297,0.08076364343816583,3.5755999088287354,3.3534998893737793,1.9814548653053243,2.8839500854882516,3.6486001014709473,0.04050913724032315,0.12312733043323863,0.08261819319291548,3.5371999740600586,3.309999942779541,1.9344555353360275,2.710380397478559,3.61899995803833,0.04021817987615412,0.12770904194224963,0.08749086206609552,3.5083999633789062,3.2678000926971436,1.8670956288501173,2.470561541609146,3.591900110244751,0.04018185355446555,0.13469097831032492,0.09450912475585938,3.4814000129699707,3.2214999198913574,1.7642938905267835,2.118343081047689,3.5660998821258545,0.038909045132723724,0.14414544539018112,0.10523640025745738,3.4591000080108643,3.1696999073028564,1.6433084768847954,1.7232063438785605,3.5420000553131104,0.039963635531338776,0.1557090932672674,0.11574545773592862,3.4321000576019287,3.113800048828125,1.4850840807439405,1.2352989386996134,3.5185000896453857,0.039054610512473366,0.17043642564253372,0.13138181513006036,3.411099910736084,3.049799919128418,1.3256082359233605,0.797238309083979,3.4907000064849854,0.03876365314830433,0.18607269633900037,0.14730904319069602,3.3840999603271484,2.9790000915527344,1.16833278315146,0.40600796265756767,3.4560999870300293,0.03898178447376598,0.20130911740389737,0.16232733293013138,3.348900079727173,2.9024999141693115,1.0367123977485366,0.10878520379177248,3.421799898147583,0.04061811620538885,0.21592721072110263,0.17530909451571378,3.3101000785827637,2.828000068664551,0.8924987527014533,-0.16986043890794011,3.384700059890747,0.040654529224742546,0.32178185202858667,0.2811273228038441,3.272900104522705,2.499799966812134,5.715519758823812,35.316281364514595,3.3429999351501465,0.03836363012140447,0.26872721585360443,0.2811273228038441,3.237499952316284,2.6040000915527344,0.5437016272780373,-0.6131573124606362
0.5C2C_2-1_1030cyc,4.145529747009277,0.037040883844549004,0.1292606700550426,0.0922197862104936,4.043667316436768,3.79006290435791,5.280457669674924,42.498049344851616,4.086622714996338,0.038149573586203835,0.11751937866210938,0.07936980507590553,3.9817113876342773,3.763444423675537,2.4219612652259275,12.46698628700648,4.069789409637451,0.03764299912886186,0.11808551441539418,0.08044251528653232,3.966271162033081,3.745054244995117,1.4859524893758311,3.7208672219470875,4.027289867401123,0.036445877768776634,0.11404470963911577,0.07759883187033913,3.9270637035369873,3.7136669158935547,1.5138465567492065,3.4000144385893867,3.970123767852783,0.036292769692160866,0.10551374608820135,0.06922097639604048,3.870318651199341,3.6799609661102295,1.4519902829198235,3.0492179975720806,3.92490816116333,0.0360481088811701,0.10320897535844283,0.06716086647727272,3.8257758617401123,3.6410834789276123,1.2918251252510577,2.4449459429708673,3.893054246902466,0.03537750244140625,0.10346976193514737,0.06809225949374112,3.7957661151885986,3.6085124015808105,1.0682582346732463,1.35348142433498,3.8549082279205322,0.03706403212113814,0.1082122109153054,0.07114817879416725,3.7529821395874023,3.5573246479034424,0.9909272906410561,0.9858280890539439,3.8030617237091064,0.0366836894642223,0.1073944785378196,0.0707107890735973,3.702181577682495,3.5077269077301025,0.9881716620144094,0.9772139800508786,3.7496531009674072,0.035986900329589844,0.10677701776677911,0.07079011743718927,3.650689125061035,3.4560163021087646,1.0796212741348559,1.3007528752651591,3.7004215717315674,0.03551881963556463,0.10638002915815874,0.0708612095225941,3.6027448177337646,3.407876491546631,1.1433447069795097,1.6133954404212085,3.66050124168396,0.03578550165349787,0.10847932642156427,0.0726938247680664,3.562091112136841,3.362183094024658,1.076373334231766,1.3875131887471994,3.6272528171539307,0.03718402168967507,0.1135322397405451,0.07634821805087003,3.524996757507324,3.3150391578674316,0.9869490215681903,1.0272141895717537,3.5975186824798584,0.03792641379616477,0.12135297601873224,0.08342656222256747,3.4932210445404053,3.2637979984283447,0.8993431466567281,0.7380304299738385,3.5674071311950684,0.03819465637207031,0.13445776159113104,0.09626310521906073,3.462371826171875,3.197648286819458,0.8200486138575135,0.5611588126376779,3.5350241661071777,0.037138938903808594,0.15114896947687323,0.11401003057306464,3.432892084121704,3.1193645000457764,0.7441666219527973,0.343198491235277,3.4972612857818604,0.03704660589044744,0.14664121107621628,0.10959460518576881,3.39538311958313,3.0939979553222656,0.8782533552422327,0.6389335833961525,3.4561448097229004,0.03841755606911399,0.2372178164395419,0.19880026037042792,3.350496530532837,2.80379581451416,0.9011464004720084,0.7334763386797167,3.411363363265991,0.037691809914328835,0.33143346959894354,0.2937416596846147,3.307710886001587,2.4999213218688965,0.9283089204010254,-0.0005429222638833053,3.363574504852295,0.037597916342995384,0.31406246532093396,0.27646454897793854,3.2601802349090576,2.4999027252197266,3.5272501589733776,12.610351312044065,3.3130269050598145,0.03817558288574219,0.29582231695001776,0.2576467340642756,3.2080440521240234,2.4995155334472656,0.4393310097832444,-0.6459256634494568
0.5C2C_2-1_1120cyc,4.141127586364746,0.0376786318692294,0.13993982835249466,0.10226119648326527,4.037511348724365,3.7562930583953857,6.064356639249503,51.73167855247393,4.084625244140625,0.03801952708851208,0.12832910364324396,0.09030957655473189,3.980071544647217,3.731720209121704,2.7482614790628292,15.053419798413003,4.064725875854492,0.03732230446555398,0.12942435524680398,0.09210205078125,3.9620895385742188,3.7088088989257812,1.9383631437846072,6.807011588592935,4.017853736877441,0.03777434609153054,0.12189665707674893,0.0841223109852184,3.9139742851257324,3.682637929916382,1.7338562357263712,4.909223150355362,3.960101842880249,0.03718124736439098,0.11361668326637962,0.07643543590198863,3.857853412628174,3.647655963897705,1.62928211185405,4.378910763116915,3.9184229373931885,0.03708813407204368,0.11111190102317116,0.07402376695112749,3.8164305686950684,3.6128652095794678,1.350769316841941,2.9325067576121873,3.8859238624572754,0.03780997883189808,0.11469702287153764,0.07688704403963956,3.7819464206695557,3.570507049560547,1.1517791257767724,1.8312565689594962,3.8442182540893555,0.03639160503040661,0.11543464660644531,0.07904304157603871,3.7441413402557373,3.526772975921631,1.0899565496589494,1.5523471715065504,3.79089617729187,0.03551171042702415,0.11656648462468927,0.08105477419766513,3.6932389736175537,3.4703383445739746,1.1894313351026293,2.048116069306106,3.7385756969451904,0.035468881780450996,0.11543091860684482,0.07996203682639381,3.64103627204895,3.421140670776367,1.2712994483480575,2.3881366233124037,3.691803455352783,0.03544157201593572,0.11579886349764737,0.08035729148171165,3.59433913230896,3.373356580734253,1.2801708170888781,2.4958333433823983,3.653764009475708,0.03612700375643643,0.11706629666415128,0.08093929290771484,3.554414749145508,3.331831693649292,1.2061049010897968,2.151961431803052,3.6220924854278564,0.037046259099786934,0.1257174231789329,0.08867116407914595,3.5202152729034424,3.276369571685791,1.1053056352720738,1.7421076718738515,3.5920472145080566,0.03769909251819958,0.13604302839799362,0.09834393587979404,3.488374710083008,3.217928886413574,1.0220472594855363,1.4237027478369146,3.562102794647217,0.0369651967828924,0.1507173018022017,0.11375210501930931,3.4604485034942627,3.147630214691162,0.970951513427019,1.2759726729140555,3.5288166999816895,0.03768990256569602,0.1716486323963512,0.13395872983065518,3.4251694679260254,3.0567829608917236,0.997093454772306,1.2653962531469078,3.4919636249542236,0.03572186556729404,0.1950808438387784,0.15935897827148438,3.393728494644165,2.955491304397583,1.1261314696217566,1.5860861242537796,3.4516031742095947,0.03643556074662642,0.2575550079345703,0.22111944718794388,3.351405382156372,2.7433269023895264,0.9705602790887519,1.1114675634595654,3.407977819442749,0.037940632213245735,0.3301911787553267,0.292250546542081,3.3036410808563232,2.4999520778656006,1.257896770298331,0.8020455467494783,3.361814498901367,0.03780304301868786,0.31341630762273615,0.2756132646040483,3.2578561305999756,2.4999196529388428,4.48430356646743,21.28078666949874,3.310584306716919,0.03818407925692471,0.2949966083873402,0.25681252913041547,3.205578088760376,2.4993436336517334,0.4523792473086528,-0.6417417060030015
0.5C2C_2-1_660cyc,4.162099838256836,0.03821806474165483,0.07181809165261009,0.033600026910955254,4.057000160217285,3.964600086212158,1.9359193442216736,2.9485553060724685,4.096399784088135,0.03843628276478161,0.05905446139248935,0.02061817862770774,3.9907000064849854,3.934000015258789,1.927402928918832,2.934088616945398,4.0792999267578125,0.036036317998712715,0.05327268080277876,0.01723636280406605,3.9802000522613525,3.932800054550171,1.6005772436500807,1.9522076694172048,4.056300163269043,0.03570912101052024,0.05356372486461292,0.017854603854092686,3.9581000804901123,3.9089999198913574,1.1547684326395866,0.7163545394156348,4.002299785614014,0.035127206282182175,0.05174541473388672,0.016618208451704544,3.9056999683380127,3.859999895095825,0.9139288666452703,0.09625112844209571,3.947700023651123,0.03490907495672053,0.04978179931640625,0.014872724359685724,3.8517000675201416,3.810800075531006,0.8607694237726475,-0.049703931251346756,3.911400079727173,0.034145441922274505,0.04810914126309482,0.013963699340820312,3.817500114440918,3.779099941253662,0.8522480000334818,-0.06963597547280687,3.8798000812530518,0.03403637625954368,0.04880003495649858,0.0147636586969549,3.7862000465393066,3.7455999851226807,0.8738973006068315,-0.00060543208231012,3.837399959564209,0.0338181582364169,0.04872729561545632,0.014909137379039417,3.7444000244140625,3.703399896621704,0.8582341161318965,-0.049208727002384656,3.7802000045776367,0.034218181263316765,0.04767270521684126,0.013454523953524504,3.6861000061035156,3.6491000652313232,0.7941337455844445,-0.18850610155732683,3.725100040435791,0.033600026910955254,0.0466545278375799,0.013054500926624645,3.632699966430664,3.5968000888824463,0.8363122497439961,-0.07062792694685349,3.678499937057495,0.034072702581232246,0.04658178849653764,0.012509085915305397,3.5848000049591064,3.5504000186920166,0.8525293281846897,-0.032523242205408476,3.642699956893921,0.03454546494917436,0.04680000651966442,0.012254541570490057,3.5476999282836914,3.5139999389648438,0.8414626432823338,-0.043304993255353086,3.612299919128418,0.03429092060435902,0.04778177087957209,0.013490850275213068,3.5179998874664307,3.4809000492095947,0.9989147230461942,0.35153564387099,3.5827999114990234,0.03487266193736683,0.049309036948464134,0.014436375011097301,3.4869000911712646,3.447200059890747,1.0472730808168738,0.477037472036399,3.5508999824523926,0.03574544733220881,0.051963632757013496,0.016218185424804688,3.4526000022888184,3.4079999923706055,1.1428195250870727,0.7117641181585022,3.5137999057769775,0.03563629497181286,0.05621814727783203,0.020581852306019176,3.415800094604492,3.3592000007629395,1.3497546559813653,1.2698369933025573,3.4709999561309814,0.03654540668834339,0.06625452908602628,0.029709122397682884,3.370500087738037,3.288800001144409,1.3471796893404526,1.2329774334892987,3.4226999282836914,0.03763632340864702,0.09098183025013316,0.05334550684148615,3.319200038909912,3.172499895095825,1.0843995910307942,0.4966138859866911,3.369800090789795,0.038145498795942825,0.31629094210537995,0.27814544330943713,3.264899969100952,2.5,2.5184168900070643,5.500040054820751,3.3166000843048096,0.03949095986106179,0.20309092781760477,0.27814544330943713,3.2079999446868896,2.7581000328063965,0.6149169972439419,-0.4545341417461022
0.5C2C_2-1_819cyc,4.156000137329102,0.03690910339355469,0.08640003204345703,0.049490928649902344,4.054500102996826,3.9184000492095947,2.30940610499894,4.182045510672985,4.0929999351501465,0.03959993882612749,0.07080000097101385,0.031200062144886364,3.984100103378296,3.8982999324798584,2.3158115253204397,4.229505254388016,4.076600074768066,0.03847278248180042,0.06512728604403409,0.026654503562233665,3.9707999229431152,3.8975000381469727,2.0105435859205376,3.24947949717307,4.047500133514404,0.03760008378462358,0.06218190626664595,0.024581822482022373,3.9440999031066895,3.876499891281128,1.5683941483302337,1.8873229811362737,3.9923999309539795,0.036981756036931816,0.05919994007457386,0.022218184037642044,3.890700101852417,3.8296000957489014,1.3710365635970636,1.3092420450885651,3.940999984741211,0.03669088537042791,0.05639995228160511,0.0197090669111772,3.840100049972534,3.785900115966797,1.328567062399108,1.1832340607874707,3.906599998474121,0.03690910339355469,0.05545451424338601,0.01854541084983132,3.8050999641418457,3.7541000843048096,1.268095000127789,1.011495054386903,3.873500108718872,0.0361091440374201,0.05534553527832031,0.01923639124090021,3.774199962615967,3.721299886703491,1.2773921898867877,1.0452508053815732,3.827199935913086,0.036254536021839485,0.054909099232066765,0.018654563210227272,3.7274999618530273,3.6761999130249023,1.2207973933393406,0.887084315635084,3.77239990234375,0.03538175062699751,0.05425453186035156,0.01887278123335405,3.675100088119507,3.623199939727783,1.3191991832325947,1.1917080458361644,3.7197000980377197,0.03563638166947798,0.05407272685657848,0.018436345187100498,3.6217000484466553,3.571000099182129,1.3325865620357886,1.2427410457033838,3.674799919128418,0.035963578657670456,0.054109053178267044,0.018145474520596592,3.575900077819824,3.5260000228881836,1.3864749472717517,1.3804277492978096,3.6396000385284424,0.036327275362881745,0.054836359891024505,0.018509084528142757,3.5397000312805176,3.488800048828125,1.4392612873191692,1.5305883378047023,3.609299898147583,0.03650908036665483,0.05632721294056286,0.019818132573908024,3.5088999271392822,3.454400062561035,1.5051681612916963,1.7233083690776478,3.5794999599456787,0.036872690374200996,0.058690851384943184,0.021818161010742188,3.478100061416626,3.418100118637085,1.56522704596839,1.8877308272186317,3.547300100326538,0.03756367076526989,0.06298186562278053,0.025418194857510654,3.444000005722046,3.3740999698638916,1.6253421195959856,2.048221922998784,3.5102999210357666,0.03723630038174716,0.06996362859552557,0.03272732821377841,3.407900094985962,3.3178999423980713,1.6807247675240256,2.184149157274401,3.4681999683380127,0.03818182511763139,0.08396365425803444,0.04578182914040305,3.3631999492645264,3.237299919128418,1.480280586528833,1.5365614537373995,3.4214999675750732,0.039090936834161934,0.11330907995050604,0.0742181431163441,3.313999891281128,3.1098999977111816,1.1660570540591422,0.6087332132539829,3.370699882507324,0.038036346435546875,0.31661813909357245,0.2785817926580256,3.2660999298095703,2.5,2.891673627287172,7.868729258853069,3.3178000450134277,0.03938180750066584,0.20858183774081143,0.2785817926580256,3.2095000743865967,2.7441999912261963,0.649408144997683,-0.3982584661671065
0.5C2C_2-1_880cyc,4.152599811553955,0.03665455904873935,0.09279996698552911,0.05614540793678977,4.051799774169922,3.89739990234375,2.379770744841058,4.413578855710777,4.091000080108643,0.0394545468417081,0.07654545523903587,0.03709090839732777,3.9825000762939453,3.880500078201294,2.4039603045878932,4.527588865794863,4.075200080871582,0.039927309209650215,0.07018184661865234,0.030254537409002132,3.965399980545044,3.882200002670288,2.050259183377477,3.369158311341674,4.042300224304199,0.03850919550115412,0.06672737815163353,0.028218182650479404,3.9363999366760254,3.858799934387207,1.7200663399603253,2.3407442130752374,3.9860999584198,0.03709090839732777,0.06276364759965376,0.025672739202325993,3.8840999603271484,3.813499927520752,1.5959285811625554,1.9666158515102214,3.936500072479248,0.036327275362881745,0.059745441783558235,0.02341816642067649,3.8366000652313232,3.772200107574463,1.613686939082252,2.0197421870240273,3.90339994430542,0.03752725774591619,0.0588363300670277,0.021309072321111507,3.8001999855041504,3.7416000366210938,1.4729707330805104,1.598711476504791,3.8694000244140625,0.037163647738370026,0.05858178572221236,0.02141813798384233,3.767199993133545,3.7083001136779785,1.4140224039155345,1.430748401464422,3.8213999271392822,0.03643634102561257,0.05843630704012784,0.02199996601451527,3.7211999893188477,3.6607000827789307,1.4737307319546695,1.6104734896512891,3.766900062561035,0.03683636405251243,0.057854565707120026,0.0210182016546076,3.665600061416626,3.607800006866455,1.4456703577478724,1.538847620799645,3.715100049972534,0.03658181970769709,0.057890892028808594,0.021309072321111507,3.614500045776367,3.5559000968933105,1.5188578419707093,1.753926739881213,3.6714999675750732,0.036036317998712715,0.05796363136985085,0.021927313371138138,3.5724000930786133,3.5120999813079834,1.638772111092821,2.1145194843620283,3.63700008392334,0.03698184273459695,0.05861819874156605,0.021636356006969105,3.5353000164031982,3.475800037384033,1.6151703380520808,2.0397436765389614,3.6066999435424805,0.0378181284124201,0.06119996851140803,0.023381840098987926,3.502700090408325,3.4384000301361084,1.660181947950468,2.168426633286707,3.5768001079559326,0.03727280009876598,0.06421826102516869,0.0269454609264027,3.474299907684326,3.4001998901367188,1.7677983373793962,2.4885652808308736,3.544600009918213,0.037163647738370026,0.06934547424316406,0.03218182650479404,3.4423999786376953,3.3538999557495117,1.8194470678396253,2.618937447544324,3.507699966430664,0.03749093142422763,0.07683632590553978,0.03934539448131214,3.404599905014038,3.2964000701904297,1.7356731308819109,2.32011870351925,3.46589994430542,0.03789086775346236,0.0942544937133789,0.05636362595991655,3.3617000579833984,3.206700086593628,1.511722317934075,1.5861742972797055,3.4198999404907227,0.03938180750066584,0.12425448677756569,0.08487267927689986,3.3115999698638916,3.078200101852417,1.188713110380994,0.6228942331792835,3.370300054550171,0.0394545468417081,0.3164727471091531,0.27701820026744495,3.2618000507354736,2.5,3.1054175341444243,9.339034955560686,3.3183000087738037,0.038036346435546875,0.21367272463711826,0.27701820026744495,3.21370005607605,2.7307000160217285,0.6588654218663252,-0.37619951035085464
0.5C2C_2-1_910cyc,4.151700019836426,0.037018169056285515,0.09585458582097833,0.058836416764692825,4.049900054931641,3.8880999088287354,2.3927032099802186,4.451226492553773,4.089900016784668,0.039200002496892754,0.07916363802823154,0.039963635531338776,3.982100009918213,3.8722000122070312,2.4336082295174983,4.627308294943667,4.073999881744385,0.03818173841996626,0.07076358795166016,0.03258184953169389,3.9690001010894775,3.8794000148773193,2.108814640030668,3.5626162212285104,4.039599895477295,0.03756358406760476,0.06778179515491832,0.030218211087313564,3.936300039291382,3.8531999588012695,1.8057055500086665,2.6045122017790208,3.982800006866455,0.037854541431773796,0.06436365300958807,0.026509111577814274,3.878700017929077,3.805799961090088,1.6262153736047014,2.049006721803657,3.9335999488830566,0.03741819208318537,0.0617454702203924,0.02432727813720703,3.830699920654297,3.7637999057769775,1.6448417118671943,2.1080289967292742,3.9007999897003174,0.03759999708695845,0.06018179113214666,0.02258179404518821,3.7973999977111816,3.735300064086914,1.5509589156401027,1.8266533666822955,3.8661999702453613,0.036145470359108665,0.05985450744628906,0.023709037087180397,3.7667999267578125,3.7016000747680664,1.57387171986969,1.9085151358798766,3.817199945449829,0.03669088537042791,0.059454484419389206,0.022763599048961292,3.7163000106811523,3.653700113296509,1.510851919024279,1.7158963666781588,3.7623000144958496,0.03654549338600852,0.05967270244251598,0.023127209056507458,3.661799907684326,3.5982000827789307,1.5829357450708814,1.9406006531241458,3.710700035095215,0.03745451840487393,0.059709115461869675,0.02225459705699574,3.6077001094818115,3.5464999675750732,1.552899924239677,1.8491795252148924,3.6682000160217285,0.03647275404496626,0.0591636137528853,0.022690859707919033,3.5678999423980713,3.505500078201294,1.6625671980619143,2.181133661667702,3.634000062942505,0.037127321416681465,0.060618227178400215,0.02349090576171875,3.531899929046631,3.4672999382019043,1.699154337658168,2.289633188107361,3.6036999225616455,0.03690910339355469,0.06334538893266158,0.026436285539106888,3.50219988822937,3.429500102996826,1.8021431850397585,2.5987090193306317,3.573499917984009,0.03807267275723544,0.06647266041148793,0.028399987654252487,3.4688000679016113,3.390700101852417,1.7742220662784223,2.491786297066346,3.541300058364868,0.03683636405251243,0.07080000097101385,0.03396363691850142,3.440000057220459,3.34660005569458,1.8345382047969239,2.656559604573661,3.503499984741211,0.03727271340110085,0.08105451410466974,0.04378180070356889,3.4010000228881836,3.280600070953369,1.7539698285203473,2.3561942955579784,3.461400032043457,0.03883639248934659,0.1002181660045277,0.06138177351518111,3.354599952697754,3.185800075531006,1.4622318078047407,1.4149763517035794,3.4149999618530273,0.03818182511763139,0.13236357948996805,0.09418175437233665,3.309999942779541,3.0510001182556152,1.2045812718975157,0.6427621846609046,3.365499973297119,0.03759999708695845,0.3147272630171342,0.2771272659301758,3.2620999813079834,2.5,3.2282735372725146,10.231210765114785,3.313199996948242,0.03923632881858132,0.21716360612349075,0.2771272659301758,3.2053000926971436,2.7160000801086426,0.6289839377404447,-0.4288847974330401
0.5C2C_3-2_660cyc,4.160900115966797,0.03741819208318537,0.07614551890980113,0.03872732682661577,4.058000087738037,3.9514999389648438,2.1365613962172194,3.615093080775976,4.095399856567383,0.03854543512517756,0.06199992786754261,0.023454492742365055,3.9893999099731445,3.9249000549316406,2.125367635493782,3.5965695591028384,4.078199863433838,0.03770906274968928,0.05727265097878196,0.019563588229092686,3.9744999408721924,3.9207000732421875,1.8030792215657814,2.579904463331652,4.05679988861084,0.03723630038174716,0.056109081615101204,0.01887278123335405,3.954400062561035,3.9024999141693115,1.2581049172150431,0.9976284622769582,4.0040998458862305,0.03552722930908203,0.05378176949240945,0.018254540183327415,3.906399965286255,3.8561999797821045,1.0894280263903742,0.546542180437469,3.949199914932251,0.035054553638805046,0.05145454406738281,0.01639999042857777,3.852799892425537,3.8076999187469482,1.0361515056381807,0.398234143507636,3.9121999740600586,0.03538183732466264,0.050218148664994675,0.014836311340332031,3.8148999214172363,3.7741000652313232,0.9426994732333098,0.14882388709377192,3.881200075149536,0.03490907495672053,0.050254561684348366,0.01534548672762784,3.7852001190185547,3.743000030517578,0.9399691315063722,0.1550241446719074,3.8401999473571777,0.035199945623224434,0.050399953668767754,0.015200008045543324,3.7434000968933105,3.7016000747680664,0.8637913771162959,-0.02841898238616647,3.78410005569458,0.035054553638805046,0.049345449967817825,0.014290896329012785,3.687700033187866,3.648400068283081,0.862979863172553,-0.03049163676631128,3.727799892425537,0.03472726995294744,0.048363598910245026,0.013636328957297585,3.6322999000549316,3.5947999954223633,0.8850383047086409,0.04027198831085155,3.680299997329712,0.03490907495672053,0.04803640192205256,0.013127326965332031,3.5843000411987305,3.5481998920440674,0.9209379044769438,0.1298377042466936,3.644399881362915,0.03483633561567827,0.048436338251287285,0.01360000263560902,3.5485999584198,3.511199951171875,1.0382753984507265,0.4323237927927992,3.6140999794006348,0.03552722930908203,0.049272710626775566,0.013745481317693537,3.516400098800659,3.478600025177002,1.015564194932182,0.37848899160257066,3.5850000381469727,0.0354545766657049,0.050400040366432884,0.014945463700727983,3.487499952316284,3.4463999271392822,1.1079064513989316,0.6223268389412229,3.553999900817871,0.03570903431285511,0.05359996448863636,0.01789093017578125,3.4558000564575195,3.406599998474121,1.3208067248143558,1.1949648930433652,3.5178000926971436,0.03618188337846236,0.058654611760919746,0.022472728382457386,3.418299913406372,3.3564999103546143,1.4721921582449216,1.6096250095407214,3.475800037384033,0.03690910339355469,0.06869090687144887,0.03178180347789417,3.374300003051758,3.286900043487549,1.4326686027258944,1.469691876533294,3.428299903869629,0.03756358406760476,0.09403636238791725,0.0564727783203125,3.325000047683716,3.1696999073028564,1.140852824039817,0.6327065732939832,3.3761000633239746,0.037963693792169746,0.31869090687144885,0.2807272130792791,3.271699905395508,2.4997000694274902,2.4419547846089174,5.187046855471703,3.3241000175476074,0.03854543512517756,0.2120363929054954,0.2807272130792791,3.218100070953369,2.740999937057495,0.6391627160241745,-0.42759289869393724
0.5C2C_3-2_780cyc,4.154600143432617,0.03883639248934659,0.08858186548406427,0.04974547299471768,4.047800064086914,3.9110000133514404,2.343145466500512,4.29558010835642,4.0920000076293945,0.03960002552379261,0.07210913571444424,0.032509110190651634,3.983099937438965,3.893699884414673,2.3872645698585355,4.4779290239584775,4.076000213623047,0.039309154857288704,0.06549098274924538,0.026181827891956676,3.967900037765503,3.895900011062622,2.038638250111601,3.338718899341467,4.0482001304626465,0.03749093142422763,0.06352728063409979,0.026036349209872158,3.9451000690460205,3.873500108718872,1.7022149077607034,2.29830123179243,3.993499994277954,0.03749093142422763,0.0601090517911044,0.022618120366876774,3.890399932861328,3.828200101852417,1.418035420701391,1.4523320591065776,3.941699981689453,0.037018169056285515,0.057090932672674004,0.020072763616388493,3.839900016784668,3.7846999168395996,1.3719817078048033,1.3129932441863765,3.9070000648498535,0.03665455904873935,0.055090904235839844,0.018436345187100498,3.8062000274658203,3.755500078201294,1.2938749714921287,1.091258897598271,3.875,0.036400014703924004,0.05519996989857067,0.018799955194646664,3.774899959564209,3.7232000827789307,1.2452579678766569,0.9631410774404348,3.8306000232696533,0.03676362471147017,0.05596360293301669,0.01919997822154652,3.7295000553131104,3.6767001152038574,1.2419995603592244,0.9512501903692372,3.7744998931884766,0.03585451299493963,0.055018164894797585,0.019163651899857956,3.6758999824523926,3.623199939727783,1.343055304045287,1.2502759977130662,3.7202000617980957,0.0361091440374201,0.05458181554620916,0.018472671508789062,3.6208999156951904,3.5701000690460205,1.3504295408218658,1.2766519280233402,3.675100088119507,0.036327275362881745,0.054218205538662995,0.01789093017578125,3.575200080871582,3.5260000228881836,1.3865194935147975,1.3786710004278575,3.640000104904175,0.03687277707186612,0.055090904235839844,0.01821812716397372,3.538599967956543,3.4885001182556152,1.4252115134166283,1.4963383807478392,3.6098999977111816,0.03683636405251243,0.05716367201371626,0.020327307961203835,3.5085999965667725,3.452699899673462,1.5674832040593034,1.9075307482145876,3.580699920654297,0.03767273642800071,0.0597817681052468,0.022109031677246094,3.477099895477295,3.416300058364868,1.5955204141685824,1.984729512906016,3.5497000217437744,0.0373818657614968,0.06269090825861151,0.0253090424971147,3.446899890899658,3.3773000240325928,1.6640673839959803,2.168653107470556,3.513400077819824,0.0377091494473544,0.06989097595214844,0.03218182650479404,3.4096999168395996,3.321199893951416,1.6825911207209419,2.1924507842930723,3.4718000888824463,0.03800002011385831,0.0853455283425071,0.047345508228648796,3.367300033569336,3.2370998859405518,1.5213401947015337,1.6573855923533198,3.425299882888794,0.03927265514026989,0.11821816184303978,0.07894550670276988,3.3173000812530518,3.1001999378204346,1.1647963068717229,0.5986734273404881,3.375200033187866,0.039054523814808235,0.31836362318559125,0.279309099370783,3.2678000926971436,2.4997000694274902,2.916004362417038,8.136225194624267,3.325000047683716,0.038218238136985085,0.21909089521928268,0.279309099370783,3.219899892807007,2.7225000858306885,0.6535917102658017,-0.4011376850928827
0.5C2C_4-1_780cyc,4.156099796295166,0.03789086775346236,0.08298171650279652,0.04509084874933416,4.0518999099731445,3.9279000759124756,2.254495314766198,3.9985226290048166,4.093800067901611,0.03872732682661577,0.06869090687144887,0.029963580044833096,3.987299919128418,3.904900074005127,2.3225334372370687,4.25716714098974,4.077199935913086,0.03952728618275036,0.0630181919444691,0.02349090576171875,3.9684998989105225,3.903899908065796,1.932115125155628,2.994881503183997,4.051599979400635,0.03738177906383167,0.06098183718594638,0.0236000581221147,3.9488000869750977,3.8838999271392822,1.5644264172030797,1.8819539942855483,3.99780011177063,0.037200060757723724,0.05810911005193537,0.020909049294211647,3.8954999446868896,3.8380000591278076,1.2829355180560555,1.071607360087043,3.9451000690460205,0.0364364277232777,0.054836359891024505,0.018399932167746803,3.844899892807007,3.794300079345703,1.2245181744242932,0.8973721973788189,3.90939998626709,0.03636360168457031,0.05381818251176314,0.017454580827192825,3.8094000816345215,3.761399984359741,1.2079939462085585,0.849556224983635,3.8768999576568604,0.03650908036665483,0.05374544317072088,0.01723636280406605,3.7764999866485596,3.729099988937378,1.1301066978583205,0.6438235970491246,3.8336000442504883,0.0361091440374201,0.05374544317072088,0.01763629913330078,3.734299898147583,3.685800075531006,1.154802279214529,0.7195312855519256,3.7820000648498535,0.03549090298739346,0.05280000513250178,0.01730910214510831,3.6844000816345215,3.6368000507354736,1.1836362979528017,0.8035373750574948,3.7291998863220215,0.03578177365389737,0.053018136457963425,0.01723636280406605,3.6308000087738037,3.583400011062622,1.199727225257267,0.8636262551521918,3.6816999912261963,0.03559996865012429,0.05265452645041726,0.01705455780029297,3.5838000774383545,3.536900043487549,1.2960320215060008,1.1264892407256237,3.6445999145507812,0.036072731018066406,0.0535636381669478,0.017490907148881393,3.5453999042510986,3.497299909591675,1.3733638671490858,1.3512935082120645,3.6140999794006348,0.036254536021839485,0.05480003356933594,0.01854549754749645,3.514400005340576,3.463399887084961,1.4443776442013165,1.5553957678666874,3.584399938583374,0.036945429715243255,0.056836301630193535,0.019890871914950283,3.482800006866455,3.428100109100342,1.4671697795921639,1.617209434799248,3.5527000427246094,0.03774547576904297,0.06036368283358487,0.022618207064541904,3.448899984359741,3.386699914932251,1.5283719270982932,1.773039959286626,3.517699956893921,0.03698184273459695,0.06650907343084161,0.029527230696244675,3.4159998893737793,3.3348000049591064,1.6535467798124486,2.1256945527277518,3.4776999950408936,0.037963607094504616,0.07872728867964311,0.040763681585138496,3.373300075531006,3.261199951171875,1.5057493342557842,1.6330138583729488,3.4321999549865723,0.03865450078790838,0.10301815379749645,0.06436365300958807,3.325900077819824,3.148900032043457,1.212016410334152,0.7645661906694619,3.3828001022338867,0.037963693792169746,0.32105454531582917,0.2830908515236594,3.27839994430542,2.4999001026153564,2.276503792756781,4.3854254817140905,3.3294999599456787,0.03829089078036221,0.20087268135764383,0.2830908515236594,3.2242000102996826,2.777100086212158,0.7035416900022337,-0.3267552270620966
0.5C2C_4-1_1020cyc,4.143235206604004,0.03178006952459162,0.12709123438054865,0.09531116485595703,4.055840015411377,3.793734312057495,5.719889727774416,48.1612662345576,4.086658000946045,0.03748729012229226,0.11676623604514381,0.07927894592285156,3.983567953109741,3.7655508518218994,2.518180062787019,13.533270912055418,4.069616317749023,0.03483902324329723,0.11946591463955966,0.08462689139626244,3.973809003829956,3.7410850524902344,1.659209715640913,5.073802230953493,4.028261184692383,0.03598898107355291,0.11475380984219638,0.07876482876864346,3.9292914867401123,3.7126882076263428,1.543840295717692,3.6844556678891704,3.971021890640259,0.03664562918923118,0.10638427734375,0.06973864815451881,3.870246410369873,3.6784651279449463,1.4804603402085206,3.2571557925273193,3.926006317138672,0.035492810336026276,0.10121709650213068,0.0657242861661044,3.8284010887145996,3.6476593017578125,1.271058107825011,2.3640462836680447,3.893585205078125,0.034701173955743965,0.10492853684858842,0.07022736289284447,3.798156976699829,3.605031728744507,1.120527779342881,1.6844365519968862,3.85602068901062,0.03563906929709695,0.10809178785844283,0.07245271856134589,3.7580132484436035,3.5587682723999023,1.0127004185835813,1.141574052458397,3.806732416152954,0.036215868863192474,0.10881848768754439,0.07260261882435191,3.707138776779175,3.507481575012207,1.007728230930469,1.0790192599166168,3.754561424255371,0.03491540388627486,0.10750597173517401,0.07259056784889915,3.6585440635681152,3.4589200019836426,1.0952861301728751,1.3891665384024927,3.7051210403442383,0.03581818667325107,0.10710837624289772,0.07129018956964667,3.606621026992798,3.4105730056762695,1.114711905916586,1.472141355827567,3.663402795791626,0.036137840964577415,0.10854816436767578,0.07241032340309837,3.564023733139038,3.3648953437805176,1.077239542165641,1.3922673691416687,3.629728078842163,0.03431883725253018,0.11353553425181996,0.07921669699928978,3.535351276397705,3.317505359649658,1.063581619456947,1.4383093935117337,3.5997440814971924,0.03577310388738459,0.12215050784024326,0.08637740395285866,3.5013680458068848,3.2638301849365234,0.9481243162042349,1.0588124975816848,3.569851875305176,0.03473559292879971,0.1336735812100497,0.09893798828125,3.4743289947509766,3.202249526977539,0.8366786993057881,0.7546019771507462,3.537877321243286,0.03654584017666904,0.1557464599609375,0.11920061978426846,3.4373762607574463,3.109574556350708,0.746237311236438,0.4143324954990337,3.5021488666534424,0.03566681254993786,0.18523753773082385,0.14957072518088602,3.4040651321411133,2.9927456378936768,0.8489617157425634,0.554475764152822,3.462397336959839,0.037133650346235794,0.23431136391379617,0.19717771356756036,3.3602797985076904,2.8180410861968994,0.9688104922149979,0.8591177956506404,3.4195075035095215,0.03585772080854936,0.3343864787708629,0.29852875796231354,3.3208987712860107,2.4999446868896484,0.7510879129130348,-0.09394907150361131,3.3733789920806885,0.03460372578014027,0.3176073594526811,0.28300363367254083,3.2782187461853027,2.4999587535858154,3.457300876660695,12.247152435339746,3.3239734172821045,0.03564938631924716,0.3003391786055131,0.264689792286266,3.225937604904175,2.4980406761169434,0.5047158613433007,-0.5480234201984779
0.5C2C_4-1_1080cyc,4.140081882476807,0.032829111272638496,0.13631092418323865,0.10348181291060014,4.049801826477051,3.7652268409729004,6.422633677237568,56.47349238290756,4.084977149963379,0.03798519481312145,0.12598661942915482,0.08800142461603339,3.980517864227295,3.738513946533203,2.8452774950678035,16.184643258383502,4.066285610198975,0.03831932761452415,0.12717186320911755,0.0888525355945934,3.960907459259033,3.7165629863739014,1.8581185515967673,6.344944981598809,4.021915435791016,0.03729889609596946,0.11923555894331499,0.08193666284734552,3.9193434715270996,3.6940176486968994,1.6966480028824318,4.710116497569686,3.9648897647857666,0.03649070046164773,0.1117700229991566,0.07527932253750888,3.8645403385162354,3.657522201538086,1.6449481435946665,4.478376750279949,3.921558141708374,0.03479064594615589,0.10901416431773793,0.07422351837158203,3.8258838653564453,3.6217691898345947,1.4502620081520003,3.6086087988360083,3.888976573944092,0.0383148193359375,0.11576548489657315,0.07745066556063565,3.7836108207702637,3.5706214904785156,1.2752920758984625,2.5185320926549872,3.8498616218566895,0.037759347395463425,0.11529610373757103,0.0775367563421076,3.746023416519165,3.532797336578369,1.0951966063436078,1.5615864835651863,3.7999942302703857,0.038095647638494316,0.11486270210959694,0.07676705447110263,3.6952311992645264,3.484121799468994,1.0852921343877604,1.4492551097852786,3.7479329109191895,0.0361374941739169,0.11436817862770775,0.07823068445379083,3.648554801940918,3.433420419692993,1.2156818024711291,2.0467162913260584,3.6997640132904053,0.036485238508744675,0.11431971463290128,0.0778344761241566,3.5994296073913574,3.3853847980499268,1.241773211601299,2.223497648735825,3.659653902053833,0.03654037822376598,0.1169932105324485,0.08045283230868253,3.5591678619384766,3.3379225730895996,1.1984165175877,2.1272192208160945,3.626803398132324,0.03679726340553977,0.12188417261297052,0.08508690920743076,3.52561092376709,3.2916219234466553,1.1371557699335453,1.8697127058835585,3.5972840785980225,0.03727236661044034,0.1322093443437056,0.09493697773326527,3.4947850704193115,3.233708381652832,1.0127258231461786,1.4557309055923113,3.5674965381622314,0.037332014604048294,0.14628072218461471,0.1089487075805664,3.4648334980010986,3.165224552154541,0.9118964035382234,1.0738505526866415,3.5358309745788574,0.037752758372913704,0.1676365245472301,0.1298837661743164,3.4320108890533447,3.0748305320739746,0.8902015436875897,0.9164277773798348,3.5005481243133545,0.03871865706010298,0.1966338591142134,0.15791520205411044,3.3940718173980713,2.9598050117492676,1.026825575292716,1.1722768970516295,3.4617159366607666,0.03827883980490945,0.24007068980823865,0.2017918500033292,3.3564491271972656,2.8015215396881104,1.0864076181709161,1.3203582438879469,3.420074701309204,0.03805342587557706,0.33457808061079547,0.2965246547352184,3.315427780151367,2.4999849796295166,0.8502556397605459,0.12698560256855806,3.3755128383636475,0.038998863913796165,0.31836787137118255,0.27936900745738635,3.268265962600708,2.5000011920928955,3.62462181686838,13.599563889010014,3.326106309890747,0.03857864033092152,0.30076122283935547,0.26218258250843396,3.220015048980713,2.4990129470825195,0.5020316996441198,-0.5503336492367792
0.5C2C_4-1_660cyc,4.162099838256836,0.03865450078790838,0.07385444641113281,0.035199945623224434,4.055799961090088,3.9590001106262207,1.9986630901347138,3.1596803710562105,4.0970001220703125,0.04007278789173473,0.061709143898703835,0.021636356006969105,3.986799955368042,3.927299976348877,2.0117768413505246,3.2170965012967594,4.079400062561035,0.03858184814453125,0.05705460635098544,0.01847275820645419,3.973299980163574,3.922499895095825,1.7489609662173942,2.4076191780334613,4.059500217437744,0.03854552182284268,0.05563640594482422,0.017090884121981533,3.9535000324249268,3.9065001010894775,1.106634200341075,0.5859794313471256,4.007999897003174,0.03756358406760476,0.053999987515536224,0.01643640344793146,3.9047000408172607,3.859499931335449,0.9050544904506751,0.07261188267913221,3.952500104904175,0.03690910339355469,0.05163643576882102,0.014727332375266335,3.8510000705718994,3.810499906539917,0.8424769964343558,-0.0976140011064488,3.9144999980926514,0.03650908036665483,0.05072723735462536,0.014218156987970526,3.8141000270843506,3.7750000953674316,0.8751208269850849,-0.010516607715835846,3.8828999996185303,0.03661814602938565,0.050509106029163704,0.013890959999778053,3.7822000980377197,3.74399995803833,0.7944779387952509,-0.20731326475466227,3.841599941253662,0.036400014703924004,0.05054543235085227,0.014145417646928267,3.741499900817871,3.7026000022888184,0.8137874636307241,-0.1549244077698777,3.7901999950408936,0.036254536021839485,0.04978179931640625,0.013527263294566761,3.690500020980835,3.6533000469207764,0.7855245418937061,-0.20447976348465868,3.7363998889923096,0.03639992800625888,0.04945451563054865,0.013054587624289772,3.6363000869750977,3.600399971008301,0.7707861656683829,-0.22964407106283424,3.686800003051758,0.03654549338600852,0.04876362193714489,0.012218128551136364,3.5862998962402344,3.5527000427246094,0.7700868439954216,-0.23296732943196963,3.648900032043457,0.036400014703924004,0.04898183996027166,0.012581825256347656,3.548799991607666,3.51419997215271,0.892479669480104,0.07190855551715503,3.6180999279022217,0.03669088537042791,0.05003634366122159,0.013345458290793678,3.517199993133545,3.4804999828338623,0.9847986303075889,0.31359645387492785,3.588399887084961,0.03767264973033558,0.05152719671075994,0.01385454698042436,3.484800100326538,3.446700096130371,0.9745894454424225,0.28459940955869945,3.5566999912261963,0.03734545274214311,0.053963661193847656,0.016618208451704544,3.4539999961853027,3.4082999229431152,1.2155979030120603,0.9157701152516422,3.521899938583374,0.038036346435546875,0.05745454268022017,0.019418196244673294,3.41729998588562,3.3638999462127686,1.2822405933507948,1.0803067632829908,3.481800079345703,0.03949095986106179,0.06578185341574928,0.0262908935546875,3.373199939727783,3.3008999824523926,1.3287530767630569,1.2201075562599737,3.4349000453948975,0.03938180750066584,0.08538185466419566,0.04600004716352983,3.3266000747680664,3.2000999450683594,1.1727601637834952,0.7322335446962072,3.384200096130371,0.03927274183793501,0.3215636340054599,0.28229089216752484,3.27620005607605,2.4999001026153564,1.9075166002042088,2.5783808485853053,3.3285000324249268,0.03989089619029652,0.18970914320512253,0.28229089216752484,3.2188000679016113,2.80679988861084,0.6943892825257624,-0.34397889933519465
0.5C2C_4-1_900cyc,4.149871826171875,0.0363800742409446,0.11530208587646484,0.07892201163552025,4.049826622009277,3.8327910900115967,4.211355374610276,30.13853656499751,4.090258598327637,0.038079695268110794,0.10287189483642578,0.06479219956831499,3.985539436340332,3.807360887527466,2.009188712638615,9.466599846557866,4.0744733810424805,0.036995107477361504,0.10839046131480824,0.07139535383744673,3.9727368354797363,3.776399612426758,1.2067393361245136,2.341441990602144,4.040752410888672,0.03669574043967507,0.10690290277654474,0.07020716233686967,3.9398391246795654,3.746769428253174,1.2301078723961252,1.8211711175740337,3.984877824783325,0.036018111489035866,0.09783536737615411,0.061817255887118255,3.8858280181884766,3.7158305644989014,1.2849482205571436,1.89806799308512,3.9356608390808105,0.03630169955166904,0.0934644178910689,0.05716271833939986,3.8358311653137207,3.678633689880371,1.1901319065200953,1.6471745261977278,3.902214527130127,0.03641397302800959,0.09470670873468573,0.05829273570667614,3.8020761013031006,3.641771078109741,1.001249203174432,0.9205286553501679,3.8673789501190186,0.037262829867276276,0.0984029769897461,0.06114014712246982,3.764906167984009,3.596770763397217,0.9013761277538255,0.5203688711955952,3.821042537689209,0.03657427701083096,0.09874725341796875,0.06217297640713779,3.720463275909424,3.549487590789795,0.8619932076912589,0.3974776734305192,3.768787145614624,0.036840959028764206,0.09860281510786577,0.06176185607910156,3.6674745082855225,3.497629404067993,0.898754784598326,0.4364038030448083,3.716996192932129,0.03711579062721946,0.09702717174183238,0.05991138111461292,3.6149277687072754,3.45017147064209,0.9570687511230873,0.6026289086455199,3.672398328781128,0.03718748959628018,0.09718600186434659,0.059998512268066406,3.5701327323913574,3.405136823654175,0.9368418531387697,0.5913145167467744,3.63716983795166,0.03678477894176136,0.10051449862393466,0.0637297196821733,3.5360116958618164,3.36075496673584,0.8831882277589643,0.4719583288556528,3.6069676876068115,0.03717275099320845,0.10478444532914595,0.0676116943359375,3.5047426223754883,3.31881046295166,0.8291280989151062,0.2698187345227687,3.576767921447754,0.03804553638805042,0.11551293459805576,0.07746739821000533,3.4721426963806152,3.2591073513031006,0.7401261361980773,0.15235324246477422,3.5447425842285156,0.03770793568004261,0.1318035125732422,0.09409557689319957,3.4410457611083984,3.1822829246520996,0.5975642815234216,-0.10345624829150779,3.5091309547424316,0.03830614956942471,0.16322829506613992,0.1249221454967152,3.4037890434265137,3.060253143310547,0.5291086808906303,-0.31751358953287356,3.4687559604644775,0.036926616321910515,0.2085586894642223,0.1716320731423118,3.3672077655792236,2.895219564437866,0.723064136033935,-0.023421616464225803,3.424205780029297,0.037270979447798294,0.3337186466563832,0.2964476672085849,3.3217105865478516,2.506479501724243,0.4350284105092603,-0.4185756260536295,3.37577223777771,0.03770992972634055,0.3184868205677379,0.2807768908413974,3.2720699310302734,2.4999334812164307,3.0688891641392777,9.255131323886156,3.324739456176758,0.038086284290660515,0.3004336790605025,0.262347394769842,3.2200021743774414,2.498546838760376,0.468659564734741,-0.598870864959224
0.5C2C_4-1_930cyc,4.1476874351501465,0.03464039889248935,0.11739843541925604,0.08275803652676669,4.052426338195801,3.8248417377471924,4.5422470834389035,34.022398884728716,4.089208126068115,0.03549653833562678,0.10671875693581322,0.07122221860018643,3.9915926456451416,3.795731544494629,2.306766348061497,12.019617192332237,4.073340892791748,0.0360549579967152,0.11142236536199396,0.07536740736527876,3.9741897583007812,3.7669293880462646,1.3309777437040258,3.037229993237342,4.037302494049072,0.03757051988081499,0.10926472056995738,0.0716942006891424,3.933983564376831,3.7368245124816895,1.2961565465370692,2.1539396830959845,3.9809253215789795,0.037458939985795456,0.10014161196621982,0.06268267198042436,3.877913236618042,3.705535888671875,1.3118771716642985,2.069325627671648,3.9328324794769287,0.035359642722389915,0.09600708701393822,0.060647444291548294,3.8355934619903564,3.6688129901885986,1.244619036225369,2.0357660392501273,3.899839401245117,0.03524234078147195,0.09766136516224254,0.0624190243807706,3.8029229640960693,3.63127064704895,1.0510288149523244,1.2261918252479926,3.8645050525665283,0.03534100272438743,0.10128775509920987,0.06594675237482245,3.767317295074463,3.585963726043701,0.9596248912671745,0.8382655371312291,3.8174352645874023,0.03592222387140447,0.10219261863014915,0.06627039475874467,3.71864914894104,3.536405563354492,0.9178258115438892,0.657373145614689,3.76507568359375,0.03580249439586292,0.10005396062677557,0.06425146623091264,3.666618824005127,3.489927291870117,0.9435109270645409,0.645581928755119,3.7138426303863525,0.03574848175048828,0.09958440607244318,0.0638359243219549,3.6155343055725098,3.439985513687134,1.015828350432973,0.9153884327551292,3.669985055923462,0.03683463009920987,0.09995122389359908,0.0631165937943892,3.5686898231506348,3.3951191902160645,0.9705875461804182,0.7794110040855435,3.6351473331451416,0.035659529946067116,0.10403216968883168,0.06837263974276456,3.537083625793457,3.3490588665008545,0.9338960276811376,0.7465491634046675,3.60506010055542,0.03648021004416726,0.10964332927357066,0.07316311922940341,3.50473952293396,3.3035409450531006,0.8828175220100897,0.5429096833969114,3.575226068496704,0.036353197964754974,0.12021116776899858,0.0838579698042436,3.475254774093628,3.244645357131958,0.7676631909647932,0.35342506559960096,3.543011426925659,0.037368601018732246,0.13853506608442825,0.10116646506569603,3.4402477741241455,3.1620399951934814,0.6266670337016104,0.01345329521877714,3.5073444843292236,0.03754953904585405,0.16950806704434482,0.13195852799849075,3.404083251953125,3.0411972999572754,0.6021825983550287,-0.14486683527344102,3.467060089111328,0.03683176907626065,0.216815861788663,0.17998409271240234,3.3657727241516113,2.870816469192505,0.7964388072241331,0.21615159760831437,3.4230570793151855,0.035558093677867546,0.3306146968494762,0.29505660317160864,3.32527232170105,2.513866662979126,0.4927068466370756,-0.2995579062774092,3.375415563583374,0.03532955863259055,0.3183602419766513,0.28303068334406073,3.27825927734375,2.499924898147583,3.190818303636393,10.182713591891876,3.3250765800476074,0.03572802110151811,0.30069585279984906,0.264967831698331,3.2268245220184326,2.4981629848480225,0.48936623490507886,-0.5581759266707915
0.5C2_3-2_810cyc,4.152699947357178,0.038218238136985085,0.09283638000488281,0.05461814186789773,4.047599792480469,3.89739990234375,2.391513491735567,4.4568322390625585,4.090700149536133,0.04123644395308061,0.07614551890980113,0.03490907495672053,3.977299928665161,3.8812999725341797,2.4109034312672994,4.552034297383045,4.075200080871582,0.03854552182284268,0.06949095292524858,0.030945431102405895,3.9691998958587646,3.8840999603271484,2.1647993625704895,3.7549353211093752,4.045400142669678,0.038072759454900566,0.0662546157836914,0.028181856328790836,3.940700054168701,3.8631999492645264,1.7824140101606385,2.541681623677391,3.9902000427246094,0.036945429715243255,0.062436363913796165,0.025490934198552914,3.8886001110076904,3.81850004196167,1.6088418535295699,2.012691188938925,3.939199924468994,0.03669088537042791,0.05930909243496982,0.022618207064541904,3.8382999897003174,3.776099920272827,1.5746432964178692,1.9060752796041767,3.9052000045776367,0.03770906274968928,0.058000044389204544,0.02029098163951527,3.801500082015991,3.745699882507324,1.4261722977259383,1.4667525909923373,3.8731000423431396,0.036400014703924004,0.05767276070334695,0.02127274599942294,3.7730000019073486,3.7144999504089355,1.440097752687095,1.5157339050424161,3.828200101852417,0.037309126420454544,0.05803637071089311,0.020727244290438564,3.725600004196167,3.668600082397461,1.3505282681286017,1.2528750666841884,3.7720000743865967,0.03727271340110085,0.05730915069580078,0.02003643729469993,3.6695001125335693,3.6143999099731445,1.3745084522451883,1.3355174345167535,3.718100070953369,0.03843636946244673,0.05712725899436257,0.018690889531915836,3.6124000549316406,3.561000108718872,1.300565611083603,1.123068573313824,3.6733999252319336,0.03658181970769709,0.05687271464954723,0.020290894941850143,3.5727999210357666,3.5169999599456787,1.5603401592877055,1.8828763375774544,3.638700008392334,0.03654549338600852,0.057890892028808594,0.02134539864280007,3.5381999015808105,3.4795000553131104,1.6555606541624113,2.1657246795431666,3.608799934387207,0.03738177906383167,0.05985450744628906,0.022472728382457386,3.50600004196167,3.444200038909912,1.6680978676231961,2.202584060927837,3.5797998905181885,0.03807267275723544,0.06279997392134233,0.024727301164106888,3.475100040435791,3.407099962234497,1.7028285327157597,2.2932974517158096,3.548799991607666,0.03789086775346236,0.06727270646528764,0.029381838711825283,3.4446001052856445,3.363800048828125,1.7781477052601213,2.504163306011865,3.5127999782562256,0.03872724012895064,0.07461816614324396,0.03589092601429333,3.4063000679016113,3.3076000213623047,1.711229481212513,2.252704370733559,3.47160005569458,0.03752725774591619,0.09159998460249467,0.05407272685657848,3.3684000968933105,3.2197000980377197,1.548112945928909,1.7112861332977447,3.425800085067749,0.038072759454900566,0.12407276847145775,0.08600000901655717,3.3210999965667725,3.0845999717712402,1.2015549653216113,0.6727394735738583,3.376199960708618,0.039200002496892754,0.31872723319313745,0.2795272306962447,3.268399953842163,2.4997000694274902,3.0258398259781214,8.91234659501962,3.326900005340576,0.039127263155850495,0.22298179973255505,0.2795272306962447,3.2193000316619873,2.71370005607605,0.6428058875514512,-0.42089589910015546
0.5C2_4-1_810cyc,4.154099941253662,0.03738177906383167,0.08629087968306108,0.0489091006192294,4.051300048828125,3.916800022125244,2.3158088426305907,4.203302179781667,4.092700004577637,0.03923632881858132,0.07181817835027521,0.03258184953169389,3.984800100326538,3.89520001411438,2.370407165394234,4.418764718921835,4.076499938964844,0.038945458152077415,0.06519993868741122,0.026254480535333805,3.969399929046631,3.897200107574463,2.0262584536446964,3.297796493474566,4.049200057983398,0.038218238136985085,0.06312725760719994,0.024909019470214844,3.9440999031066895,3.8756000995635986,1.618682971241354,2.037250114884351,3.9951999187469482,0.0374908447265625,0.059709028764204544,0.022218184037642044,3.8921000957489014,3.8310000896453857,1.3815189464044146,1.3403343052626342,3.94320011138916,0.036254622719504616,0.056909127668900925,0.020654504949396305,3.8434998989105225,3.7867000102996826,1.4242321986989432,1.4649490237418679,3.9082999229431152,0.03643634102561257,0.055745384909889915,0.019309043884277344,3.8080999851226807,3.755000114440918,1.3672889724151565,1.3005770129239345,3.8756000995635986,0.03636368838223544,0.0548727729103782,0.018509084528142757,3.775599956512451,3.7246999740600586,1.240878471610959,0.9475220190664908,3.8320000171661377,0.03654549338600852,0.05527270923961292,0.018727215853604404,3.7314999103546143,3.680000066757202,1.243565344897611,0.9565646172173436,3.7802999019622803,0.03650908036665483,0.054836359891024505,0.018327279524369675,3.6798999309539795,3.629499912261963,1.2389920281599354,0.9623446857316957,3.7276999950408936,0.03658181970769709,0.055054577914151276,0.01847275820645419,3.6270999908447266,3.5762999057769775,1.2885093347937941,1.103857227987315,3.680799961090088,0.03676362471147017,0.0545090762051669,0.01774545149369673,3.579699993133545,3.530900001525879,1.3187188192202266,1.1843014848004891,3.6442999839782715,0.03727271340110085,0.0554909272627397,0.01821821386163885,3.541800022125244,3.4916999340057373,1.3968042904909794,1.4040412517100531,3.6136999130249023,0.036254536021839485,0.056727235967462715,0.020472699945623226,3.5139999389648438,3.45770001411438,1.574535462518585,1.9325883460897417,3.5840001106262207,0.03701825575395064,0.05949098413640803,0.022472728382457386,3.4821999073028564,3.4203999042510986,1.617873471195556,2.050945439080695,3.552500009536743,0.03727271340110085,0.06338180195201527,0.026109088550914417,3.450000047683716,3.378200054168701,1.6864624678437128,2.2387171234831422,3.517899990081787,0.037309126420454544,0.06956360556862572,0.032254479148171165,3.415299892425537,3.3266000747680664,1.6970368077434272,2.2396634454348012,3.4781999588012695,0.03749093142422763,0.08269093253395775,0.04520000110973011,3.3750998973846436,3.2507998943328857,1.5477522312951724,1.739603751470102,3.433300018310547,0.0387999794699929,0.10876360806551846,0.06996362859552557,3.3266000747680664,3.134200096130371,1.2269387028688532,0.7799239639444595,3.3845999240875244,0.03778180209073154,0.32170902598987927,0.2839272238991477,3.2806999683380127,2.4999001026153564,2.3356053254830855,4.728493103416397,3.3320000171661377,0.03832730379971591,0.2014181830666282,0.2839272238991477,3.226599931716919,2.77810001373291,0.7155592775063653,-0.3104240550542112
0.5C3C_1-7_1020cyc,4.152100086212158,0.0377455624667081,0.08829090811989525,0.05054534565318714,4.048299789428711,3.9093000888824463,2.282873917145283,4.084886215210459,4.089600086212158,0.03941822052001953,0.07294550808993253,0.033527287569912995,3.9811999797821045,3.8889999389648438,2.2992142375637505,4.172341642177427,4.073500156402588,0.03916367617520419,0.06658189946954901,0.027418223294344814,3.9658000469207764,3.890399932861328,1.8526446851253606,2.740017386603645,4.0366997718811035,0.03756358406760476,0.06389080394398082,0.026327219876376064,3.9333999156951904,3.8610000610351562,1.5509911819292534,1.832304353772268,3.9798998832702637,0.03727271340110085,0.060436335476962005,0.02316362207586115,3.8773999214172363,3.813699960708618,1.3886952730850666,1.3475851002758974,3.9323999881744385,0.03636360168457031,0.057709087025035515,0.0213454853404652,3.83240008354187,3.773699998855591,1.4286667963284188,1.462508430843286,3.9003000259399414,0.036290949041193184,0.05650910464200107,0.020218155600807884,3.80049991607666,3.7448999881744385,1.3561263139548358,1.2592338157494458,3.8638999462127686,0.036109057339754974,0.05654543096368963,0.020436373623934658,3.7646000385284424,3.708400011062622,1.3206397067070015,1.1554121907120312,3.811300039291382,0.03592725233598189,0.055927276611328125,0.020000024275346237,3.7125000953674316,3.6575000286102295,1.343479454411473,1.2326923804191585,3.7592999935150146,0.03589092601429333,0.05519996989857067,0.019309043884277344,3.660599946975708,3.6075000762939453,1.3293089233730238,1.2034820193842668,3.7105000019073486,0.035418163646351204,0.05512723055752841,0.0197090669111772,3.613100051879883,3.5589001178741455,1.408413180035275,1.4343326488334416,3.668600082397461,0.03581818667325107,0.055927276611328125,0.02010908993807706,3.5701000690460205,3.5148000717163086,1.4854464495889426,1.6635637965502612,3.6350998878479004,0.03559996865012429,0.056654496626420456,0.021054527976296165,3.5371999740600586,3.479300022125244,1.5730211654879367,1.9178124911388288,3.6054999828338623,0.03581818667325107,0.058545459400523796,0.022727272727272728,3.506999969482422,3.444499969482422,1.6430404668507357,2.1300798482769467,3.5757999420166016,0.03741819208318537,0.06163631785999645,0.02421812577681108,3.472899913787842,3.4063000679016113,1.628770854521999,2.0733214127236543,3.541599988937378,0.037199974060058594,0.0652727647261186,0.028072790666060013,3.439300060272217,3.3620998859405518,1.7015679076308532,2.268650443459941,3.502700090408325,0.0377091494473544,0.07261822440407494,0.03490907495672053,3.3989999294281006,3.302999973297119,1.7014268961719774,2.235953618651944,3.460900068283081,0.03694551641290838,0.08538185466419566,0.048436338251287285,3.359299898147583,3.226099967956543,1.5636975973866745,1.7787003907116485,3.413599967956543,0.038218151439319954,0.11276366493918678,0.07454551349986684,3.308500051498413,3.1034998893737793,1.2702357913739073,0.8660490023307545,3.3649001121520996,0.03934548117897727,0.31458187103271484,0.27523638985373755,3.256700038909912,2.499799966812134,2.2364001238197746,4.063805851165902,3.3104000091552734,0.039745417508212005,0.18905457583340732,0.27523638985373755,3.2011001110076904,2.7904999256134033,0.7407311676861029,-0.21416944978795405
0.5C3C_1-7_1110cyc,4.14707612991333,0.035164052789861504,0.12321220744739879,0.08804815465753729,4.050374984741211,3.8082425594329834,4.010500869337348,27.646436524447978,4.086249351501465,0.03819795088334517,0.11147464405406605,0.07327669317072089,3.9812049865722656,3.779694080352783,1.7543367146779263,6.873149655724413,4.069003105163574,0.03605166348544034,0.11505265669389204,0.0790009932084517,3.9698610305786133,3.752608299255371,1.2977445887415369,2.478058611811883,4.025319576263428,0.034819602966308594,0.10958073355934837,0.07476113059303978,3.929565668106079,3.7239725589752197,1.3365624381644454,2.281513673728896,3.968348503112793,0.03642576391046697,0.10166220231489702,0.06523643840443004,3.868177652359009,3.688777446746826,1.2842101976959686,2.014436807257871,3.924506664276123,0.03531482002951882,0.0985761122270064,0.06326129219748756,3.8273909091949463,3.6534223556518555,1.1291662153678477,1.5521676140004335,3.893122673034668,0.035701751708984375,0.10098023848100142,0.06527848677201704,3.794942855834961,3.615427017211914,0.9660607633864421,0.8547354066751764,3.8524208068847656,0.034279043024236504,0.10293925892223012,0.0686602158979936,3.7581534385681152,3.569337844848633,0.9186400073808918,0.7566957192203589,3.798985242843628,0.03551014986905185,0.10142855210737749,0.06591840223832564,3.7013323307037354,3.52005672454834,0.8719269604569484,0.5199480665329665,3.7482333183288574,0.03441030328924006,0.10098145224831322,0.06657114895907315,3.6536049842834473,3.470534324645996,0.9539948273876463,0.7230120562626117,3.700701951980591,0.03476359627463601,0.06696319580078125,0.03219959952614524,3.605102062225342,3.5165531635284424,0.9556752565999529,0.7199043774058933,3.6611273288726807,0.03531473333185369,0.10251487385142934,0.06720014051957564,3.564011812210083,3.37921142578125,0.9251335534936728,0.628324639115545,3.628767251968384,0.03542371229691939,0.10685894706032494,0.07143523476340553,3.5313520431518555,3.3349051475524902,0.8720306301959202,0.4917682792609832,3.5994980335235596,0.035302682356400925,0.11335563659667969,0.07805295424027876,3.502415657043457,3.2877700328826904,0.8279613953936967,0.4057774523069009,3.569629192352295,0.03573565049604936,0.12286480990323154,0.08712915940718217,3.471356153488159,3.231750965118408,0.7663899554401744,0.2940189488614102,3.535109043121338,0.034225723960182884,0.13707429712468927,0.1028485731645064,3.440988302230835,3.1581547260284424,0.7072365736679062,0.2184362282903889,3.4964866638183594,0.0344512245871804,0.16295597769997336,0.12850475311279297,3.4017457962036133,3.0483577251434326,0.7341575153770141,0.21436433746654426,3.4549317359924316,0.036574450406161224,0.20920345999977805,0.17262900959361682,3.3543519973754883,2.879622220993042,0.7568546615302405,0.3303048110773146,3.408586025238037,0.03604559464888139,0.3304915861649947,0.2944459915161133,3.3094606399536133,2.4997341632843018,0.35182526333862235,-0.7795552306881972,3.362088203430176,0.03467663851651279,0.31359187039462005,0.27891523187810724,3.2667274475097656,2.4997105598449707,3.059303253013194,9.006709956087393,3.309478998184204,0.037521102211692116,0.2948465347290039,0.25732543251731177,3.206295967102051,2.4986510276794434,0.3299788819776804,-0.6719639509407407
0.5C3C_1-7_1200cyc,4.144261837005615,0.036340193314985794,0.13383301821621982,0.09749282490123402,4.044326305389404,3.7762210369110107,4.618015583860306,34.221370708860206,4.084595680236816,0.03892941908402876,0.1224302812056108,0.08350086212158203,3.9775397777557373,3.7479124069213867,2.052698160013255,8.951511606748781,4.064685821533203,0.03890453685413708,0.12390353462912819,0.08499899777499112,3.957698345184326,3.7239511013031006,1.4869336039931804,3.5138725891013562,4.016931533813477,0.036936586553400215,0.11665977131236684,0.07972318475896661,3.915355920791626,3.6961171627044678,1.4809084619168218,3.1658882659163528,3.9607582092285156,0.03714214671741833,0.10826292904940518,0.07112078233198686,3.8586173057556152,3.6630351543426514,1.3796447887629189,2.7188105559451357,3.919524669647217,0.036031549627130684,0.10643482208251953,0.07040327245538885,3.8204379081726074,3.626828908920288,1.2057041389704846,2.06812162210833,3.8876538276672363,0.036858471957120026,0.10962026769464667,0.07276179573752663,3.7862930297851562,3.586198091506958,1.0396459086675098,1.258375928056033,3.8428776264190674,0.036521564830433235,0.1102506464177912,0.07372908158735796,3.742443323135376,3.5396883487701416,0.9791350238724789,1.0693596780968333,3.790306329727173,0.03586890480735085,0.10936424948952415,0.0734953446821733,3.691666841506958,3.4895546436309814,1.002824505420936,1.115403336634448,3.7407286167144775,0.03717812624844638,0.10917897657914595,0.07200085033069957,3.63848876953125,3.440486431121826,1.0364696215292317,1.100632127347395,3.694545269012451,0.036067875948819245,0.10942909934303978,0.07336122339422052,3.5953586101531982,3.393615245819092,1.0666277823570482,1.279870090792043,3.6564581394195557,0.03745044361461292,0.11170994151722301,0.07425949790261009,3.55346941947937,3.3492558002471924,0.9893742960189862,0.9836360858240796,3.624884843826294,0.03712914206764915,0.11746935410933061,0.08034021204168146,3.522779703140259,3.3018441200256348,0.9500573968466685,0.9092919690850763,3.595858097076416,0.03654176538640803,0.1250202005559748,0.08847843516956676,3.495368242263794,3.2520525455474854,0.9038949392300806,0.8237650918408663,3.56591796875,0.03615890849720348,0.13567421653053977,0.09951530803333629,3.4664809703826904,3.1928138732910156,0.8469159508623022,0.7062217241256694,3.531423807144165,0.03753098574551669,0.15211313421075995,0.11458214846524326,3.428213596343994,3.113112688064575,0.8182518979929558,0.5695869454335751,3.493424654006958,0.03670154918323864,0.17588693445379083,0.13918538527055221,3.3924953937530518,3.009735584259033,0.938932312002878,0.8703221617965577,3.4527902603149414,0.03778136860240589,0.22566491907293146,0.18788355047052557,3.348891496658325,2.83221173286438,0.8362206296891946,0.7414594979604763,3.407439947128296,0.0372146259654652,0.33009069616144354,0.29287607019597833,3.3050997257232666,2.499690532684326,0.5892213003564507,-0.5811172124285635,3.3630151748657227,0.03659638491543857,0.3139234022660689,0.2773270173506303,3.2623751163482666,2.499725818634033,3.3110131671465632,10.859014631607902,3.3119237422943115,0.03669634732333096,0.2961352088234641,0.2594388615001332,3.2110087871551514,2.497551918029785,0.3709031432775385,-0.6697556618387392
0.5C3C_1-7_1260cyc,4.1415886878967285,0.036445791071111504,0.1410982825539329,0.10465249148282138,4.041362762451172,3.753568410873413,4.938911149657195,37.782272314268,4.082955360412598,0.03861644051291726,0.1311128789728338,0.09249643845991655,3.976760149002075,3.7223949432373047,2.2627369011280036,10.460382703203862,4.060126781463623,0.03802949732000178,0.13088971918279474,0.09286022186279297,3.955545663833618,3.7001800537109375,1.7047564997606444,4.9482635976154175,4.009058475494385,0.03581714630126953,0.12226590243252841,0.08644875613125888,3.9105613231658936,3.6728272438049316,1.6529319226376216,4.384220079754904,3.9536449909210205,0.037624272433194245,0.11461648074063388,0.07699220830743964,3.8501782417297363,3.6384496688842773,1.4781021681628441,3.449910177313326,3.9146151542663574,0.036490006880326706,0.11359214782714844,0.07710214094682173,3.814267635345459,3.602236747741699,1.2701267301045116,2.5073607633795794,3.8815078735351562,0.03642715107310902,0.11725061590021307,0.08082346482710405,3.7813332080841064,3.5590686798095703,1.128024418317028,1.784124781214354,3.8331120014190674,0.036116600036621094,0.11692697351629083,0.08081037347966974,3.7337913513183594,3.5115628242492676,1.0976091876033842,1.6994084306720412,3.7813167572021484,0.03767750479958274,0.11572629755193536,0.07804879275235263,3.677703619003296,3.463069438934326,1.0838572789443102,1.481350758485295,3.7320096492767334,0.036830815401944245,0.11603788896040483,0.07920707355846059,3.6307249069213867,3.41290545463562,1.1582691483865983,1.7709911613722236,3.6870858669281006,0.037683660333806816,0.11662682619961826,0.07894316586581143,3.583455801010132,3.3663620948791504,1.1322095318270504,1.6632565683899347,3.6505823135375977,0.03564652529629794,0.11988544464111328,0.08423891934481534,3.5525543689727783,3.320897340774536,1.1182434548936397,1.7415617861328068,3.6197190284729004,0.03780703111128374,0.12638898329301315,0.0885819521817294,3.51574969291687,3.2721493244171143,1.0110029692517972,1.2703664699301367,3.59082293510437,0.03692384199662642,0.1353896747935902,0.09846583279696378,3.4892823696136475,3.218501329421997,0.9685647185569514,1.1921949892128758,3.5606465339660645,0.036848588423295456,0.14759488539262253,0.11074629696932706,3.459312915802002,3.1547605991363525,0.9270170621653132,1.0702603041867045,3.5257277488708496,0.03592361103404652,0.16422523151744495,0.12830162048339844,3.4269378185272217,3.074108362197876,0.989146120557314,1.2237192029493587,3.488218069076538,0.03714873573996804,0.1891078081997958,0.15195907245982776,3.386059045791626,2.9681715965270996,1.119163790115314,1.6093026295831958,3.44781494140625,0.038870811462402344,0.24702618338844992,0.20815537192604758,3.3409202098846436,2.7684929370880127,0.7988819636656644,0.7353990655978437,3.4026803970336914,0.037956064397638496,0.3283805847167969,0.2904245203191584,3.2983012199401855,2.4996337890625,0.9896725574943812,0.019552236809591506,3.359562397003174,0.038391286676580254,0.3126859664916992,0.27429467981511896,3.253986358642578,2.499675989151001,3.8942845318903245,15.540266186840725,3.3079214096069336,0.03663799979469993,0.29485633156516333,0.25821833177046344,3.207166910171509,2.4970664978027344,0.3814943023774069,-0.6818506159699727
0.5C3C_1-7_930cyc,4.15500020980835,0.0390182841907848,0.08043644644997337,0.04141816225918857,4.047699928283691,3.933799982070923,2.1132146753329497,3.516001089841968,4.091300010681152,0.039745417508212005,0.06596365841952237,0.026218240911310368,3.9820001125335693,3.909899950027466,2.10826635468843,3.5274104875872165,4.074900150299072,0.03756367076526989,0.060836445201526985,0.023272774436257103,3.97160005569458,3.907599925994873,1.7551348191300418,2.4414142038460103,4.042399883270264,0.036981756036931816,0.05836356769908558,0.021381811662153763,3.940700054168701,3.8819000720977783,1.2785087466486131,1.0478898780918167,3.9856998920440674,0.03629086234352805,0.055999929254705254,0.0197090669111772,3.8859000205993652,3.831700086593628,1.1443896657197823,0.674615611272507,3.936199903488159,0.035163619301535866,0.05381818251176314,0.018654563210227272,3.8394999504089355,3.7881999015808105,1.2276708994488847,0.9007565167680993,3.9033000469207764,0.03581818667325107,0.05287274447354404,0.01705455780029297,3.804800033569336,3.7578999996185303,1.09582046964389,0.5394402262326872,3.8691000938415527,0.03549090298739346,0.05250913446599787,0.017018231478604404,3.7715001106262207,3.7246999740600586,1.0211406103549154,0.3500502143303206,3.8173999786376953,0.03501814061945135,0.05181815407492898,0.016800013455477627,3.721100091934204,3.6749000549316406,1.0896942593730208,0.5251298224198657,3.7636001110076904,0.03520003232088956,0.051345478404651985,0.01614544608376243,3.666800022125244,3.6224000453948975,1.0816426970324913,0.5276664880345989,3.713599920272827,0.03487266193736683,0.05141813104802912,0.01654546911066229,3.6177000999450684,3.572200059890747,1.1556523611930236,0.7464460205351933,3.670799970626831,0.03476359627463601,0.05141813104802912,0.016654534773393112,3.575200080871582,3.529400110244751,1.2446055185113183,0.9827611109837964,3.6368000507354736,0.035345511002974075,0.05236365578391335,0.017018144780939274,3.539599895477295,3.492799997329712,1.2876522400219497,1.1080107155911465,3.6070001125335693,0.03560005534778942,0.05374552986838601,0.018145474520596592,3.5090999603271484,3.459199905395508,1.3578038102287264,1.301705279120263,3.5773000717163086,0.0361091440374201,0.05589095028963956,0.01978180625221946,3.4779999256134033,3.4235999584198,1.4208155964110007,1.4787537945101432,3.543299913406372,0.03676362471147017,0.05934541875665838,0.02258179404518821,3.442199945449829,3.3801000118255615,1.5080933614391256,1.7144676018580611,3.5044000148773193,0.03636360168457031,0.06487274169921875,0.028509140014648438,3.404400110244751,3.3259999752044678,1.607729416923604,1.9916795873175142,3.4619998931884766,0.03756358406760476,0.07690906524658203,0.03934548117897727,3.3587000370025635,3.250499963760376,1.4767182982351277,1.5633088253138956,3.413599967956543,0.03807267275723544,0.10287267511541193,0.0648000023581765,3.3089001178741455,3.13070011138916,1.2105194843373244,0.7594959404993076,3.3638999462127686,0.03770906274968928,0.31425450064919214,0.27654543789950287,3.260200023651123,2.4997000694274902,2.158547030203151,3.6636587302337844,3.3076999187469482,0.0381454120982777,0.18312722986394708,0.27654543789950287,3.2028000354766846,2.8041000366210938,0.7738486766073097,-0.1536631861713742
0.5C3C_2-2_1080cyc,4.151599884033203,0.03770897605202415,0.08879999680952592,0.05109102075750178,4.047900199890137,3.907399892807007,2.272111618045026,4.0449746400266005,4.089700222015381,0.03854552182284268,0.07247283241965553,0.03392731059681286,3.9837000370025635,3.890399932861328,2.298525180992684,4.168963672631863,4.073500156402588,0.03890913183038885,0.06709098815917969,0.028181856328790836,3.9665000438690186,3.8889999389648438,1.8621982620356896,2.770013847023595,4.037300109863281,0.03789095445112749,0.06367275931618431,0.02578180486505682,3.9330999851226807,3.8622000217437744,1.500568996814201,1.678448109902793,3.9811999797821045,0.037236387079412285,0.060509074818004265,0.023272687738591976,3.8787999153137207,3.8148000240325928,1.3712448088970275,1.298476637085174,3.9335999488830566,0.03581818667325107,0.057745413346724075,0.02192722667347301,3.835099935531616,3.7748000621795654,1.4564453842074416,1.5445507835213883,3.9000000953674316,0.036072731018066406,0.05687280134721236,0.02080007032914595,3.800800085067749,3.7435998916625977,1.4101670316826165,1.4119891833985472,3.862499952316284,0.03650908036665483,0.05650910464200107,0.020000024275346237,3.7620999813079834,3.7070999145507812,1.2878635206890539,1.0676656095548598,3.813499927520752,0.035236358642578125,0.05567273226651279,0.020436373623934658,3.716599941253662,3.660399913787842,1.3857445359294187,1.3566207282361713,3.764899969100952,0.03589092601429333,0.05567273226651279,0.01978180625221946,3.6661999225616455,3.611799955368042,1.3191369775103758,1.1823733690690474,3.716399908065796,0.03567270799116655,0.055818124250932175,0.020145416259765625,3.618299961090088,3.5629000663757324,1.371756048220181,1.32848401992028,3.6735999584198,0.03636360168457031,0.056109081615101204,0.019745479930530895,3.5736000537872314,3.5192999839782715,1.3934072513203979,1.3908808003696471,3.63919997215271,0.03665455904873935,0.056945453990589485,0.020290894941850143,3.5383999347686768,3.482599973678589,1.4517939352940736,1.557986042726152,3.6089999675750732,0.03676362471147017,0.058545459400523796,0.021781834689053623,3.5078999996185303,3.447999954223633,1.5306096074032594,1.7832274633670089,3.578900098800659,0.037236387079412285,0.06098183718594638,0.023745450106534092,3.4765000343322754,3.4112000465393066,1.5716994135363793,1.8991639596177334,3.5452001094818115,0.03647275404496626,0.06505454670299184,0.02858179265802557,3.4449000358581543,3.366300106048584,1.7093721386635103,2.2990205273012876,3.5076000690460205,0.037236387079412285,0.07130908966064453,0.034072702581232246,3.4052000045776367,3.311500072479248,1.6908427964389658,2.208466387650186,3.466900110244751,0.038145498795942825,0.08240006186745384,0.04425456307151101,3.361999988555908,3.240299940109253,1.5439619315067248,1.7193875679042403,3.422800064086914,0.037309126420454544,0.1041091572154652,0.06680003079501065,3.320199966430664,3.1364998817443848,1.3153765885522672,1.0210779538650083,3.373800039291382,0.03767273642800071,0.31778179515491833,0.2801090587269176,3.27020001411438,2.4999001026153564,1.7398759951025924,1.921900505317173,3.319000005722046,0.038945458152077415,0.17381815476851029,0.2801090587269176,3.211899995803833,2.8410000801086426,0.8282887105230303,-0.07354682352496722
0.5C3C_2-2_1140cyc,4.148900032043457,0.037309126420454544,0.09410910172895952,0.056799975308504974,4.046299934387207,3.8901000022888184,2.3332454859964016,4.247429612951162,4.088200092315674,0.039963635531338776,0.07756363261829723,0.03759999708695845,3.978300094604492,3.8749001026153564,2.333080861084652,4.281658233510381,4.071800231933594,0.03883647918701172,0.07145465504039418,0.032618175853382454,3.9649999141693115,3.8752999305725098,1.9560403369917594,3.0662375034926876,4.0320000648498535,0.03847278248180042,0.06730911948464134,0.028836337002840908,3.9261999130249023,3.84689998626709,1.6133811935579419,2.0067315712896416,3.975600004196167,0.03770906274968928,0.06356360695578835,0.025854544206099075,3.8719000816345215,3.800800085067749,1.5312207357141983,1.7589075727057333,3.9296000003814697,0.03672729838978161,0.0607636191628196,0.024036320773037998,3.8285999298095703,3.762500047683716,1.582504675817211,1.9127947780149563,3.8966000080108643,0.03618179668079723,0.05985450744628906,0.023672710765491833,3.797100067138672,3.7320001125335693,1.5820830103215209,1.911923273506015,3.8575000762939453,0.036145470359108665,0.05930909243496982,0.02316362207586115,3.7581000328063965,3.6944000720977783,1.5108989309296064,1.7087664628264543,3.808000087738037,0.036327275362881745,0.058909156105735085,0.022581880742853336,3.7081000804901123,3.6459999084472656,1.4989810617383328,1.6789654239724765,3.759500026702881,0.036945429715243255,0.058909069408069954,0.021963639692826706,3.657900094985962,3.5975000858306885,1.434218432238248,1.5020625998489585,3.711400032043457,0.03643634102561257,0.05898180874911221,0.022545467723499645,3.6112000942230225,3.5492000579833984,1.509429805794513,1.7224669807977984,3.6698999404907227,0.036400014703924004,0.05901813507080078,0.022618120366876774,3.5697999000549316,3.5076000690460205,1.5766753648950023,1.9154962206153945,3.636399984359741,0.037199974060058594,0.06032726981423118,0.023127295754172585,3.53410005569458,3.4704999923706055,1.5993099916314553,1.9817812489138644,3.6061999797821045,0.036145470359108665,0.06265449523925781,0.026509024880149147,3.5067999362945557,3.4339001178741455,1.7626592183843628,2.4785684786422477,3.5761001110076904,0.03785462812943892,0.06556363539262251,0.027709007263183594,3.4719998836517334,3.3958001136779785,1.7086029735652744,2.296831421239779,3.54229998588562,0.037054582075639206,0.0700726942582564,0.03301811218261719,3.4403998851776123,3.349600076675415,1.795509829332175,2.5420385980101585,3.5051000118255615,0.038036346435546875,0.07610910589044745,0.038072759454900566,3.4005000591278076,3.295799970626831,1.7059779361689245,2.230588231518979,3.4644999504089355,0.0381454120982777,0.0901090448552912,0.051963632757013496,3.359600067138672,3.2167000770568848,1.5714406879702572,1.7704457950449006,3.4207000732421875,0.03759999708695845,0.11305453560569069,0.07545453851873224,3.3173000812530518,3.109800100326538,1.329616084390323,1.0223648427864385,3.3731000423431396,0.03774547576904297,0.31752725081010297,0.27978177504106,3.2692999839782715,2.4999001026153564,1.9460770379642165,2.7831828698241177,3.319700002670288,0.03825456445867365,0.1805454600941051,0.27978177504106,3.2144999504089355,2.823199987411499,0.8183395654503506,-0.08191101295912473
0.5C3C_2-2_1230cyc,4.1472601890563965,0.037239941683682526,0.1256016817959872,0.08836174011230469,4.0448503494262695,3.8018555641174316,3.8962365064607623,26.175416495852392,4.086237907409668,0.03983254866166548,0.11420822143554688,0.0743756727738814,3.976698398590088,3.772165298461914,1.7099781166398722,6.423367030841218,4.068570137023926,0.0376870415427468,0.11487674713134766,0.07718970558860085,3.964930772781372,3.7526590824127197,1.2186147147227062,1.9872775863999985,4.024655342102051,0.037661205638538704,0.1098816611550071,0.0722204555164684,3.9210870265960693,3.7224807739257812,1.2517412809154076,1.7799322170543643,3.9676804542541504,0.037526390769264915,0.10244872353293678,0.06492233276367188,3.864482879638672,3.685946464538574,1.23340468442181,1.7699691388817955,3.923753499984741,0.036455848000266335,0.10009002685546875,0.06363417885520241,3.823499917984009,3.648505926132202,1.0898533540526751,1.3843976315521465,3.8909313678741455,0.03613359277898615,0.10026012767444957,0.06412653489546342,3.7915639877319336,3.615216016769409,0.8975934610360403,0.6119069869130938,3.848804235458374,0.035191709345037285,0.10169696807861328,0.06650525873357599,3.7520270347595215,3.5691375732421875,0.8528890105974062,0.4855686556688479,3.7988367080688477,0.03686089949174361,0.10243363813920454,0.06557273864746094,3.6974692344665527,3.517144203186035,0.8334259741320019,0.3212612897179161,3.7500569820404053,0.036772814663973724,0.10432130640203302,0.06754849173805931,3.6489317417144775,3.4631733894348145,0.9218498248899584,0.5256242466498202,3.7028868198394775,0.036418828097256745,0.1010268818248402,0.06460805372758345,3.6027350425720215,3.425062894821167,0.908708753564861,0.44615367163273456,3.663254976272583,0.03660340742631392,0.10240433432839134,0.06580092690207741,3.5625956058502197,3.381643056869507,0.8785469172936363,0.3900021412522965,3.63065505027771,0.036688804626464844,0.10900653492320668,0.07231773029674184,3.5297608375549316,3.3308870792388916,0.8581451602022584,0.41093848790876786,3.600672721862793,0.03738273273814808,0.11562165347012607,0.07823892073197798,3.4978702068328857,3.2827131748199463,0.8125703531085011,0.3066663097453226,3.570086717605591,0.036613811146129265,0.12198942357843573,0.08537561243230646,3.4693987369537354,3.2346158027648926,0.7528708809815533,0.2003062493267005,3.5357515811920166,0.035973982377485794,0.13814891468394885,0.10217493230646307,3.4368231296539307,3.1558420658111572,0.7055137947970123,0.17587400609430226,3.4981906414031982,0.03817315535111861,0.16282957250421698,0.12465641715309837,3.393214464187622,3.0504093170166016,0.702060884021911,0.0733850386650241,3.4576241970062256,0.03715991973876953,0.2014141082763672,0.16425418853759766,3.3554344177246094,2.903735399246216,0.7538027583635459,0.23873213176275643,3.413656234741211,0.0371078144420277,0.31334374167702417,0.27623592723499646,3.3116097450256348,2.5519609451293945,0.31901673013652293,-0.5550240678424658,3.3679211139678955,0.037642478942871094,0.31565874273126776,0.27801626378839667,3.264404296875,2.499859571456909,2.494235585032058,5.537027836080181,3.3145601749420166,0.037499341097745026,0.2968523719094016,0.2593530308116566,3.2114369869232178,2.498216152191162,0.36336590171344935,-0.6489013826577388
0.5C3C_2-2_1320cyc,4.144190311431885,0.037593841552734375,0.13643342798406427,0.0988395864313299,4.040807247161865,3.768998384475708,4.530223557980696,33.018884246887,4.084322452545166,0.039824052290482956,0.12416102669455788,0.08433697440407494,3.974806308746338,3.742879629135132,1.9357574538742681,7.940921116527971,4.063568592071533,0.03754295002330433,0.12505904110995206,0.08751609108664772,3.9603254795074463,3.719656229019165,1.4960538771994882,3.601011892740602,4.014064311981201,0.03910480846058239,0.11741404099897905,0.07830923253839667,3.9065260887145996,3.691175699234009,1.422834884340504,2.792890779303674,3.9584598541259766,0.03721852736039595,0.10976817391135475,0.0725496465509588,3.8561089038848877,3.656597375869751,1.3463252797230614,2.601864232687852,3.91736102104187,0.03745928677645596,0.10878484899347479,0.07132556221701881,3.814347982406616,3.6182026863098145,1.1515331255286718,1.8158816491802137,3.883267641067505,0.03708969463001598,0.11185992847789418,0.07477023384787819,3.781270980834961,3.575652837753296,1.0236722494615287,1.248297008219848,3.8371975421905518,0.03714344718239524,0.11178250746293501,0.07463906028053978,3.735053062438965,3.5297956466674805,0.96045632894225,0.980275576510313,3.787789821624756,0.03617503426291726,0.11051091280850497,0.07433587854558771,3.6883084774017334,3.483884811401367,0.9629260904749093,0.8964353708049209,3.738792896270752,0.03644041581587358,0.11179005015980113,0.07534963434392755,3.6385817527770996,3.431370258331299,1.0472069868907619,1.1412382531340795,3.6928551197052,0.03776099465110085,0.11210190166126598,0.07434090701016513,3.589012384414673,3.3845748901367188,1.0268920459267803,1.0542224123602262,3.6549575328826904,0.036716547879305755,0.11538999730890448,0.07867344942959872,3.5539870262145996,3.337635040283203,1.0107227704643058,1.1057623753052024,3.623413562774658,0.03738273273814808,0.12113076990300958,0.08374803716486151,3.520611047744751,3.290303945541382,0.9534253244244327,0.9250361976286237,3.5941011905670166,0.037718339399857956,0.12876744703813034,0.09104910763827237,3.4903757572174072,3.239990711212158,0.8936363282197934,0.7574100592756841,3.563415288925171,0.037819168784401634,0.13986691561612216,0.10204774683172052,3.4594125747680664,3.178781270980835,0.83606676397236,0.6243916037324246,3.528963327407837,0.037460500543767754,0.1552444804798473,0.11778397993607954,3.4259469509124756,3.102041006088257,0.821100937805021,0.5595457275471185,3.491762399673462,0.03834715756503018,0.17816162109375,0.13981446352871982,3.386307716369629,3.0018179416656494,0.9066497150864011,0.728042564772716,3.451324939727783,0.03794201937588779,0.2254682887684215,0.18752626939253372,3.346984386444092,2.831287145614624,0.8064225671066457,0.5927903022210299,3.4079811573028564,0.0374229604547674,0.33020531047474255,0.29278235001997516,3.305068016052246,2.4999165534973145,0.6241642207292808,-0.5236990460642295,3.3643600940704346,0.03866880590265447,0.3143437992442738,0.2756749933416193,3.2580208778381348,2.4999146461486816,3.1698017976673056,9.836479873725997,3.311089038848877,0.03832825747403232,0.295115817676891,0.25678756020285864,3.205686330795288,2.4995205402374268,0.390510239827373,-0.6460740485974408
0.5C3C_2-2_960cyc,4.155200004577637,0.037309126420454544,0.0789090936834162,0.04159996726296165,4.052599906921387,3.938199996948242,2.120742253323602,3.546351222353178,4.092100143432617,0.03847278248180042,0.06414552168412642,0.025672739202325993,3.986299991607666,3.9156999588012695,2.089005643891607,3.462018022798685,4.075699806213379,0.03730903972278942,0.06003631245006214,0.022727272727272728,3.973099946975708,3.910599946975708,1.729017042050824,2.3545372974717464,4.04449987411499,0.03574544733220881,0.05814543637362393,0.022399989041415127,3.946199893951416,3.8845999240875244,1.3631528241276836,1.2894907539651062,3.9886999130249023,0.03574544733220881,0.05556357990611683,0.019818132573908024,3.890399932861328,3.835900068283081,1.1327788601734936,0.6475622716179377,3.9386000633239746,0.03490907495672053,0.05298181013627486,0.018072735179554333,3.842600107192993,3.7929000854492188,1.1596841721766742,0.7178846970763186,3.9042000770568848,0.03458187796852805,0.052218177101828835,0.01763629913330078,3.8090999126434326,3.7606000900268555,1.1880724587342026,0.7888507537229015,3.8691000938415527,0.03487274863503196,0.05127273906360973,0.01639999042857777,3.773200035095215,3.728100061416626,1.0062502907515005,0.302161643035189,3.820499897003174,0.0344727256081321,0.05090904235839844,0.016436316750266335,3.7256999015808105,3.680500030517578,1.071355805593776,0.4814817723320979,3.7708001136779785,0.03461820429021662,0.050509106029163704,0.015890901738947086,3.675600051879883,3.6319000720977783,1.023499918847572,0.38174708841233773,3.721100091934204,0.03490916165438565,0.05083638971502131,0.015927228060635654,3.6250998973846436,3.5813000202178955,1.038152760886721,0.43086214646786747,3.677000045776367,0.034436399286443535,0.050400040366432884,0.015963641079989346,3.5822999477386475,3.5383999347686768,1.1297629006493515,0.6728568261812211,3.6417999267578125,0.03534542430530895,0.051309065385298294,0.015963641079989346,3.544600009918213,3.500699996948242,1.1554523737529088,0.7417426745656033,3.6113998889923096,0.03559996865012429,0.05229082974520596,0.016690861095081676,3.5134999752044678,3.467600107192993,1.192724508746519,0.8437669971947468,3.5810999870300293,0.0351272929798473,0.0545090762051669,0.019381783225319603,3.484499931335449,3.4312000274658203,1.3908309948993565,1.400171247311464,3.547499895095825,0.03661814602938565,0.057709087025035515,0.021090940995649857,3.4467999935150146,3.3887999057769775,1.3856910569742964,1.3672277354169502,3.5095999240875244,0.035963578657670456,0.06290903958407315,0.0269454609264027,3.4107000827789307,3.3366000652313232,1.557248746600847,1.8424961776639908,3.4683001041412354,0.03592733903364702,0.07141824202104048,0.03549090298739346,3.369499921798706,3.271899938583374,1.5197744176440027,1.7094173397615036,3.422800064086914,0.037127321416681465,0.09214548631147905,0.055018164894797585,3.32069993019104,3.1693999767303467,1.2377535310071754,0.8655286441296659,3.371799945831299,0.038218151439319954,0.3170544884421609,0.2788363370028409,3.266700029373169,2.4999001026153564,1.5859576314775556,1.3010324428821916,3.3148000240325928,0.03836363012140447,0.1672727411443537,0.2788363370028409,3.2093000411987305,2.85479998588562,0.8183281383118232,-0.09292272841523275
0.5C3C_2-4_1170cyc,4.148900032043457,0.03756367076526989,0.10723634199662642,0.06967267123135654,4.045599937438965,3.8540000915527344,2.4344471491929323,4.585190307954489,4.0879998207092285,0.04127268357710405,0.08847262642600319,0.04719994284889915,3.9744999408721924,3.8447000980377197,2.46982378440807,4.746585644903664,4.071599960327148,0.04029091921719638,0.08105451410466974,0.040763594887473366,3.9607999324798584,3.8487000465393066,2.199274026868384,3.850763835062059,4.031099796295166,0.03843628276478161,0.07450901378284801,0.036072731018066406,3.9254000186920166,3.826200008392334,1.9759766906217926,3.133427202312518,3.9746999740600586,0.03872724012895064,0.07003636793656783,0.03130912780761719,3.8682000637054443,3.782099962234497,1.8511239922519198,2.7391488028967492,3.92930006980896,0.037963693792169746,0.06701824881813744,0.029054555025967686,3.824899911880493,3.744999885559082,1.8834782401146193,2.842795884664178,3.898099899291992,0.038218151439319954,0.06592724540016869,0.02770909396084872,3.7929999828338623,3.7167999744415283,1.7991542581769835,2.5859922603913663,3.860100030899048,0.038145498795942825,0.06549089605158026,0.02734539725563743,3.755199909210205,3.680000066757202,1.7105309035088014,2.3071939443068548,3.8048999309539795,0.03723630038174716,0.06490906802090732,0.027672767639160156,3.702500104904175,3.6263999938964844,1.8094433617597583,2.6136242459559202,3.7523999214172363,0.03730903972278942,0.06512728604403409,0.027818246321244675,3.6498000621795654,3.5732998847961426,1.8500549800533506,2.74356419640159,3.7046000957489014,0.03680003773082386,0.06549098274924538,0.02869094501842152,3.6033999919891357,3.5244998931884766,1.915190024262841,2.9550080781445534,3.664900064468384,0.03741819208318537,0.06560004841197621,0.028181856328790836,3.562000036239624,3.484499931335449,1.9239512057510813,2.9766755893448797,3.6326000690460205,0.037236387079412285,0.06792727383700284,0.030690886757590553,3.5302000045776367,3.4458000659942627,2.004052845482056,3.2273832518954944,3.6033999919891357,0.03876365314830433,0.07112728465687145,0.032363631508567116,3.496799945831299,3.4077999591827393,1.9806171839046622,3.137605005832973,3.574199914932251,0.038763566450639206,0.0751999941739169,0.0364364277232777,3.467600107192993,3.3673999309539795,1.9996116167381084,3.1768479169036397,3.5404999256134033,0.038909045132723724,0.07978179238059303,0.040872747247869316,3.433500051498413,3.3210999965667725,1.9577784357698436,3.0075192691470045,3.501499891281128,0.03927265514026989,0.09036358920010654,0.05109093405983665,3.3935000896453857,3.253000020980835,1.8403985421532112,2.58561025410999,3.460099935531616,0.03876365314830433,0.11007274280894887,0.07130908966064453,3.3534998893737793,3.157399892807007,1.5852027101181572,1.7356577253053267,3.4131999015808105,0.037999933416193184,0.1359636133367365,0.09796367992054332,3.3087000846862793,3.039299964904785,1.3678806154859662,1.035384803320662,3.365799903869629,0.03927265514026989,0.31483632867986505,0.27556367353959516,3.2578001022338867,2.5,2.78142283683618,7.284664667200033,3.3136000633239746,0.0394545468417081,0.21130908619273792,0.27556367353959516,3.2051000595092773,2.7325000762939453,0.6906563693576159,-0.28518694644779785
0.5C3C_2-6_1170cyc,4.1493000984191895,0.037127234719016335,0.0968727632002397,0.059745528481223366,4.0472002029418945,3.8828999996185303,2.3621212711375854,4.345513651404048,4.088699817657471,0.03923632881858132,0.07938176935369318,0.04014544053511186,3.980799913406372,3.8703999519348145,2.3786205995427547,4.437233910808513,4.0721001625061035,0.03890913183038885,0.07309098677201704,0.0341818549416282,3.965100049972534,3.8710999488830566,2.0073182828822014,3.2289065369110217,4.031599998474121,0.03832730379971591,0.06879997253417969,0.03047266873446378,3.9261999130249023,3.842400074005127,1.7025010607725037,2.281459645551747,3.9751999378204346,0.0374908447265625,0.06498180736194957,0.027490962635387074,3.8721001148223877,3.7964999675750732,1.6304817868895882,2.060091438398177,3.929500102996826,0.03661823272705078,0.06189094890247692,0.025272716175426136,3.8287999629974365,3.7592999935150146,1.6585734092835691,2.1454668301655495,3.896899938583374,0.03709090839732777,0.06105448982932351,0.02396358143199574,3.7948999404907227,3.7290000915527344,1.5840805680274315,1.9200204227460738,3.8566999435424805,0.03763632340864702,0.06105448982932351,0.02341816642067649,3.753200054168701,3.688800096511841,1.4984306696622396,1.6675608642533417,3.807300090789795,0.037200060757723724,0.06007272546941584,0.022872664711692116,3.7049999237060547,3.6421000957489014,1.4984208461237516,1.6769118955625206,3.7578999996185303,0.037163647738370026,0.06021820415150036,0.023054556413130325,3.6556999683380127,3.5922999382019043,1.5071614253412557,1.7139742807277099,3.7093000411987305,0.036254536021839485,0.06040000915527344,0.02414547313343395,3.609600067138672,3.5432000160217285,1.6229540654231407,2.0603066624913717,3.6682000160217285,0.03658181970769709,0.06112731586803089,0.024545496160333805,3.5676000118255615,3.5000998973846436,1.6901378293746983,2.261204852029839,3.6350998878479004,0.03730903972278942,0.0625090165571733,0.025199976834383877,3.5325000286102295,3.463200092315674,1.7170901253456385,2.3356523152841566,3.6052000522613525,0.03680003773082386,0.06476367603648793,0.027963638305664062,3.503999948501587,3.4270999431610107,1.8102849591881884,2.6221082411457557,3.5750999450683594,0.037963607094504616,0.0680000131780451,0.03003640608354048,3.4707000255584717,3.3880999088287354,1.7949637631580044,2.5524072919327505,3.5409998893737793,0.03770906274968928,0.07283635572953658,0.0351272929798473,3.437299966812134,3.3406999111175537,1.8269620770449368,2.6304763925019223,3.5035998821258545,0.038909045132723724,0.08043635975230824,0.04152731461958452,3.3966000080108643,3.282399892807007,1.728903480015491,2.2806281966484603,3.462399959564209,0.03741819208318537,0.09505453976717862,0.057636347683993255,3.359499931335449,3.2009999752044678,1.6011382110837211,1.8450934394471972,3.4182000160217285,0.03763641010631214,0.11912727355957031,0.08149086345325816,3.31469988822937,3.09060001373291,1.3471722611065584,1.047239944472393,3.370800018310547,0.03949087316339666,0.31661822579123755,0.2771273526278409,3.262200117111206,2.5000998973846436,2.165190960897055,3.7858585198175385,3.3155999183654785,0.03807267275723544,0.1874544837258079,0.2771273526278409,3.210900068283081,2.800100088119507,0.8078410883303742,-0.09022688999681838
0.5C3C_2-4_1230cyc,4.145400047302246,0.038945458152077415,0.11385458165949042,0.074909123507413,4.038300037384033,3.8322999477386475,2.4304482461196506,4.554878434308743,4.086299896240234,0.04098181291060014,0.09421816739169034,0.0532363544810902,3.973599910736084,3.827199935913086,2.4781791216763454,4.7679034480251605,4.068299770355225,0.04043631120161577,0.08658175034956499,0.04614543914794922,3.9570999145507812,3.830199956893921,2.227591531352391,3.9343155344732947,4.0233001708984375,0.04047281091863459,0.08029096776788885,0.039818156849254265,3.9119999408721924,3.802500009536743,2.017329690981949,3.2534352259244557,3.966900110244751,0.03774547576904297,0.07421822981400923,0.03647275404496626,3.863100051879883,3.7627999782562256,2.0244618785962474,3.2853564274332046,3.9238998889923096,0.03829089078036221,0.07083632729270241,0.0325454365123402,3.8185999393463135,3.729099988937378,1.9913527399337674,3.180498745668741,3.8924999237060547,0.038218151439319954,0.07043630426580255,0.0322181528264826,3.787400007247925,3.6988000869750977,1.9389323142388093,3.0162070589833645,3.850800037384033,0.037854541431773796,0.070399977944114,0.0325454365123402,3.7467000484466553,3.6572000980377197,1.9026602289852836,2.899560286074421,3.7946999073028564,0.037999933416193184,0.0689454512162642,0.030945517800071022,3.690200090408325,3.60509991645813,1.9146812788560326,2.933891877524599,3.743499994277954,0.0381454120982777,0.06912725622003729,0.030981844121759586,3.6386001110076904,3.5534000396728516,1.9279206263886626,2.9798446912785,3.6967999935150146,0.03789086775346236,0.07003636793656783,0.03214550018310547,3.592600107192993,3.504199981689453,1.998992594987839,3.204700740354915,3.658400058746338,0.038945458152077415,0.07134550267999823,0.03240004452792081,3.551300048828125,3.4621999263763428,2.005598398514211,3.217284808495779,3.627000093460083,0.03818182511763139,0.07287276874889027,0.03469094363125888,3.5220000743865967,3.4265999794006348,2.0515424967597236,3.3583568659658445,3.5980000495910645,0.03792728077281605,0.0761818452314897,0.03825456445867365,3.4937000274658203,3.3884999752044678,2.070742796092136,3.4092884228268234,3.5680999755859375,0.03839995644309304,0.08109092712402344,0.0426909706809304,3.4625000953674316,3.345099925994873,2.0456403347823784,3.2981061668872114,3.5332999229431152,0.03832721710205078,0.08850903944535689,0.05018182234330611,3.4279000759124756,3.289900064468384,1.9853965170896923,3.0616560296534994,3.493799924850464,0.03825447776100852,0.09934546730735085,0.06109098954634233,3.3886001110076904,3.220599889755249,1.811193953185666,2.4547841405682966,3.4519999027252197,0.039054523814808235,0.12072727896950462,0.08167275515469638,3.344599962234497,3.119999885559082,1.5256885527896624,1.515011313406836,3.4047999382019043,0.04010902751575817,0.14545449343594638,0.10534546592018822,3.2945001125335693,3.0048000812530518,1.3223735812472885,0.8821143080944132,3.3582000732421875,0.03974550420587713,0.31207275390625,0.27232724970037286,3.2488999366760254,2.5,3.5681430040728044,12.859895532961032,3.3029000759124756,0.04007278789173473,0.2198909412730824,0.27232724970037286,3.192699909210205,2.698199987411499,0.6200309494898765,-0.3986559117458728
0.5C3C_2-6_1230cyc,4.146900177001953,0.038945458152077415,0.10232734680175781,0.0633818886496804,4.03980016708374,3.865499973297119,2.3732948064274573,4.370446843291678,4.087200164794922,0.03923641551624645,0.08480002663352272,0.045563611117276276,3.979300022125244,3.8540000915527344,2.4165531669853024,4.56410880762845,4.069499969482422,0.03963635184548118,0.07814546064897017,0.03850910880348899,3.9605000019073486,3.854599952697754,2.0636666493946034,3.4032893233675106,4.025599956512451,0.039018197493119675,0.07312722639604048,0.03410902890292081,3.918299913406372,3.82450008392334,1.816686406539611,2.624559710381928,3.9690001010894775,0.03887280550870029,0.06858184120871803,0.029709035700017757,3.8620998859405518,3.780400037765503,1.7233710039125159,2.3319733557915017,3.925100088119507,0.037163647738370026,0.06570911407470703,0.028545466336337002,3.8229000568389893,3.7444000244140625,1.8121218927054028,2.6133152560030437,3.892400026321411,0.03676362471147017,0.06469093669544566,0.027927311983975498,3.791300058364868,3.7144999504089355,1.7702314641612655,2.491079256921866,3.8499999046325684,0.03745451840487393,0.06418176130814986,0.026727242903275925,3.746999979019165,3.6735000610351562,1.6743988124680906,2.1910890206205167,3.800299882888794,0.03709090839732777,0.06356360695578835,0.026472698558460583,3.6982998847961426,3.625499963760376,1.6818290731890118,2.2225811587503923,3.750999927520752,0.03654540668834339,0.06367267261851918,0.02712726593017578,3.6505000591278076,3.575900077819824,1.719116266097174,2.3423255121294018,3.7035000324249268,0.03741819208318537,0.06425458734685724,0.026836395263671875,3.600600004196167,3.5267999172210693,1.724526956503202,2.354721254076982,3.663599967956543,0.03749093142422763,0.06516361236572266,0.02767268094149503,3.560499906539917,3.4844000339508057,1.7980047283997496,2.57943459931238,3.6310999393463135,0.036945429715243255,0.06654539975253018,0.02959997003728693,3.5295000076293945,3.4481000900268555,1.8782703101323017,2.8271541632900767,3.6015000343322754,0.037309126420454544,0.06887271187522194,0.0315635854547674,3.4988999366760254,3.412100076675415,1.8891151381013254,2.8504978650977977,3.571199893951416,0.0384726957841353,0.0726181377064098,0.034145441922274505,3.465399980545044,3.371500015258789,1.8630773415339354,2.745039526278224,3.536900043487549,0.038945458152077415,0.07832726565274326,0.03938180750066584,3.429800033569336,3.321500062942505,1.839500859856741,2.636881817619882,3.4988999366760254,0.03774538907137784,0.08810910311612216,0.050363714044744316,3.3951001167297363,3.2565999031066895,1.7884771806823232,2.4370604741343227,3.457900047302246,0.03956361250443892,0.10403641787442294,0.06447280536998402,3.349100112915039,3.171799898147583,1.5345496338322568,1.602804794231659,3.413800001144409,0.038072759454900566,0.1278181943026456,0.08974543484774503,3.3090999126434326,3.062299966812134,1.3397100838031673,0.9911276510967268,3.3673999309539795,0.0384726957841353,0.315418156710538,0.2769454609264027,3.2616000175476074,2.5,2.568121305591195,5.926843011267627,3.3124001026153564,0.03832730379971591,0.19447274641557175,0.2769454609264027,3.2070000171661377,2.777600049972534,0.7643508054606001,-0.16591343407907644
0.5C3C_2-4_1350cyc,4.141427993774414,0.038643056696111504,0.14722468636252664,0.10858162966641513,4.035159587860107,3.736560106277466,5.390784987278017,43.26079766390515,4.083799839019775,0.040036548267711296,0.1366405487060547,0.0966040004383434,3.9736993312835693,3.708038330078125,2.6363388940165433,13.724423646397227,4.0615129470825195,0.03988890214399858,0.13600644198330966,0.09611753983931108,3.9518184661865234,3.687495231628418,1.9308463850256552,6.592084298210615,4.011571407318115,0.03823861208829013,0.12789518182927911,0.089656569740989,3.9064152240753174,3.6598596572875977,1.8074033472481261,5.427641521860053,3.9565036296844482,0.03908061981201172,0.11674482172185724,0.07766420190984552,3.849031925201416,3.635455369949341,1.533248983591916,3.755282414177219,3.916929244995117,0.03763779726895419,0.11693893779407848,0.07930114052512428,3.813425302505493,3.5953471660614014,1.3721076752916115,3.057645621088411,3.884016513824463,0.03851725838401101,0.12214617295698686,0.08362891457297585,3.7780940532684326,3.548114538192749,1.2400613608514002,2.310158783806779,3.83719801902771,0.037191911177201706,0.12198335474187677,0.08479144356467506,3.7349202632904053,3.501743793487549,1.2263434017267671,2.3595847302684385,3.7834413051605225,0.03878974914550781,0.11828422546386719,0.07949447631835938,3.676769495010376,3.4581596851348877,1.1922501768313083,2.09423371270778,3.733701467514038,0.03828716278076172,0.11881065368652344,0.08052349090576172,3.6284117698669434,3.4069721698760986,1.2705969547934413,2.4381072631929035,3.6888227462768555,0.037617943503639915,0.12105725028298119,0.08343930677934126,3.5853734016418457,3.3559153079986572,1.3007843145822262,2.685487871320306,3.652240514755249,0.03887167843905362,0.12537592107599432,0.08650424263694069,3.5453433990478516,3.3074567317962646,1.2185379849827007,2.308363222889871,3.621448516845703,0.03782471743496982,0.13165708021684128,0.09383236278187145,3.517430543899536,3.2593915462493896,1.1747538987635968,2.187269718902429,3.5931057929992676,0.03890037536621094,0.14020824432373047,0.10130786895751953,3.4861297607421875,3.207533121109009,1.0651205984029104,1.69283493548697,3.5628647804260254,0.03688474134965376,0.15289297970858487,0.1160082383589311,3.4614317417144775,3.142409086227417,1.0767643816279335,1.8010016756611664,3.5283305644989014,0.03763753717595881,0.16895051435990768,0.13131297718394885,3.4248273372650146,3.0637166500091553,1.1753000889140985,2.0477587204010215,3.49011492729187,0.03772371465509588,0.19201807542280716,0.1542943607677113,3.3863747119903564,2.9620652198791504,1.3949330692539528,2.9016582764937358,3.4492831230163574,0.03698548403653232,0.23921507055109198,0.20222958651455966,3.3475730419158936,2.7914416790008545,1.1245344398987358,1.9575976840277827,3.4042999744415283,0.03795025565407493,0.3288515264337713,0.29090127077969635,3.2999367713928223,2.4999582767486572,0.9249513160133729,0.1253243075563133,3.3592612743377686,0.03724956512451172,0.3124806664206765,0.2752311012961648,3.2568249702453613,2.499939441680908,3.888972656928785,15.718938089768972,3.3039093017578125,0.03944761102849787,0.2929859161376953,0.25353830510919745,3.1954283714294434,2.4981980323791504,0.43580077780615417,-0.6463672411126073
0.5C3C_2-6_1350cyc,4.143616676330566,0.03569429570978338,0.1362068002874201,0.10051250457763672,4.045457363128662,3.769047975540161,4.7049482202366075,35.14559719466682,4.08491849899292,0.03929589011452415,0.12557818672873758,0.08628229661421342,3.9768548011779785,3.7395784854888916,2.0725360797910573,9.066655847752235,4.064147472381592,0.03904281963001598,0.12704294378107245,0.08800012415105646,3.956779718399048,3.7147793769836426,1.5406090512858446,3.881039962665419,4.015588760375977,0.03683991865678267,0.11834083903919566,0.081500920382413,3.914278984069824,3.6901514530181885,1.4836242428669402,3.250290407752325,3.959662914276123,0.037401979619806465,0.11042646928267046,0.073024489662864,3.8568074703216553,3.6559901237487793,1.3742724750525905,2.768899537998969,3.918713331222534,0.03777911446311257,0.110179987820712,0.07240087335759943,3.8148207664489746,3.615718364715576,1.184662117421234,1.9918802435934042,3.8845789432525635,0.03672738508744673,0.11249550906094638,0.07576812397349965,3.783578634262085,3.575216293334961,1.0574816727920806,1.4257598929601434,3.8391454219818115,0.03803842717950994,0.11182308197021484,0.0737846547907049,3.734539747238159,3.5316319465637207,0.9602567143014585,0.9641503751312146,3.789921760559082,0.03666513616388494,0.11233104359019887,0.07566590742631392,3.6890926361083984,3.481011390686035,1.0027831067691726,1.0845708354878338,3.7410290241241455,0.03755543448708274,0.11323651400479404,0.07568107951771129,3.637751579284668,3.429628610610962,1.0552709830008375,1.1910562990424634,3.695195198059082,0.03791332244873047,0.11381548101251776,0.07590215856378729,3.5909335613250732,3.382202625274658,1.0579217211059406,1.234304743717657,3.6573643684387207,0.03731545535000888,0.07903549887917259,0.041720043529163704,3.5547468662261963,3.440016746520996,0.9898278084632252,1.0628162832840937,3.626007080078125,0.036944042552601204,0.1211591200395064,0.08421507748690518,3.5244109630584717,3.2928194999694824,0.9754305152483121,1.062119217319431,3.5968539714813232,0.03814870660955256,0.12919816103848544,0.09104945442893288,3.4919450283050537,3.2415590286254883,0.9027118868903569,0.8190717413161361,3.566261053085327,0.036910837346857246,0.1406623666936701,0.10375152934681285,3.4647562503814697,3.1794395446777344,0.8780393525410691,0.8334258044201786,3.5322670936584473,0.038619735024192116,0.15586280822753906,0.11724307320334694,3.426062822341919,3.103644371032715,0.8531348536630006,0.678319994525634,3.4952940940856934,0.03709186207164417,0.1795115037397905,0.1424196416681463,3.393291473388672,3.0016374588012695,0.9786829232480105,1.0624104364014517,3.4549648761749268,0.037724841724742546,0.2248973846435547,0.18717254291881213,3.3512215614318848,2.8364970684051514,0.8417879069426198,0.7630291988881996,3.411947727203369,0.03708085146817294,0.33158987218683417,0.2945090207186612,3.3099753856658936,2.500075578689575,0.494111795511668,-0.5785081518141437,3.3682878017425537,0.03722390261563388,0.3157211650501598,0.27849726243452594,3.2659220695495605,2.5000545978546143,2.915012618360932,8.139612617996818,3.3164987564086914,0.039189512079412285,0.2976359454068271,0.2584464333274148,3.2087275981903076,2.497999906539917,0.3859642032120309,-0.6595779628928695
0.5C3C_2-4_1440cyc,4.137940406799316,0.03580873662775213,0.16397476196289062,0.1281660253351385,4.039466381072998,3.687009811401367,5.6739771489858235,45.858305858259236,4.081752777099609,0.0397812236439098,0.15317292646928268,0.11339170282537286,3.9723544120788574,3.660527229309082,2.877906040460166,15.3079815139157,4.054195404052734,0.04034623232754794,0.14840897646817294,0.108062744140625,3.9432432651519775,3.646070718765259,2.18776650019789,8.436717493090548,4.00105619430542,0.03965533863414417,0.13813920454545456,0.09848386591131036,3.8920040130615234,3.62117338180542,1.9812037577841635,6.727126114291995,3.948120355606079,0.03956491296941584,0.1288127899169922,0.08924787694757635,3.8393168449401855,3.5938851833343506,1.6971305938437307,4.97601807843576,3.911041736602783,0.03861063176935369,0.1300600225275213,0.09144939075816762,3.8048624992370605,3.5533766746520996,1.508217683608502,3.9260639758792024,3.875182867050171,0.038614966652610085,0.13325396451083096,0.09463899785822089,3.768991708755493,3.5087344646453857,1.397786499977877,3.2535188701011686,3.8262112140655518,0.03760962052778764,0.13280894539572977,0.09519932486794212,3.7227847576141357,3.460986614227295,1.4168153022572065,3.4574596586146376,3.774737596511841,0.03899808363481001,0.13108764995228162,0.09208956631747159,3.6674928665161133,3.4142465591430664,1.4327879575374662,3.4489637153540187,3.7258458137512207,0.03921950947154652,0.13099306279962714,0.09177355332808061,3.6179921627044678,3.365614891052246,1.4590541591204258,3.5700836024777454,3.6826632022857666,0.038869164206764915,0.13274686986749823,0.09387770566073331,3.575773000717163,3.3176093101501465,1.443675623123817,3.5591610809849206,3.6475844383239746,0.03750601681795987,0.13857954198663885,0.10107352516867897,3.544442892074585,3.2664906978607178,1.4257960126349243,3.581846586033988,3.617584705352783,0.03818503293124112,0.14623624628240411,0.108051213351163,3.51257586479187,3.215435028076172,1.3294119100013775,3.055328558498773,3.589707374572754,0.037274534052068535,0.15519228848544034,0.11791775443337181,3.4872024059295654,3.162928581237793,1.275295036467554,2.7752421127312106,3.5594613552093506,0.037225289778275925,0.13007978959517044,0.09285449981689453,3.457091808319092,3.201741933822632,1.320862609051992,2.9370604374937317,3.5256030559539795,0.03954965418035334,0.18157906965775925,0.14202941547740588,3.416841506958008,3.0262606143951416,1.475423813523537,3.4097330372365757,3.488980531692505,0.03874813426624645,0.20484395460648971,0.16609582034024326,3.382423162460327,2.925659656524658,1.6278544513772635,4.144479880052704,3.449153184890747,0.03687945279208096,0.24601511521772904,0.20913566242564807,3.3477346897125244,2.772611618041992,1.2290248793133358,2.3633421159946026,3.405884027481079,0.039209539240056816,0.3294333544644443,0.29022381522438745,3.298057794570923,2.4999423027038574,1.1390775547849343,0.6551939704462355,3.362684726715088,0.03769354386763139,0.3137109929865057,0.27601744911887427,3.2590274810791016,2.4999794960021973,3.9603886599927165,16.403886905287216,3.3090035915374756,0.03823800520463423,0.2947642586447976,0.25652625344016333,3.2038490772247314,2.4984018802642822,0.4469106571351447,-0.5851209315575843
0.5C3C_2-6_1440cyc,4.1404595375061035,0.03785098682750355,0.1473095633766868,0.10945857654918324,4.036369323730469,3.735358238220215,5.034663903481138,38.48824914836505,4.083168983459473,0.03801840001886541,0.1374056556008079,0.09938725558194247,3.9786183834075928,3.705303430557251,2.3935657696196335,11.443108777679496,4.0583109855651855,0.0379990664395419,0.1365732713179155,0.09857420487837358,3.9538135528564453,3.682734489440918,1.8266936562564524,5.839449347064365,4.005759239196777,0.037560896439985794,0.1279315948486328,0.09037069840864702,3.9024667739868164,3.653947353363037,1.7147884143993641,4.864064790193548,3.9513559341430664,0.0398543964732777,0.11980871720747514,0.07995432073419745,3.8417563438415527,3.6218819618225098,1.4743268689973006,3.488300454226162,3.913321018218994,0.039470585909756745,0.11932598460804332,0.07985539869828658,3.804776906967163,3.585174560546875,1.2495349566573501,2.400645578992532,3.8772647380828857,0.03727236661044034,0.12176071513782848,0.08448834852738814,3.774765729904175,3.5424227714538574,1.1716220584272978,2.0706027735961596,3.8299195766448975,0.03894051638516513,0.12178819829767401,0.08284768191250888,3.7228331565856934,3.495002031326294,1.1009379935746522,1.6688269278115264,3.7805235385894775,0.03884367509321733,0.12081024863503197,0.08196657354181464,3.67370343208313,3.4482953548431396,1.115929338898428,1.6203673757831174,3.7319061756134033,0.03824459422718395,0.12228757684881036,0.08404298262162642,3.6267335414886475,3.395615339279175,1.2007254334130015,1.9962779925642735,3.6877758502960205,0.038512836803089485,0.12326171181418678,0.0847488750110973,3.5818655490875244,3.348806142807007,1.1835940037550878,1.9688625111502613,3.65181565284729,0.03889534690163352,0.12547683715820312,0.0865814902565696,3.544853448867798,3.3067543506622314,1.0986946659278276,1.6281543720669474,3.6215176582336426,0.03730531172318892,0.1321806474165483,0.09487533569335938,3.518928050994873,3.2580208778381348,1.0721462850422754,1.6269838567772057,3.592806577682495,0.03902764753861861,0.14245085282759232,0.10342320528897372,3.485480546951294,3.201066732406616,1.0026723556660435,1.3447142610304246,3.5622527599334717,0.03945055874911221,0.1546114141290838,0.11516085537997159,3.453763723373413,3.137071371078491,0.9874985966765303,1.280801215881322,3.5287086963653564,0.03864010897549716,0.16999652168967508,0.13135641271417792,3.4224483966827393,3.06121826171875,1.0742298283545975,1.541072113105935,3.492584466934204,0.0381637920032848,0.1915373368696733,0.1533735448663885,3.387634038925171,2.9658567905426025,1.1642651232351338,1.84309950356426,3.4530062675476074,0.03760927373712713,0.24230072715065695,0.20469145341352982,3.349580764770508,2.786679267883301,0.8839910324973077,1.0245876976218122,3.4106078147888184,0.039761803366921165,0.33110566572709516,0.291343862360174,3.301262855529785,2.5000672340393066,0.8274910282709264,-0.1981409943036292,3.369107484817505,0.038774056868119675,0.31600249897349963,0.27722844210537995,3.262478828430176,2.500100612640381,3.3436716096087773,11.159142403778784,3.3196022510528564,0.03905703804709695,0.2982249693437056,0.25916793129660864,3.21219539642334,2.499483585357666,0.3892473431277486,-0.6539462933518863
0.5C3C_2-6_930cyc,4.156899929046631,0.03658173301003196,0.07756363261829723,0.04098189960826527,4.056300163269043,3.9435999393463135,2.1128661580933605,3.524814399576494,4.093299865722656,0.038909045132723724,0.0634544545953924,0.02454540946266868,3.986299991607666,3.918800115585327,2.0522780920631427,3.3433417703164263,4.076900005340576,0.03741819208318537,0.05839998071843928,0.020981788635253906,3.9739999771118164,3.916300058364868,1.6550872614392664,2.130269853735922,4.047299861907959,0.03661814602938565,0.05701810663396662,0.020399960604580967,3.9465999603271484,3.890500068664551,1.212116212688625,0.8593761165943508,3.991499900817871,0.03559996865012429,0.0545090762051669,0.018909107555042614,3.8935999870300293,3.841599941253662,1.0632871990730588,0.4624997939715403,3.9405999183654785,0.03509087996049361,0.0522545034235174,0.017163623463023792,3.844099998474121,3.7969000339508057,1.063940002187473,0.4563885658393634,3.906100034713745,0.035163619301535866,0.051236412741921165,0.0160727934403853,3.8094000816345215,3.765199899673462,1.0157579075709355,0.3257932436279698,3.871299982070923,0.03429092060435902,0.051199999722567474,0.01690907911820845,3.7769999504089355,3.7304999828338623,1.0764894376705483,0.4955433506511957,3.822999954223633,0.0348000092939897,0.050327214327725495,0.015527205033735796,3.727299928665161,3.6846001148223877,0.9710514520910267,0.21989454581810008,3.772599935531616,0.03436357324773615,0.04985453865744851,0.015490965409712358,3.678100109100342,3.635499954223633,0.9962591120913998,0.309166669060966,3.7223000526428223,0.034145441922274505,0.04992727799849077,0.015781836076216263,3.6284000873565674,3.5850000381469727,1.059443466132445,0.48244791882214955,3.677799940109253,0.03410902890292081,0.04974547299471768,0.015636444091796875,3.5840001106262207,3.5409998893737793,1.1210378655103221,0.6562012402560771,3.6424999237060547,0.03527268496426669,0.05043636668812145,0.01516368172385476,3.5455000400543213,3.5037999153137207,1.0828936158071092,0.5484680552020098,3.6120998859405518,0.03538175062699751,0.05167267539284446,0.016290924765846947,3.5148000717163086,3.4700000286102295,1.1838380292176967,0.8178337640141229,3.581899881362915,0.03501814061945135,0.05338174646550959,0.01836360584605824,3.485599994659424,3.4351000785827637,1.3371837013954155,1.244851260552804,3.54830002784729,0.03520003232088956,0.0561454946344549,0.020945462313565342,3.4514999389648438,3.393899917602539,1.4378763860507409,1.5199327310073336,3.510699987411499,0.03669088537042791,0.06138177351518111,0.024690888144753197,3.4098000526428223,3.341900110244751,1.4611549568240494,1.5659041060252763,3.4688000679016113,0.036145470359108665,0.0702545859596946,0.03410911560058594,3.3694000244140625,3.275599956512451,1.486363463815615,1.6117695782091763,3.4228999614715576,0.03690910339355469,0.09101815657182173,0.054109053178267044,3.3213999271392822,3.172600030899048,1.2423147333363853,0.8845675872536902,3.3714001178741455,0.03760008378462358,0.3168364438143643,0.2792363600297408,3.2679998874664307,2.5000998973846436,1.5330109724851897,1.1187469318247256,3.313999891281128,0.03741810538552024,0.16439992731267755,0.2792363600297408,3.2111001014709473,2.8619000911712646,0.8529117612737697,-0.02034124692681738
0.5C3C_2-7_1050cyc,4.14709997177124,0.03836354342373935,0.11378184231844815,0.0754182988947088,4.041600227355957,3.834199905395508,2.42029857692798,4.524266681838299,4.08650016784668,0.04261823133988814,0.09349094737659801,0.05087271603670987,3.9693000316619873,3.829400062561035,2.444317827139599,4.651730814638664,4.068900108337402,0.04156364094127308,0.08570913835005327,0.04414549740878018,3.9546000957489014,3.833199977874756,2.1754425872537437,3.7636272275025053,4.025199890136719,0.03970909118652344,0.07905448566783559,0.03934539448131214,3.9159998893737793,3.807800054550171,2.006098487376201,3.222442754255632,3.968600034713745,0.038072759454900566,0.07389094612815163,0.03581818667325107,3.8638999462127686,3.765399932861328,1.9928941378697458,3.183614007456094,3.925299882888794,0.0387999794699929,0.07050904360684482,0.03170906413685192,3.8185999393463135,3.7314000129699707,1.9510342406373016,3.0533534669107087,3.8945000171661377,0.03938180750066584,0.0696000185879794,0.030218211087313564,3.7862000465393066,3.7030999660491943,1.8539649371380527,2.746309721506236,3.855600118637085,0.03756367076526989,0.06989097595214844,0.03232730518687855,3.7523000240325928,3.6633999347686768,1.8891307974648954,2.8619696707314297,3.80049991607666,0.03854543512517756,0.06916358254172585,0.030618147416548294,3.694499969482422,3.610300064086914,1.8656159637501888,2.7790477723917313,3.746299982070923,0.03818182511763139,0.06901819055730646,0.03083636543967507,3.6412999629974365,3.55649995803833,1.9202351452789967,2.9589054666733565,3.698699951171875,0.037963607094504616,0.06952727924693715,0.031563672152432526,3.5943000316619873,3.507499933242798,1.9849626843522696,3.16445983658486,3.6602001190185547,0.03883639248934659,0.07065460898659447,0.03181821649724787,3.5534000396728516,3.46589994430542,2.001120714931126,3.2080108707771497,3.628700017929077,0.03858184814453125,0.07312731309370561,0.03454546494917436,3.522599935531616,3.4275999069213867,2.0557633422961885,3.378918442247558,3.599600076675415,0.03789095445112749,0.07625458457253197,0.03836363012140447,3.4953999519348145,3.389899969100952,2.0881132746230087,3.4738572083987114,3.5699000358581543,0.038109085776589134,0.08090912212025035,0.042800036343661224,3.465100049972534,3.347399950027466,2.071630631774833,3.394499926257942,3.5364999771118164,0.03818182511763139,0.08716366507790306,0.04898183996027166,3.43149995803833,3.296799898147583,2.0132370586721047,3.167268193380674,3.49780011177063,0.03861826116388494,0.09836370294744318,0.059745441783558235,3.3915998935699463,3.227299928665161,1.8543289245303896,2.605943937609627,3.455699920654297,0.039672678167169746,0.11763633381236684,0.07796365564519708,3.34660005569458,3.132200002670288,1.5780206203682106,1.68277576636308,3.4086999893188477,0.03916358947753906,0.1414181969382546,0.10225460746071556,3.3010001182556152,3.0197999477386475,1.3935533339557689,1.0877740364612913,3.3598999977111816,0.0407272685657848,0.3126909082586115,0.2719636396928267,3.2479000091552734,2.5,3.2253321814224165,10.278959275128264,3.305500030517578,0.03876365314830433,0.21701821413907138,0.2719636396928267,3.198899984359741,2.708699941635132,0.6722541515582803,-0.31116084717712633
0.5C3C_2-7_1110cyc,4.144499778747559,0.039927222511985085,0.12178169597278941,0.08185447346080434,4.0346999168396,3.8096001148223877,2.397752148397298,4.422668705707442,4.084799766540527,0.0414908149025657,0.10076358101584694,0.05927276611328125,3.9707000255584717,3.8076999187469482,2.4451591051422303,4.64434819802797,4.065199851989746,0.04098172621293501,0.09236361763694069,0.051381891424005684,3.952500104904175,3.811199903488159,2.2163715733868044,3.8838941103748486,4.018400192260742,0.03890913183038885,0.08520004966042259,0.04629091783003374,3.911400079727173,3.78410005569458,2.1103307637056674,3.548061535416452,3.9623000621795654,0.039018197493119675,0.07923637736927379,0.04021817987615412,3.8550000190734863,3.7444000244140625,2.068565775521837,3.4147851703415864,3.921099901199341,0.03956361250443892,0.07589088786732066,0.036327275362881745,3.812299966812134,3.712399959564209,2.0437087154223788,3.3375881120745525,3.8901000022888184,0.038872718811035156,0.07512725483287465,0.036254536021839485,3.7832000255584717,3.683500051498413,2.003268791651028,3.213759796061578,3.84879994392395,0.03872724012895064,0.07501818917014381,0.036290949041193184,3.742300033569336,3.6424999237060547,1.959690505312178,3.0714099947485147,3.793299913406372,0.039127263155850495,0.07418181679465553,0.035054553638805046,3.685699939727783,3.5892999172210693,1.969683332543308,3.0971416959640496,3.7404000759124756,0.03927274183793501,0.07410907745361328,0.03483633561567827,3.6324000358581543,3.536600112915039,1.9870181630148833,3.1537105729570722,3.694000005722046,0.038872718811035156,0.0751999941739169,0.036327275362881745,3.587100028991699,3.4872000217437744,2.05075006168936,3.3571429773228445,3.656599998474121,0.03970909118652344,0.07669093392112038,0.03698184273459695,3.5473999977111816,3.44569993019104,2.0656996791477655,3.3964688670674468,3.6256000995635986,0.03938189419833096,0.07887276736172763,0.03949087316339666,3.5172998905181885,3.4086999893188477,2.0873793714822337,3.4568558842099124,3.5968000888824463,0.039200002496892754,0.08225458318536932,0.04305458068847656,3.489000082015991,3.3705999851226807,2.0856367970917624,3.4361003640901586,3.566999912261963,0.03934539448131214,0.08727273074063388,0.04792733625932173,3.4588000774383545,3.3269999027252197,2.0486873096161906,3.285640340326281,3.533400058746338,0.03956369920210405,0.09512727910822089,0.05556357990611683,3.4245998859405518,3.2718000411987305,1.9690251618714107,2.982313567920918,3.4946000576019287,0.03967276486483487,0.10720001567493785,0.06752725081010298,3.385499954223633,3.1998000144958496,1.7932932448152692,2.369033009603191,3.452899932861328,0.038909045132723724,0.1261817758733576,0.08727273074063388,3.345900058746338,3.1059000492095947,1.5708384941561968,1.6272724459498544,3.4066998958587646,0.03923632881858132,0.14730904319069602,0.1080727143721147,3.298799991607666,3.0016000270843506,1.384853030616847,1.0497264848839256,3.3585000038146973,0.039200002496892754,0.31218181956898083,0.2729818170720881,3.250699996948242,2.5,3.421428368419678,11.790105280997434,3.3041000366210938,0.03989089619029652,0.21949091824618253,0.2729818170720881,3.1944000720977783,2.700500011444092,0.6486564321654601,-0.3564137533244458
0.5C3C_2-7_1230cyc,4.140202522277832,0.03625037453391335,0.15956913341175427,0.12331875887784091,4.04051399230957,3.701387405395508,5.326823812040233,41.95580920731102,4.082181453704834,0.041495930064808235,0.1481027603149414,0.10660683025013316,3.9680676460266113,3.674898862838745,2.686682770752173,13.583695592103538,4.057011127471924,0.040269418196244675,0.10637716813520952,0.06610774993896484,3.946270227432251,3.7644739151000977,2.030107422292211,7.271401615753053,4.005633354187012,0.03821251609108665,0.133964018388228,0.09575150229714134,3.9005489349365234,3.6372323036193848,1.9476687318838763,6.4578980954105845,3.951448917388916,0.03962776877663352,0.12637719241055576,0.08674942363392223,3.842472553253174,3.6039116382598877,1.7313630809062792,5.111333787421767,3.9135890007019043,0.03707842393354936,0.12568803267045456,0.08860960873690518,3.8116233348846436,3.5679469108581543,1.541595812872366,4.137854607969251,3.8807387351989746,0.03833580017089844,0.12886099381880325,0.09052519364790483,3.775315284729004,3.5263710021972656,1.3506373747910756,2.920868938992549,3.835003137588501,0.0391609018499201,0.12891275232488458,0.08975185047496449,3.7273106575012207,3.4804930686950684,1.306913078461043,2.7150717388521635,3.7810261249542236,0.03902600028298118,0.12674470381303268,0.0877187035300515,3.6737046241760254,3.432478189468384,1.340419150512957,2.913061262095325,3.7302918434143066,0.038733569058504974,0.12657330252907492,0.08783973347056996,3.623774528503418,3.3822152614593506,1.4320631058036077,3.3907018818066232,3.6859562397003174,0.03846402601762251,0.12751787359064276,0.08905384757302025,3.5801801681518555,3.33528208732605,1.4445963917764386,3.5168561326886394,3.6506121158599854,0.037597482854669746,0.13222512331875888,0.09462764046408913,3.5472190380096436,3.2869930267333984,1.404066788395852,3.391981656928957,3.6205339431762695,0.03753480044278232,0.13852448896928268,0.10098968852650035,3.517313241958618,3.239591598510742,1.3189521361671368,2.9652140307673065,3.592028856277466,0.03798623518510298,0.1479248567060991,0.1099386215209961,3.4875667095184326,3.1852355003356934,1.2642179731041323,2.6791025575048497,3.5621886253356934,0.038376721468838776,0.15892921794544568,0.12055249647660689,3.4566526412963867,3.1251332759857178,1.2750722725267043,2.661698200770842,3.5292370319366455,0.03802195462313565,0.1714106473055753,0.13338869268243964,3.4246766567230225,3.0578577518463135,1.389943509411889,3.066274531798298,3.492023468017578,0.03868172385475852,0.19095238772305576,0.15227066386829724,3.385648727416992,2.966904401779175,1.5496904387079151,3.7541038143118337,3.45165753364563,0.03915882110595703,0.2371929342096502,0.19803411310369318,3.343970775604248,2.799376964569092,1.1952842593667632,2.2838982276288675,3.4078288078308105,0.038840900767933235,0.33010725541548297,0.29126635464754974,3.301016330718994,2.5000338554382324,0.8275803284811263,0.027741190699593243,3.361485242843628,0.039603320035067474,0.3132576508955522,0.27365433086048474,3.2525761127471924,2.5000267028808594,3.4557229487049597,12.141165364396802,3.3084137439727783,0.037531592629172585,0.2943295565518466,0.256797963922674,3.2052018642425537,2.4990074634552,0.44941398726149157,-0.5815954184843601
0.5C3C_2-7_1320cyc,4.1360297203063965,0.038216504183682526,0.17955225164240057,0.14133574745871805,4.0309343338012695,3.642261028289795,5.145882134274538,38.651402580833654,4.079615116119385,0.038244680924849075,0.16573489796031604,0.12749021703546698,3.97444224357605,3.6238441467285156,2.9226395690481057,15.115524975387753,4.048181056976318,0.03866282376376065,0.15203285217285156,0.11337002840909091,3.9418582916259766,3.6300907135009766,2.220818092059353,8.5716396344457,3.9934468269348145,0.0392019965431907,0.14597017114812677,0.10676817460493608,3.88564133644104,3.592028856277466,2.1173367304642223,7.73504957761015,3.941014528274536,0.038201765580610794,0.13912955197420987,0.10092778639359908,3.8359596729278564,3.558408260345459,1.9324145850919838,6.654895384730571,3.905719041824341,0.03890011527321555,0.14074724370783026,0.1018471284346147,3.798743724822998,3.5186641216278076,1.6600976399375091,4.835583615529375,3.8696374893188477,0.038345163518732246,0.14262780276211826,0.104282639243386,3.764188289642334,3.4774110317230225,1.5332374872484291,4.009472510701206,3.82104754447937,0.03931383653120561,0.13984966278076172,0.1005358262495561,3.7129344940185547,3.4364609718322754,1.4851857590324686,3.74613870641486,3.7685680389404297,0.039576270363547585,0.14086211811412463,0.10128584775057706,3.659733295440674,3.381197214126587,1.5966437613629567,4.403762630356547,3.719435930252075,0.038585662841796875,0.1410357735373757,0.10245011069557884,3.613325357437134,3.331587553024292,1.6872350429677254,4.98519893335317,3.6772301197052,0.037142493508078835,0.14231040261008523,0.1051679091020064,3.5750882625579834,3.285876512527466,1.6957916229916572,5.13312087995344,3.643885612487793,0.037682446566495026,0.1425562771883878,0.10487383062189276,3.5402588844299316,3.2518558502197266,1.570047784984542,4.327332703202802,3.615177631378174,0.03748104789040305,0.15429583462801846,0.11681478673761542,3.5121047496795654,3.190864086151123,1.5313093756587097,4.1268227170196665,3.586590528488159,0.038234797391024505,0.163597280328924,0.1253624829378995,3.481444835662842,3.136698007583618,1.5195921510909216,3.9558913865270755,3.556884288787842,0.038701837713068184,0.17409818822687323,0.13539635051380505,3.4504542350769043,3.0781142711639404,1.6313424954670745,4.431941267401544,3.524387836456299,0.03867686878551136,0.1864119443026456,0.14773507551713425,3.4180264472961426,3.0117549896240234,1.7790607945961197,5.120133445227134,3.4891371726989746,0.0373740629716353,0.20358050953258167,0.16620644656094638,3.3863584995269775,2.929290771484375,1.76507888514206,4.994538745119357,3.4497926235198975,0.03692219474098899,0.254012714732777,0.217090519991788,3.3482565879821777,2.7512576580047607,1.269793755276732,2.543202185691496,3.407702684402466,0.03700143640691584,0.3300878351384943,0.2930863987315785,3.3059487342834473,2.4999611377716064,1.1850489988674358,0.8148412034438981,3.363095760345459,0.03818390586159446,0.3138521367853338,0.2756682309237393,3.258090019226074,2.500002384185791,3.7249264946362057,14.372732948019092,3.311281204223633,0.038739464499733665,0.29580827192826703,0.2570688074285334,3.2047476768493652,2.4978084564208984,0.45249348863125916,-0.5926423236941383
1C0.5C_4-6_1035cyc,4.11929988861084,0.03825447776100852,0.1641817959872159,0.1259273182262074,4.014100074768066,3.667799949645996,2.0829168024729463,3.096787891886417,4.077000141143799,0.0417091196233576,0.139090971513228,0.09738185188987038,3.9623000621795654,3.694499969482422,2.1530448899964596,3.4438683812317734,4.041600227355957,0.040145527232776985,0.1264000805941495,0.08625455336137251,3.9312000274658203,3.694000005722046,2.141147039551025,3.4520826466597896,3.9809999465942383,0.04130909659645774,0.11480001969770952,0.07349092310125177,3.8673999309539795,3.665299892425537,2.1351806862918816,3.4629710247598435,3.930000066757202,0.04054546356201172,0.10821819305419922,0.0676727294921875,3.81850004196167,3.6324000358581543,2.1612205208773414,3.5681786739798804,3.8958001136779785,0.03970909118652344,0.1060364463112571,0.06632735512473366,3.786600112915039,3.6041998863220215,2.1434662683920833,3.518038169144835,3.8589999675750732,0.03963635184548118,0.10639996962113814,0.06676361777565697,3.75,3.5664000511169434,2.101562932966533,3.375801351970612,3.8150999546051025,0.03865450078790838,0.10716360265558417,0.06850910186767578,3.7088000774383545,3.520400047302246,2.0883626598412843,3.3366538529270375,3.7637999057769775,0.038872718811035156,0.10814545371315697,0.06927273490212181,3.656899929046631,3.466399908065796,2.045068024999538,3.167367534093729,3.709199905395508,0.04010902751575817,0.10785449634898793,0.06774546883322975,3.598900079727173,3.412600040435791,2.0248167784026045,3.082460041902455,3.6672000885009766,0.04065461592240767,0.10927278345281427,0.0686181675304066,3.5553998947143555,3.3666999340057373,2.002982825595554,2.992238002712692,3.6342999935150146,0.04032724553888494,0.11250912059437145,0.07218187505548651,3.523400068283081,3.324899911880493,1.9607615883011684,2.8338195349510737,3.605600118637085,0.04032733223655007,0.1178909648548473,0.07756363261829723,3.4946999549865723,3.281399965286255,1.877816409254344,2.5375937022354718,3.5782999992370605,0.03916367617520419,0.1261817758733576,0.08701809969815341,3.470599889755249,3.231300115585327,1.7669387060281188,2.1546547818610735,3.5515999794006348,0.04021817987615412,0.13770909742875534,0.09749091755260121,3.440999984741211,3.1728999614715576,1.5918311265624066,1.5855680481168823,3.5251998901367188,0.039745417508212005,0.15269088745117188,0.11294546994295987,3.4158999919891357,3.105299949645996,1.4116108075611848,1.0470048625338837,3.4969000816345215,0.03847278248180042,0.17120005867697977,0.13272727619517932,3.3910999298095703,3.026099920272827,1.2349445052196641,0.5788644013720119,3.462399959564209,0.03869091380726208,0.18869087912819602,0.14999996532093396,3.3559999465942383,2.94350004196167,1.0817660845440968,0.21159757430232373,3.426100015640259,0.03840004314075817,0.20549089258367365,0.1670908494429155,3.320499897003174,2.8610000610351562,0.9527975452381019,-0.05660578780006453,3.3891000747680664,0.03890913183038885,0.32338185743852094,0.2844727256081321,3.282099962234497,2.499799966812134,5.1809979874330745,28.977605096075276,3.34660005569458,0.03981824354691939,0.26112729852849786,0.2844727256081321,3.2370998859405518,2.628499984741211,0.5782510797790172,-0.5903321110771307
1C0.5C_4-8_1035cyc,4.1234002113342285,0.0394545468417081,0.15185460177334872,0.11240005493164062,4.014900207519531,3.7058000564575195,2.1102669605790663,3.2481455411196993,4.0777997970581055,0.04087266055020419,0.12869080630215732,0.08781814575195312,3.965399980545044,3.723900079727173,2.162501510034465,3.5215597661108884,4.044600009918213,0.04134542291814631,0.11796361749822443,0.07661819458007812,3.9309000968933105,3.7202000617980957,2.1041271275004316,3.363698258810495,3.9856998920440674,0.041745445945046165,0.10792723569003018,0.06618178974498402,3.8708999156951904,3.6888999938964844,2.0800733100694977,3.3100723667271232,3.9330999851226807,0.038909045132723724,0.10145456140691583,0.06254551627419212,3.8261001110076904,3.654099941253662,2.1332483104212336,3.5074668072534276,3.8966000080108643,0.03970909118652344,0.09898185729980469,0.05927276611328125,3.787400007247925,3.6243999004364014,2.0997926848667237,3.401886797291521,3.8577001094818115,0.04072735526344993,0.09876363927667792,0.05803628401322798,3.745699882507324,3.5861001014709473,2.03623072275768,3.1879564304250323,3.8138999938964844,0.0394545468417081,0.09912724928422408,0.05967270244251598,3.705399990081787,3.541300058364868,2.0130325594826184,3.1091540210300845,3.767400026321411,0.04050913724032315,0.10007277402010831,0.059563636779785156,3.6559998989105225,3.4921998977661133,1.9721879434952077,2.9645527676584527,3.7188000679016113,0.03981824354691939,0.10050912336869673,0.060690879821777344,3.609299898147583,3.4423999786376953,1.973688587033721,2.959242544500481,3.67549991607666,0.03923632881858132,0.10156362706964667,0.06232729825106534,3.5676000118255615,3.396199941635132,1.9773422631375985,2.95853814606577,3.6410000324249268,0.039854569868607956,0.10429096221923828,0.06443639235063033,3.531399965286255,3.3541998863220215,1.9437917640100726,2.8278476086913455,3.611599922180176,0.04061811620538885,0.10832725871693004,0.0677091425115412,3.4999001026153564,3.313699960708618,1.8794892769083706,2.596008468955084,3.582900047302246,0.039054523814808235,0.11487275903875177,0.07581823522394354,3.4755001068115234,3.2669999599456787,1.8106971143876625,2.3524139522473053,3.553800106048584,0.04043639789928089,0.12367274544455788,0.08323634754527699,3.4426000118255615,3.21370005607605,1.6644516904132807,1.8614853783745193,3.5243000984191895,0.04043639789928089,0.13560000332919034,0.09516360542990944,3.413100004196167,3.151400089263916,1.5108590663891381,1.3762538774184359,3.4941000938415527,0.04050913724032315,0.14992731267755682,0.10941817543723366,3.382699966430664,3.0817999839782715,1.3514920799713699,0.9140430476916568,3.460099935531616,0.04050905054265803,0.16476362401788885,0.12425457347523082,3.3487000465393066,3.006999969482422,1.2079943920884775,0.5367251066475651,3.4237000942230225,0.03938189419833096,0.18290909853848544,0.14352720434015448,3.3153998851776123,2.9207000732421875,1.066018924084515,0.20626242233835157,3.3868000507354736,0.039127263155850495,0.3224727457219904,0.2833454825661399,3.2792000770568848,2.5,3.8481140581821185,15.648534588189396,3.3410000801086426,0.0394545468417081,0.23214548284357245,0.2833454825661399,3.2325000762939453,2.7026000022888184,0.7143445508628896,-0.3798979757249392
1C0.5C_4-6_1095cyc,4.115200042724609,0.03883639248934659,0.17505455017089844,0.13621815768155185,4.008399963378906,3.6338000297546387,1.987699057914314,2.7310848972008,4.07450008392334,0.041927337646484375,0.14876365661621094,0.10683631896972656,3.959199905395508,3.6654000282287598,2.0631349523262674,3.0938635885712937,4.033400058746338,0.0413818359375,0.13432728160511365,0.09294544566761363,3.919600009918213,3.6640000343322754,2.0702999024397264,3.171448788356032,3.970599889755249,0.04221812161532315,0.12236361070112749,0.08014548908580434,3.8545000553131104,3.6340999603271484,2.0836571337156253,3.2470718259788462,3.922600030899048,0.0394545468417081,0.11603641510009766,0.07658186825838956,3.8141000270843506,3.6034998893737793,2.124986145414774,3.408511144164308,3.8884999752044678,0.04058178988370029,0.11447273601185191,0.07389094612815163,3.776900053024292,3.573699951171875,2.082304624756596,3.2695446804186137,3.849900007247925,0.039927309209650215,0.11490908536044034,0.07498177615079013,3.7400999069213867,3.533900022506714,2.0481041301059992,3.1519466626475765,3.8041000366210938,0.04043639789928089,0.116290959444913,0.0758545615456321,3.6928999423980713,3.484299898147583,2.005383394818531,2.9991255109793835,3.7509000301361084,0.0400727011940696,0.11709091880104759,0.07701821760697798,3.640700101852417,3.4289000034332275,1.9846863856093806,2.916714275594156,3.698699951171875,0.039927222511985085,0.11741820248690518,0.0774909799749201,3.588900089263916,3.3757998943328857,1.973525432495646,2.864117159429023,3.6593000888824463,0.03952728618275036,0.11920001290061256,0.07967272671786221,3.550600051879883,3.3315000534057617,1.9465310565041465,2.7602107760473986,3.6277999877929688,0.03949087316339666,0.12305450439453125,0.08356363123113458,3.519200086593628,3.289400100708008,1.8868095888741612,2.5456051524289434,3.5998001098632812,0.040036374872381035,0.12927280772816052,0.08923643285577948,3.4897000789642334,3.24429988861084,1.7863583303042216,2.1985593690093985,3.573199987411499,0.04025450619784268,0.13829092545942825,0.09803641926158559,3.4625000953674316,3.1928999423980713,1.6532616797824238,1.7596559535979983,3.5473999977111816,0.0387999794699929,0.1503999883478338,0.11160000887784091,3.440700054168701,3.1338000297546387,1.5090691070412239,1.312603260517717,3.5218000411987305,0.0403999848799272,0.16527271270751953,0.12487272782759233,3.4107000827789307,3.0673000812530518,1.3226415372099118,0.7857350266098249,3.4941999912261963,0.039200002496892754,0.182181791825728,0.14298178932883523,3.386399984359741,2.9932000637054443,1.1637029622588824,0.3939857626293972,3.4605000019073486,0.039999961853027344,0.1978545622392134,0.15785460038618607,3.3505001068115234,2.9163999557495117,1.0248265138128587,0.07757038182584086,3.4251999855041504,0.039927309209650215,0.21250906857577237,0.17258175936612216,3.3153998851776123,2.8408000469207764,0.903416102738365,-0.1574487377639726,3.3889000415802,0.03941822052001953,0.3233091180974787,0.28389089757745917,3.2804999351501465,2.499799966812134,5.450096110228586,32.082259427164146,3.348099946975708,0.04025450619784268,0.2655636180530895,0.28389089757745917,3.2374000549316406,2.617799997329712,0.5599303634449362,-0.6189742117121826
1C0.5C_4-8_1095cyc,4.119900226593018,0.03956378589976917,0.16141822121360086,0.12185443531383168,4.011099815368652,3.6760001182556152,2.0349864124694705,2.9554927862479046,4.075799942016602,0.041818185286088425,0.13734540072354404,0.09552721543745561,3.9607999324798584,3.6981000900268555,2.084578438932169,3.2203018125622638,4.038000106811523,0.041745532642711296,0.12509094585071912,0.08334541320800781,3.9231998920440674,3.694000005722046,2.059602513342675,3.1805654248553914,3.9767000675201416,0.0417091196233576,0.1143272573297674,0.0726181377064098,3.861999988555908,3.6623001098632812,2.060262895092965,3.2116146916270694,3.9261999130249023,0.03952719948508523,0.10818178003484552,0.0686545805497603,3.817500114440918,3.628700017929077,2.1021144998008654,3.369914712843885,3.889899969100952,0.04145457527854226,0.10603635961359198,0.06458178433504971,3.775899887084961,3.598299980163574,2.0501877818164576,3.19946620083084,3.8496999740600586,0.04130909659645774,0.10596362027254971,0.06465452367609198,3.7360999584198,3.558300018310547,2.003491148616594,3.0433487030271618,3.804800033569336,0.04098181291060014,0.10694547133012251,0.06596365841952237,3.6921000480651855,3.510699987411499,1.969079532194491,2.923479107602123,3.7576000690460205,0.04120003093372692,0.10796364870938388,0.06676361777565697,3.6442999839782715,3.460700035095215,1.9408540787991246,2.820455412461955,3.7095000743865967,0.0407272685657848,0.10858180306174538,0.06785453449596059,3.5975000858306885,3.410900115966797,1.9355902856281306,2.7909065826281543,3.668299913406372,0.041018139232288704,0.11010906913063744,0.06909092989834872,3.555500030517578,3.365499973297119,1.9186771468643564,2.718267006295025,3.6356000900268555,0.039018197493119675,0.11312727494673296,0.07410907745361328,3.5283000469207764,3.32450008392334,1.9072399757581293,2.6701223592350436,3.6066999435424805,0.03869091380726208,0.11781813881613991,0.07912722500887784,3.5002999305725098,3.2827000617980957,1.843619436112353,2.444305613371415,3.5785999298095703,0.040763594887473366,0.1249090541492809,0.08414545926180753,3.4665000438690186,3.235100030899048,1.7172394279956886,2.0142739305380593,3.550299882888794,0.04029083251953125,0.13414538990367542,0.09385455738414418,3.439500093460083,3.1814000606536865,1.5956119809725084,1.618488401466431,3.5216000080108643,0.03956361250443892,0.14574545080011542,0.1061818382956765,3.4128000736236572,3.120800018310547,1.459229471425703,1.2058438912911669,3.4921000003814697,0.039818156849254265,0.15912723541259766,0.1193090785633434,3.3826000690460205,3.054500102996826,1.310732368906701,0.7904756753831941,3.4590001106262207,0.040945486588911575,0.17287280342795633,0.13192731683904474,3.346400022506714,2.983599901199341,1.1707511024133848,0.4326026805411085,3.4237000942230225,0.04040007157759233,0.18970914320512253,0.14930907162753018,3.3125998973846436,2.9019999504089355,1.0337024035956806,0.12586383930675904,3.388000011444092,0.03960002552379261,0.32287276874889026,0.28327274322509766,3.279099941253662,2.5000998973846436,3.9765766125951267,16.780701682935913,3.344399929046631,0.04050905054265803,0.2371272173794833,0.28327274322509766,3.2330000400543213,2.6923000812530518,0.7009267691503461,-0.4100285297959796
1C0.5C_4-6_1185cyc,4.109689712524414,0.03399380770596591,0.1991291046142578,0.1651352969082919,4.016206741333008,3.562084674835205,7.7093117499100545,65.08612289980522,4.070041656494141,0.03763051466508345,0.1917148936878551,0.15408437902277167,3.966557741165161,3.542825698852539,4.893383374203113,32.78534719408899,4.019443035125732,0.0392730019309304,0.17879728837446732,0.13952428644353693,3.911442279815674,3.5277504920959473,3.961657346818207,23.411634312958306,3.954763174057007,0.036766399036754265,0.1669572483409535,0.13019084930419922,3.8536555767059326,3.4956307411193848,3.561205060846103,20.000438787532058,3.911163568496704,0.037017562172629616,0.16586286371404474,0.12884530154141513,3.8093652725219727,3.455040693283081,2.9690511171164307,14.830269999454153,3.875422954559326,0.037360798228870735,0.1697537682273171,0.13239296999844638,3.7726807594299316,3.408600091934204,2.610650924884487,11.65581399551731,3.833374500274658,0.037933176214044746,0.17216925187544388,0.13423607566139914,3.729058265686035,3.3599090576171875,2.512654229049699,10.737206051780012,3.7837679386138916,0.037902571938254616,0.17277197404341263,0.13486940210515802,3.6795358657836914,3.308645009994507,2.5997932607944487,11.307825604101046,3.7281899452209473,0.036060246554287995,0.17126759615811435,0.13520734960382635,3.6290242671966553,3.257204055786133,2.792355778460446,12.920736492541902,3.6812405586242676,0.03737328269264915,0.17302617159756747,0.13565288890491833,3.5784640312194824,3.205418586730957,2.6836863026876796,12.082653035492894,3.6458065509796143,0.03762869401411577,0.1805264733054421,0.14289777929132635,3.542327642440796,3.1493587493896484,2.4595271678439863,10.280880512617376,3.616060495376587,0.037609100341796875,0.1922548467462713,0.15464574640447443,3.5126354694366455,3.087359666824341,2.253813519199809,8.58182225530173,3.5888848304748535,0.037195379083806816,0.20836708762428977,0.17117170854048294,3.4865975379943848,3.0158753395080566,2.097964032924153,7.291975414568965,3.5633602142333984,0.03747116435657848,0.2279295487837358,0.19045838442715732,3.4603145122528076,2.936553955078125,2.0170377568859346,6.338033718617043,3.5389702320098877,0.037450010126287285,0.25190075961026276,0.2144507494839755,3.4359827041625977,2.846243143081665,2.079918114056737,6.0847249642286805,3.5142297744750977,0.038328690962357956,0.2836366133256392,0.24530792236328125,3.4088258743286133,2.73422908782959,2.0752326121582025,5.487332925932311,3.48599910736084,0.036752267317338425,0.3326210542158647,0.2958687868985263,3.384930372238159,2.571291208267212,1.8520359698585476,3.938816521195868,3.452561378479004,0.03763996471058239,0.34642011469060724,0.30878014998002484,3.3490514755249023,2.499906063079834,2.4644864019622483,6.193298997139616,3.417879343032837,0.03677532889626243,0.33379615436900745,0.29702082547274505,3.3167471885681152,2.4999399185180664,4.097041389931005,17.887769582858503,3.381842851638794,0.03847442973743786,0.32069847800514917,0.2822240482677113,3.27603816986084,2.499922037124634,6.310341824745701,43.16690777416441,3.3412461280822754,0.03740536082874645,0.30653017217462714,0.2691248113458807,3.2383813858032227,2.498288154602051,0.5065621750762321,-0.6834114965805091
1C0.5C_4-8_1185cyc,4.114950656890869,0.0360976132479581,0.1905306035822088,0.1544329903342507,4.015682220458984,3.590991497039795,7.090221782534858,57.801766896280114,4.072001934051514,0.03835339979691939,0.18381734327836471,0.1454639434814453,3.9665300846099854,3.5665042400360107,4.115633627325464,24.910452073788868,4.0251688957214355,0.039525205438787285,0.17261201685125177,0.13308681141246448,3.9164745807647705,3.550485849380493,3.325280996669677,17.421682961915806,3.960596799850464,0.03734597292813388,0.16087514703924005,0.12352917411110619,3.8578953742980957,3.5181901454925537,3.0081077128549145,14.969910174062708,3.914262056350708,0.03759115392511541,0.15855832533402878,0.12096717140891335,3.8108863830566406,3.478226661682129,2.5089339391688528,11.046681984615361,3.876283884048462,0.03747784007679333,0.16172365708784622,0.12424581701105292,3.7732198238372803,3.4315438270568848,2.196178848077932,8.524890925364407,3.832932710647583,0.03804596987637607,0.16369984366677023,0.12565387379039417,3.728306293487549,3.382758140563965,2.100369502317069,7.656396123591664,3.7855844497680664,0.03795259649103338,0.16506195068359375,0.12710935419256036,3.6812148094177246,3.3316640853881836,2.1345456025666327,7.764740262933826,3.7366690635681152,0.03790621324018999,0.16569857163862747,0.1277923583984375,3.6324269771575928,3.2809979915618896,2.193209526202005,8.1424245949387,3.690436601638794,0.03648705915971236,0.1670787984674627,0.13059173930775037,3.590097188949585,3.2309699058532715,2.214615127421916,8.421973450743158,3.6533851623535156,0.0368225791237571,0.17258895527232776,0.13576637614857068,3.5521230697631836,3.1787655353546143,2.093490804247617,7.591437818255793,3.622816801071167,0.037765329534357246,0.18200033361261542,0.14423500407825818,3.5189621448516846,3.1223158836364746,1.9435751748410883,6.474384389754283,3.594721794128418,0.037132523276589134,0.19471948797052557,0.15758696469393643,3.492607355117798,3.0592432022094727,1.8719803089285787,5.858188867622623,3.5674686431884766,0.03774426200173118,0.2105227383700284,0.17277847636829724,3.463671922683716,2.9885311126708984,1.8071473518060441,5.226571505219512,3.5399997234344482,0.03775631297718395,0.2295485409823331,0.19179222800514914,3.4361698627471924,2.9087412357330322,1.841257672797647,5.000602871596293,3.511897563934326,0.0389572490345348,0.25389116460626776,0.21493391557173294,3.4047651290893555,2.81369686126709,1.8629111826432787,4.690359290349431,3.4823930263519287,0.03709090839732777,0.2903486598621715,0.25325775146484375,3.3803930282592773,2.683934211730957,1.7118628110994552,3.684138978040349,3.44897723197937,0.038333892822265625,0.3450696251609109,0.30673573233864526,3.3435590267181396,2.5000357627868652,1.3829247497718435,1.944759034290505,3.4143621921539307,0.03776307539506392,0.3324884934858842,0.2947254180908203,3.310513734817505,2.500018835067749,2.8401550270526807,8.29719740438588,3.378528594970703,0.03837186639959162,0.31944890455766156,0.28107703815806995,3.273005962371826,2.500044107437134,4.914636462660812,26.06991700107893,3.3329997062683105,0.03659066286954013,0.3035138737071644,0.26692321083762427,3.232375383377075,2.4983365535736084,0.591743465757614,-0.480019772479094
1C0.5C_4-7_1020cyc,4.120500087738037,0.039854569868607956,0.15949093211780896,0.11963636224920099,4.010900020599365,3.6819000244140625,2.0790278361121772,3.1102680862091177,4.076200008392334,0.04225453463467685,0.13527271964333273,0.0930181850086559,3.9600000381469727,3.704200029373169,2.13163214097132,3.3902322122311617,4.039700031280518,0.04047272422096946,0.12338178808038885,0.08290906385941939,3.9284000396728516,3.7004001140594482,2.113727612334725,3.377369545085311,3.9788999557495117,0.041890924627130684,0.11265451257879083,0.07076358795166016,3.8636999130249023,3.669100046157837,2.0971788168130523,3.3464989315427944,3.927999973297119,0.041018139232288704,0.10639996962113814,0.06538183038884943,3.815200090408325,3.6354000568389893,2.1246970571142727,3.455020891213956,3.893199920654297,0.039963635531338776,0.10429087552157315,0.06432723999023438,3.7832999229431152,3.6064000129699707,2.109506448453625,3.412678249864581,3.8552000522613525,0.04050913724032315,0.10458183288574219,0.06407269564541904,3.743799924850464,3.5676000118255615,2.0586655968974847,3.2413869657925662,3.8104000091552734,0.03941822052001953,0.10512724789706143,0.0657090273770419,3.7019999027252197,3.5213000774383545,2.034921100450075,3.157987430867773,3.7600998878479004,0.0390908501364968,0.10607268593528053,0.06698183579878374,3.652600049972534,3.468400001525879,2.0147317603539285,3.0804792287155376,3.7086000442504883,0.04036365855823864,0.10603635961359198,0.06567270105535333,3.597599983215332,3.4170000553131104,1.9917463208957138,2.988758742039739,3.66729998588562,0.03883639248934659,0.10738182067871094,0.06854542818936435,3.560499906539917,3.371999979019165,1.9995738109576409,3.0046405771011555,3.634700059890747,0.040909073569557884,0.11058183149857954,0.06967275792902167,3.522200107574463,3.3306000232696533,1.9315661920488152,2.756059418564714,3.6059999465942383,0.040654529224742546,0.11552723971280185,0.07487271048805931,3.4941999912261963,3.288300037384033,1.8637968670338794,2.5134112798482304,3.5780999660491943,0.040109114213423294,0.12305450439453125,0.08294539018110796,3.4677999019622803,3.2397000789642334,1.7630942209646867,2.165578612495053,3.55049991607666,0.04087266055020419,0.13316362554376776,0.09229096499356357,3.4381000995635986,3.184299945831299,1.6133718893175215,1.6726741200172786,3.5227999687194824,0.04054546356201172,0.14621821316805753,0.10567274960604581,3.41129994392395,3.120699882507324,1.4534602001390307,1.1836250028197304,3.4934000968933105,0.039200002496892754,0.16221818056973544,0.12301817807284268,3.3856000900268555,3.047300100326538,1.2997402804431517,0.7587318051075935,3.458899974822998,0.039127263155850495,0.17821814797141336,0.13909088481556287,3.351300001144409,2.9688000679016113,1.1534576090049569,0.3915204693950063,3.4226999282836914,0.03916358947753906,0.19523637945001776,0.1560727899724787,3.315000057220459,2.8857998847961426,1.015258499180144,0.08392142175457362,3.385699987411499,0.03970909118652344,0.32218178835782135,0.2824726971712979,3.2764999866485596,2.4997000694274902,4.629627692540687,23.022556465562037,3.3422000408172607,0.040000048550692474,0.24898182262073865,0.2824726971712979,3.2321999073028564,2.6575000286102295,0.64090326711494,-0.4955651316772567
1C0.5C_4-7_1080cyc,4.116499900817871,0.04123635725541548,0.16989083723588425,0.12865447998046875,4.0030999183654785,3.6493000984191895,1.9874712270366992,2.7592421799688376,4.073699951171875,0.04152722792191939,0.14458179473876953,0.10305456681685014,3.9595000743865967,3.676100015640259,2.0545812826217285,3.0912452760492153,4.031899929046631,0.040654529224742546,0.13109085776589133,0.09043632854114879,3.920099973678589,3.6714000701904297,2.057442292565184,3.1515025319376484,3.9688000679016113,0.040872747247869316,0.11985458027232777,0.07898183302445845,3.8564000129699707,3.63919997215271,2.0726780501605155,3.230709334042813,3.9207000732421875,0.04098181291060014,0.11385458165949042,0.07287276874889027,3.808000087738037,3.607599973678589,2.087546204372485,3.2934166851997357,3.8857998847961426,0.03989089619029652,0.11229090257124467,0.07240000638094815,3.776099920272827,3.5769999027252197,2.0674488209458746,3.236298780395452,3.8461999893188477,0.04163638028231534,0.11269092559814453,0.07105454531582919,3.7316999435424805,3.53629994392395,2.0040626431368698,3.0185900631676317,3.7999000549316406,0.040036374872381035,0.11385458165949042,0.07381820678710938,3.6898000240325928,3.486799955368042,1.986068153262881,2.9518580189500954,3.748300075531006,0.04145457527854226,0.114654541015625,0.07319996573708275,3.6342999935150146,3.433000087738037,1.9464450151768278,2.8067977974331795,3.698499917984009,0.04130909659645774,0.11516362970525568,0.07385453310879794,3.58489990234375,3.3817999362945557,1.9360004943510232,2.758216462526341,3.6596999168395996,0.04094539989124645,0.11690902709960938,0.07596362720836293,3.547100067138672,3.338200092315674,1.9147798923775807,2.6734071658665153,3.628499984741211,0.040872747247869316,0.12054547396573154,0.07967272671786221,3.5160999298095703,3.296999931335449,1.8637091360845461,2.489238254361802,3.6003000736236572,0.039127263155850495,0.12614544955166904,0.08701818639581854,3.4927000999450684,3.2534000873565674,1.8010764334264429,2.272201130738771,3.573199987411499,0.039999961853027344,0.13418180292302911,0.09418184107000177,3.463200092315674,3.204200029373169,1.6766237754283089,1.8561281625570762,3.5464999675750732,0.04058178988370029,0.14483633908358487,0.10425454919988458,3.4349000453948975,3.148200035095215,1.5333202732302535,1.402650424578236,3.519700050354004,0.039927309209650215,0.1575273167003285,0.11760000749067827,3.409899950027466,3.0864999294281006,1.387471567498398,0.9788411401972077,3.490999937057495,0.039018197493119675,0.17203634435480292,0.13301814686168323,3.383699893951416,3.017899990081787,1.2447503549211478,0.6066653554771633,3.4574999809265137,0.03930906815962358,0.18650904568758878,0.1471999775279652,3.349400043487549,2.9446001052856445,1.111341160529131,0.28464116891618874,3.422300100326538,0.0397818305275657,0.20090909437699753,0.16112726384943182,3.3129000663757324,2.869800090789795,0.9822269790449589,0.009221141295691293,3.386199951171875,0.04094539989124645,0.3223635933615945,0.281418193470348,3.2736001014709473,2.4997000694274902,4.777639753112961,24.52797705480533,3.3447999954223633,0.03967276486483487,0.25247270410711115,0.281418193470348,3.2356998920440674,2.6505000591278076,0.634784197125429,-0.5067212297273058
1C0.5C_4-7_1170cyc,4.111149787902832,0.03416980396617542,0.19842390580610794,0.16425410183993253,4.01718282699585,3.565484046936035,7.203361981400106,58.7113230528718,4.069112300872803,0.03797106309370561,0.1911487579345703,0.15317769484086471,3.9646918773651123,3.5434532165527344,4.338773104389688,26.936596887320757,4.01793098449707,0.03921456770463423,0.178474946455522,0.1392603787508878,3.910090923309326,3.5271248817443848,3.5677681297264945,19.538505141146956,3.9530208110809326,0.0362922495061701,0.16679859161376953,0.13050634210759943,3.853217124938965,3.4943246841430664,3.2514679004252414,17.09974155912273,3.9089953899383545,0.03695271231911399,0.1658611297607422,0.1289084174416282,3.807375431060791,3.4528772830963135,2.698794166145509,12.505006406773346,3.8721561431884766,0.03722685033624822,0.16964756358753552,0.1324207132512873,3.769782304763794,3.405625343322754,2.386313128510657,9.84702187388323,3.829162120819092,0.03822760148481889,0.17193620855158026,0.13370860706676135,3.72403621673584,3.356337547302246,2.293883820106153,8.997088512895257,3.7796430587768555,0.03778639706698331,0.1725724827159535,0.13478608564897018,3.6757304668426514,3.3050687313079834,2.3710834546571253,9.467002460818108,3.726670980453491,0.035996957258744675,0.17173879796808417,0.13574184070933948,3.6276793479919434,3.2543892860412598,2.517219934489101,10.614905406891365,3.681110143661499,0.0376481142911044,0.17364918101917615,0.13600106672807175,3.577577829360962,3.2035748958587646,2.42580598508323,9.943635638155998,3.6461477279663086,0.03757320750843395,0.18039087815718216,0.14281767064874823,3.5428214073181152,3.1500728130340576,2.2726177722917216,8.780302901809563,3.616473913192749,0.037859136408025566,0.19093643535267224,0.15307729894464667,3.5123612880706787,3.0913987159729004,2.1170486010247047,7.534643477029771,3.5890491008758545,0.03751945495605469,0.2051070820201527,0.16758762706409802,3.485870599746704,3.0250046253204346,2.012455131412696,6.656867007069625,3.562824249267578,0.03751208565451882,0.22208751331676135,0.18457542766224255,3.4596660137176514,2.9520835876464844,1.9558312484773888,5.973677775700743,3.5374512672424316,0.037493358958851204,0.24287986755371094,0.20538650859485974,3.434344530105591,2.8695316314697266,1.9955016380962944,5.707788632959794,3.5111656188964844,0.03836874528364702,0.27041860060258344,0.23204985531893643,3.405651569366455,2.76751446723938,1.97388159220545,5.135700160767652,3.4820995330810547,0.036797956986860794,0.31314763155850495,0.27634967457164417,3.3809051513671875,2.620943546295166,1.7483318300668724,3.7040798027249027,3.448927640914917,0.03775249827991833,0.3451522480357777,0.3073997497558594,3.3451082706451416,2.4997589588165283,1.8671603953951774,3.445862881120914,3.4144136905670166,0.03683072870427912,0.3325958251953125,0.2957650964910334,3.313129186630249,2.4997751712799072,3.4699683703978406,12.704179314294318,3.3784098625183105,0.038234797391024505,0.31951141357421875,0.2812766161831943,3.273264169692993,2.499753475189209,5.6259082679711705,34.30841546311313,3.3369808197021484,0.03694499622691761,0.3051468242298473,0.2682018280029297,3.235382080078125,2.4978270530700684,0.553812233412994,-0.577314834816399
1C0.5C_4-7_1260cyc,4.1061835289001465,0.0332993594082919,0.21433318745006213,0.18103382804177023,4.014610290527344,3.5167672634124756,6.808320055489527,52.15276603479153,4.064040184020996,0.037996898997913704,0.20616661418568005,0.16816971518776633,3.9595487117767334,3.497081995010376,4.412291801113798,26.75563965395813,4.006786346435547,0.03688127344304865,0.19082216783003372,0.15394089438698508,3.905362844467163,3.482025384902954,3.8026325175584605,21.23785592921512,3.9427433013916016,0.0366715517911044,0.17991655523126776,0.14324500344016336,3.8418965339660645,3.4479727745056152,3.3805325458866333,17.79213919457843,3.9009757041931152,0.03917043859308416,0.18033686551180753,0.14116642691872336,3.793256998062134,3.4050493240356445,2.7873885172870936,12.71158613131732,3.862698554992676,0.03730600530450994,0.1843052777377042,0.14699927243319424,3.7601070404052734,3.3558590412139893,2.6046078787212434,11.175657605304782,3.8185465335845947,0.0376113544810902,0.18645659360018643,0.14884523911909622,3.7151153087615967,3.305790901184082,2.5673773678458782,10.741585312289626,3.7680928707122803,0.03753480044278232,0.18660016493363815,0.14906536449085583,3.664872169494629,3.2549424171447754,2.659608584133065,11.340146485843277,3.715923547744751,0.03749023784290661,0.18602492592551492,0.1485346880826083,3.612825393676758,3.204355001449585,2.747571179494911,12.00913154526886,3.6735594272613525,0.037392616271972656,0.1886021007191051,0.15120948444713245,3.5707297325134277,3.1549036502838135,2.668948054294913,11.402824295881677,3.640352725982666,0.03874726728959517,0.19682242653586648,0.1580751592462713,3.5337977409362793,3.099091053009033,2.501184132797818,10.003501691551845,3.6119027137756348,0.0386757417158647,0.20738974484530362,0.16871400312943893,3.505544424057007,3.04158091545105,2.317220903362689,8.552098475475546,3.585510492324829,0.03660696203058416,0.22163009643554688,0.1850231344049627,3.4848413467407227,2.976027727127075,2.208942551991148,7.618210050631367,3.5606093406677246,0.036580345847389915,0.23870121348987927,0.20212086764248935,3.4600133895874023,2.9041810035705566,2.1513782898574014,6.821121557771541,3.5366508960723877,0.037559856068004265,0.26016061956232245,0.22260076349431818,3.433361291885376,2.821209192276001,2.109292428905173,6.090109273983556,3.5120553970336914,0.036213007840243255,0.2894866249778054,0.25327361713756213,3.4124696254730225,2.7159671783447266,2.005956067808858,5.135127173306087,3.484607696533203,0.0372208681973544,0.3350758119062944,0.29785494370894,3.3822503089904785,2.5631492137908936,1.7107312214444104,3.370673608259101,3.4531006813049316,0.03751598704944958,0.34665151075883344,0.30913552370938385,3.3499317169189453,2.4998090267181396,2.1610879476003277,4.668731200816159,3.4203598499298096,0.03749778053977273,0.33472754738547583,0.2972297668457031,3.3172409534454346,2.499859094619751,3.5704896071359333,13.444104901033501,3.3864123821258545,0.03878446058793501,0.3223779851740057,0.2835935245860707,3.279755115509033,2.499872922897339,5.4176064920699405,31.70481948801777,3.3486084938049316,0.03910194743763317,0.3093557357788086,0.2702537883411754,3.2410781383514404,2.497880220413208,0.5425053769211079,-0.5759309032014195
1C0.5C_4-8_1275cyc,4.109782695770264,0.036485845392400566,0.2055171619762074,0.16903131658380682,4.009446620941162,3.5446105003356934,6.812119433657417,52.80152222315371,4.067402362823486,0.039188471707430755,0.19837318767200818,0.15918471596457742,3.9596340656280518,3.521876096725464,4.235533714500046,25.328000168704925,4.013557434082031,0.03800799629905007,0.18475679917768997,0.14674880287863992,3.9090354442596436,3.505476236343384,3.597676282974012,19.52227780194215,3.948847770690918,0.037750590931285515,0.17330334403298117,0.13555275310169568,3.845033645629883,3.4722635746002197,3.1865087041545945,16.229776508211188,3.9051105976104736,0.03905799172141335,0.17295794053511185,0.13389994881369852,3.797701120376587,3.429476261138916,2.6328351275097592,11.703857470205657,3.865551471710205,0.03917113217440518,0.17629155245694247,0.1371204202825373,3.757830858230591,3.3807497024536133,2.3878475546441322,9.6413950471008,3.820591449737549,0.03889760104092685,0.1782204888083718,0.13932288776744495,3.713623046875,3.3304851055145264,2.3598463068891284,9.287594290054315,3.772261381149292,0.03879365054043857,0.1790522662076083,0.14025861566716974,3.665578842163086,3.279867649078369,2.414934140155375,9.571791393849198,3.7232890129089355,0.03835053877397017,0.14338987523859198,0.10503933646462181,3.6178250312805176,3.3289668560028076,2.4495359573341187,9.909369945233202,3.679795265197754,0.03724739768288352,0.1819579384543679,0.14471054077148438,3.577364921569824,3.179410934448242,2.458940591171784,9.945684575218497,3.6453945636749268,0.03725615414706143,0.18835319172252307,0.15109703757546164,3.542940139770508,3.1274232864379883,2.32979235002155,8.951306498041694,3.6160309314727783,0.037207169966264206,0.19846976887096057,0.16126259890469638,3.5137112140655518,3.0702390670776367,2.2038582891329743,7.927970798694757,3.5889670848846436,0.03691742636940696,0.2121429443359375,0.17522551796653055,3.4874441623687744,3.0055739879608154,2.105542938247688,7.072841866785492,3.562932014465332,0.03720578280362216,0.22766546769575638,0.19045968489213425,3.460616111755371,2.936851978302002,2.053652773178828,6.389147685946018,3.5367472171783447,0.03787118738347834,0.2468034570867365,0.20893226970325818,3.4326014518737793,2.8580377101898193,2.0633892077432705,5.979892952292845,3.5100133419036865,0.03814133730801669,0.27181243896484375,0.23367110165682706,3.4051246643066406,2.762529134750366,1.9997963485662746,5.234741320678555,3.4815969467163086,0.03842050378972834,0.31046494570645417,0.27204444191672583,3.3759405612945557,2.6278183460235596,1.7453403036978115,3.6873792927229205,3.449383497238159,0.03855263103138317,0.3452257676558061,0.3066731366244229,3.3433637619018555,2.5000126361846924,1.6872039949809596,2.8114296867631463,3.4156582355499268,0.03744463487104936,0.33296767148104583,0.29552303660999646,3.312685489654541,2.499997138977051,3.1048555877734207,10.049065445727463,3.381610870361328,0.038987159729003906,0.32059790871360083,0.2816107489845969,3.2743961811065674,2.499966621398926,4.983548037702631,26.78927931357046,3.3391940593719482,0.03849159587513317,0.3060622648759322,0.267570669000799,3.233342170715332,2.4975228309631348,0.5917968752682133,-0.5040064229836156
1C1C_1-5_180cyc,4.177820682525635,0.03003605929287997,0.07586956024169922,0.045833500948819245,4.095221519470215,3.969179391860962,1.1962599541463264,0.900143123008696,4.103342056274414,0.02993895790793679,0.05762811140580611,0.02768915349786932,4.021009922027588,3.9448647499084473,1.2116066619883077,1.278639547306641,4.082716464996338,0.029733484441583805,0.060594038529829544,0.03086055408824574,4.000949382781982,3.9160828590393066,0.8079807729327801,0.20906307506405275,4.067819118499756,0.029224742542613636,0.07329143177379262,0.04406668923117898,3.9874510765075684,3.866267681121826,0.6701843382546738,-0.2579418479280515,4.019362926483154,0.028863039883700283,0.0757383866743608,0.046875346790660515,3.9399895668029785,3.811082363128662,0.819619416691197,-0.043963041944495185,3.959672212600708,0.02863580530340021,0.06943702697753906,0.04080122167413885,3.8809237480163574,3.7687203884124756,1.0415938213108618,0.5034573314145687,3.9173715114593506,0.028627308932217686,0.06667440587824042,0.03804709694602273,3.838646411895752,3.7340168952941895,1.0314610266725448,0.560739478716981,3.885270595550537,0.02845478057861328,0.06950092315673828,0.041046142578125,3.8070199489593506,3.694143056869507,0.927048904680314,0.31597063924139057,3.8455936908721924,0.028673518787730824,0.07171578840775923,0.04304226962002841,3.7667415142059326,3.6483752727508545,0.858820328406163,0.15206388453827513,3.792942523956299,0.028662594881924717,0.07099585099653764,0.04233325611461292,3.714120388031006,3.5977039337158203,0.7687635004442059,-0.041025982896289115,3.732922315597534,0.028568788008256393,0.06678130409934303,0.03821251609108665,3.654358148574829,3.549273729324341,0.759478097647962,-0.1292010389227114,3.6836836338043213,0.028500296852805397,0.06411448392001065,0.035614187067205254,3.6053078174591064,3.507368803024292,0.8012592770936284,-0.09779119159536576,3.647291421890259,0.028585087169300426,0.06481135975230824,0.03622627258300781,3.5686824321746826,3.469060182571411,0.7811929177192407,-0.18516445247646773,3.6171019077301025,0.028567574240944603,0.06705821644176137,0.038490642200816765,3.538541078567505,3.432691812515259,0.719542490231835,-0.33641137871201554,3.587573528289795,0.028834429654208096,0.06982231140136719,0.04098788174715909,3.5082788467407227,3.395562171936035,0.6753265871374019,-0.43638070572866994,3.5556678771972656,0.029201074080033737,0.07187115062366832,0.04267007654363459,3.475364923477173,3.3580222129821777,0.6597750131434879,-0.46864956724743,3.5188632011413574,0.029948147860440342,0.07573509216308594,0.0457869443026456,3.4365057945251465,3.310591697692871,0.6135311785662921,-0.512532814564771,3.4742910861968994,0.030625343322753906,0.09004462849010121,0.0594192851673473,3.390071392059326,3.226668357849121,0.33318039822098516,-0.7282825541107929,3.4232003688812256,0.03188098560680042,0.18011049790815872,0.1482295123013583,3.3355276584625244,2.927896499633789,-0.2214943035821202,-1.0098247648651875,3.3622360229492188,0.03361077742143111,0.31366981159556995,0.28005903417413885,3.269806385040283,2.4996440410614014,1.137955914426915,-0.20010462250188832,3.302555799484253,0.036094838922674004,0.2924542860551314,0.2563594471324574,3.2032949924468994,2.4983065128326416,0.048540633744494466,-1.0224077308640576
1C1C_1-6_180cyc,4.1776838302612305,0.029789664528586647,0.07505165446888316,0.04526198994029652,4.095762252807617,3.9712917804718018,1.2034308316611897,0.9099128328182435,4.103707313537598,0.029635342684659092,0.056992964311079544,0.027357621626420456,4.022210121154785,3.946976661682129,1.2069626095582235,1.248430389866007,4.0832414627075195,0.029054641723632812,0.06026987595991655,0.031215234236283737,4.003341197967529,3.917499303817749,0.7885644164106344,0.1780423834038154,4.06785249710083,0.0288017446344549,0.07293198325417259,0.04413023861971768,3.988647699356079,3.8672895431518555,0.6595750139139179,-0.28437084722900297,4.018553256988525,0.028407703746448864,0.07525626095858487,0.04684855721213601,3.940432071685791,3.811598539352417,0.8251923098625954,-0.038570956486760455,3.958834648132324,0.02828008478338068,0.06875523653897372,0.04047515175559304,3.8810644149780273,3.7697577476501465,1.0459794908254316,0.5069450543693632,3.9170875549316406,0.02803282304243608,0.0662931962446733,0.03826037320223721,3.8399972915649414,3.734781265258789,1.0312265000487724,0.557459588343991,3.8849918842315674,0.028032996437766335,0.06905356320467862,0.041020566766912285,3.80790114402771,3.695094585418701,0.9187579142520835,0.2845918214559746,3.8452000617980957,0.02810469540682706,0.07157967307350853,0.043474977666681465,3.7679121494293213,3.6483559608459473,0.865328849720045,0.16094965137658557,3.7914600372314453,0.02829742431640625,0.07048138705166904,0.04218396273526279,3.713642120361328,3.5976362228393555,0.770512668072769,-0.041559278335759675,3.731022596359253,0.028107122941450638,0.06600024483420631,0.037893121892755684,3.6537280082702637,3.5495219230651855,0.7669339304214894,-0.11381854874134856,3.6822917461395264,0.02784529599276456,0.06300536069003018,0.035160064697265625,3.605717182159424,3.5090270042419434,0.8045040316129688,-0.0862287814712297,3.6462762355804443,0.028163129633123226,0.06391169808127663,0.03574856844815341,3.5688276290893555,3.4705190658569336,0.7848301189969873,-0.17516923722027844,3.6162006855010986,0.028266299854625355,0.06631200963800604,0.038045709783380684,3.538468360900879,3.433842658996582,0.7241365093252812,-0.3253256029546572,3.5866737365722656,0.028484171087091618,0.06903110850941051,0.04054693742231889,3.5083422660827637,3.3968381881713867,0.6797739948327474,-0.42647620366079364,3.554694414138794,0.028424002907492897,0.0706525282426314,0.042228525335138496,3.4765284061431885,3.3603999614715576,0.660937075646064,-0.4627199565414122,3.5172526836395264,0.029532952742143112,0.0749200474132191,0.045387094671075996,3.436037063598633,3.311222553253174,0.6114129639483215,-0.5102089570423196,3.472485065460205,0.030293031172318893,0.09053256294944069,0.0602395317771218,3.389179229736328,3.223520517349243,0.3110098719462734,-0.7434245341129837,3.420369863510132,0.031615343960848724,0.1887148076837713,0.15709946372292258,3.333427667617798,2.9014041423797607,-0.24592476432748428,-1.0082461344855496,3.3589773178100586,0.03314096277410334,0.3125055486505682,0.27936458587646484,3.2678396701812744,2.499587059020996,1.1572246282986076,-0.15718617017644254,3.299720287322998,0.03440024636008523,0.2909023111516779,0.2565020647915927,3.2051196098327637,2.499738931655884,0.05470691585243897,-1.024220893036693
1C1C_1-5_270cyc,4.174346923828125,0.032205755060369316,0.07897654446688565,0.046770789406516335,4.085781097412109,3.9571614265441895,1.4052088055494025,1.7657786597247824,4.102109432220459,0.03255878795276989,0.061485637318004265,0.028926849365234375,4.012572765350342,3.9330239295959473,1.2240402981067031,1.513136482550573,4.082150459289551,0.03190950913862749,0.06483043323863637,0.03292092410000888,3.994399309158325,3.903866767883301,0.739082950813138,0.10513081897411869,4.0672736167907715,0.03065846183083274,0.0763864517211914,0.045727989890358665,3.9829628467559814,3.857210874557495,0.6749953149859476,-0.2570619588589742,4.019309997558594,0.030433047901500355,0.0780518271706321,0.047618779269131745,3.9356191158294678,3.8046674728393555,0.842204397457919,-0.0019317617376359841,3.960386037826538,0.03000146692449396,0.07134281505237926,0.0413413481278853,3.8778820037841797,3.764193296432495,1.0467918773577385,0.5194698710519305,3.91837739944458,0.029703400351784447,0.06856042688543146,0.03885702653364702,3.836693048477173,3.7298362255096436,1.0256404590390014,0.5579274822589477,3.886514902114868,0.0299461538141424,0.07131567868319424,0.04136952486905185,3.8041629791259766,3.690396785736084,0.9120072422062845,0.2740762655024218,3.84700870513916,0.02965814417058771,0.07312401858243076,0.04346587441184304,3.765448808670044,3.6459176540374756,0.8384286038609636,0.1030472042188606,3.7965385913848877,0.029798160899769176,0.0729681361805309,0.04316997528076172,3.7145936489105225,3.5958762168884277,0.7626403902829743,-0.07838706344743196,3.739579200744629,0.029637423428622158,0.07017768513072621,0.04054026170210405,3.658076286315918,3.546590566635132,0.7702325289220547,-0.1137186782256876,3.6879584789276123,0.029532085765491833,0.03755066611550071,0.008018580350008879,3.6067452430725098,3.5846941471099854,0.7800415280882398,-0.16964715922254836,3.6502668857574463,0.029616615988991478,0.06706099076704546,0.03744437477805398,3.5688211917877197,3.4658491611480713,0.7679488456351752,-0.20123945413496225,3.619521379470825,0.02996739474209872,0.06979708238081499,0.03982968763871626,3.5371110439300537,3.427579402923584,0.7134407088574076,-0.34136637232419265,3.589881181716919,0.030217864296653053,0.07269581881436435,0.042477954517711296,3.506782054901123,3.389967679977417,0.6695528108606991,-0.44096809515863855,3.5579817295074463,0.03064051541415128,0.07563920454545454,0.04499868913130327,3.4737203121185303,3.3499739170074463,0.6515379006363266,-0.4713495472366489,3.522812843322754,0.03132299943403764,0.08100214871493253,0.04967914928089489,3.4366745948791504,3.3000569343566895,0.5684816011755042,-0.5564884184811625,3.4803147315979004,0.03188644755970348,0.10225122625177557,0.07036477869207208,3.392627000808716,3.1991238594055176,0.2272869490763344,-0.8133238619702636,3.4309680461883545,0.032982826232910156,0.2034724842418324,0.17048965800892224,3.3402652740478516,2.8714187145233154,-0.08406813012651095,-1.0897744945277792,3.373828411102295,0.034330194646661934,0.31787577542391693,0.28354558077725495,3.2794203758239746,2.4996700286865234,1.3648080445071435,0.4696882650484562,3.311960220336914,0.03683046861128374,0.295376257462935,0.2585457888516513,3.210676431655884,2.4996755123138428,0.15339947569919807,-0.9437354019906632
1C1C_1-6_270cyc,4.174245357513428,0.030928525057705967,0.07827871496027167,0.0473501899025657,4.089191913604736,3.9589788913726807,1.436891226394396,1.9205418875732247,4.102298259735107,0.03184387900612571,0.06091074510054155,0.029066866094415836,4.014727592468262,3.934793710708618,1.2165786788257331,1.5131741066324293,4.0825114250183105,0.03126335144042969,0.06464221260764381,0.033378861167214134,3.996537208557129,3.90474534034729,0.7127096190636546,0.05096121718435542,4.067111015319824,0.0305686430497603,0.07639148018576881,0.04582283713600852,3.9830472469329834,3.85703444480896,0.669154187399072,-0.2794801237584097,4.018219470977783,0.029956644231622868,0.0775414380160245,0.047584793784401634,3.9358386993408203,3.804980516433716,0.8493839691645064,0.0070970749030840885,3.9593453407287598,0.02946992353959517,0.07067272879860619,0.04120280525901101,3.878303050994873,3.7649953365325928,1.0521612727255611,0.5307467976844267,3.917863368988037,0.029542055996981533,0.06820427287708629,0.03866221688010476,3.836622714996338,3.73030161857605,1.0149355494942967,0.5168968317032925,3.88606595993042,0.029492291537198154,0.07117670232599432,0.041684410788796165,3.804962158203125,3.6903300285339355,0.9059617636158305,0.25341119361962106,3.846707344055176,0.029468969865278763,0.07320768182927911,0.04373871196400036,3.765667676925659,3.645386219024658,0.8420890947893886,0.09888103522147329,3.7949936389923096,0.029334761879660866,0.07263148914683949,0.04329672726717862,3.714323043823242,3.595257043838501,0.7656609217956525,-0.0734559714433245,3.7370831966400146,0.029395016756924717,0.06933775815096768,0.03994274139404297,3.6562469005584717,3.5464043617248535,0.7714686433411739,-0.11333164942154639,3.6861016750335693,0.02930242365056818,0.0660848617553711,0.03678243810480291,3.605520009994507,3.504368305206299,0.7953193024056884,-0.10539031116837849,3.648953437805176,0.02937238866632635,0.06635691902854225,0.03698453036221591,3.5681793689727783,3.4664719104766846,0.7692039690886362,-0.19897701727156125,3.618464946746826,0.029494198885830967,0.06912448189475319,0.03963028300892223,3.537355899810791,3.428372621536255,0.7158688314827878,-0.3316174734291839,3.5887362957000732,0.02976790341463956,0.07198801907626065,0.042220115661621094,3.5068745613098145,3.3907692432403564,0.6729217247122384,-0.43131147507699286,3.557016372680664,0.030402530323375355,0.07494562322443182,0.044543092901056465,3.473409414291382,3.3509159088134766,0.6493688953229134,-0.4726654512477695,3.5214617252349854,0.03068377754905007,0.08064599470658736,0.049962217157537285,3.4370813369750977,3.29968523979187,0.5594721398819539,-0.5621738226107733,3.4783291816711426,0.031798969615589485,0.10402280634099786,0.07222383672540839,3.3908820152282715,3.1922664642333984,0.19527820397660603,-0.833478233448055,3.428419589996338,0.03339819474653764,0.21363423087380148,0.18023603612726385,3.3365745544433594,2.840925455093384,-0.09538256743813218,-1.0959872180197239,3.3700647354125977,0.03498953038995916,0.31653586300936615,0.281546332619407,3.27384352684021,2.499591112136841,1.5454819913558628,1.0260070307149967,3.3105051517486572,0.036131945523348724,0.2948390787298029,0.25870713320645417,3.2111423015594482,2.499697685241699,0.1547412758200587,-0.9260468853848307
1C1C_1-5_360cyc,4.170680522918701,0.03104556690562855,0.08367443084716797,0.05262886394153942,4.085305213928223,3.9405758380889893,1.7827225970288165,4.122561678046028,4.100397109985352,0.03324526006525213,0.06721331856467506,0.03396805849942294,4.008972644805908,3.915560483932495,1.3414349929833262,2.5620370572638143,4.081181526184082,0.03307455236261541,0.07104188745672052,0.03796733509410511,3.9902265071868896,3.8858163356781006,0.7315336981022017,0.19594634949707856,4.065463542938232,0.03283335945822976,0.08170561356977983,0.04887225411155007,3.9751718044281006,3.840773105621338,0.7154029757675068,-0.17366559824742778,4.0172014236450195,0.03211645646528764,0.08133446086536754,0.0492180044000799,3.9288811683654785,3.793531656265259,0.8881048962008076,0.11221277163386079,3.9593546390533447,0.03198311545632102,0.07419404116543857,0.042210925709117546,3.871401071548462,3.7553210258483887,1.0599195166235795,0.5658899573926086,3.9181015491485596,0.031769752502441406,0.07162345539439809,0.03985370289195667,3.8307347297668457,3.721137046813965,1.0109956244644722,0.5253792076848236,3.886244058609009,0.031608234752308235,0.07407578555020419,0.04246755079789595,3.799321413040161,3.6825356483459473,0.8930815273269778,0.23257497915587821,3.8462300300598145,0.031513214111328125,0.07573717290704901,0.04422395879572088,3.759568691253662,3.6379528045654297,0.8172562676705475,0.043141282512814794,3.797450304031372,0.031428077004172585,0.07620733434503729,0.0447792573408647,3.7110230922698975,3.5878801345825195,0.7606725560828982,-0.10199884231396439,3.7429137229919434,0.031506711786443535,0.07447840950705788,0.04297169772061435,3.6562702655792236,3.538098096847534,0.7843443271905164,-0.10108883517226674,3.690540313720703,0.0315009897405451,0.07098440690474077,0.03948341716419567,3.603912591934204,3.495333194732666,0.7953258875741409,-0.105626139532363,3.651714563369751,0.031508445739746094,0.0709832798350941,0.039474834095348015,3.565066337585449,3.456510543823242,0.7613431822825445,-0.20580142280308644,3.6205711364746094,0.03182402524081143,0.0737715634432706,0.04194753820245916,3.533055067062378,3.4176993370056152,0.7087923457081886,-0.33886115424406293,3.590620994567871,0.03194965015758167,0.07726816697554155,0.04531851681795987,3.5027594566345215,3.378133535385132,0.670876913247353,-0.42350776240981114,3.5584537982940674,0.032349499789151276,0.08129813454367897,0.0489486347545277,3.4694926738739014,3.33488392829895,0.6479744138586879,-0.4507657785208825,3.524026870727539,0.0334556752985174,0.09022296558726918,0.05676729028875178,3.432023763656616,3.275913715362549,0.517124714922151,-0.5819722383436341,3.483414888381958,0.03370311043479226,0.1219588193026456,0.08825570886785333,3.3907313346862793,3.1480281352996826,0.14679046074476054,-0.8798220057448258,3.434812068939209,0.03562857887961648,0.2236042022705078,0.18797562339089133,3.3368334770202637,2.8199005126953125,0.07203247503717271,-1.0688288007498294,3.3807249069213867,0.036590316078879616,0.32040171189741656,0.2838113958185369,3.2801015377044678,2.499620199203491,1.48941086353798,0.9138611758032593,3.3176469802856445,0.037958925420587715,0.297511794350364,0.2595528689297763,3.2132599353790283,2.4994895458221436,0.21720356581039396,-0.8755367605173059
1C1C_1-6_360cyc,4.169990062713623,0.030269622802734375,0.08311809193004262,0.052848469127308235,4.0867486000061035,3.941415309906006,1.8183108682637381,4.3591566019071575,4.100532531738281,0.033308549360795456,0.06692799654873935,0.03361944718794389,4.008934020996094,3.916480541229248,1.275725697104552,2.247675501521883,4.081435203552246,0.03303094343705611,0.07123435627330434,0.03820341283624822,3.990600109100342,3.885540723800659,0.6867772352104854,0.05434836850298774,4.064945697784424,0.032431082292036575,0.08177566528320312,0.04934458299116655,3.9757602214813232,3.8400626182556152,0.7147726377858361,-0.18597838853137727,4.0155744552612305,0.03176940571178089,0.08084158463911577,0.04907217892733487,3.928208589553833,3.793260097503662,0.897891821068744,0.12748390921846164,3.9579551219940186,0.03156722675670277,0.07343595678156073,0.041868730024857956,3.871145248413086,3.7560062408447266,1.055488527013455,0.5510482212508845,3.917299270629883,0.031140934337269176,0.07142855904319069,0.04028762470592152,3.8316617012023926,3.7208707332611084,1.0010432363205173,0.5036106024271767,3.885571002960205,0.03137129003351385,0.0742034912109375,0.04283220117742365,3.799299955368042,3.681511402130127,0.8821589090686613,0.19519155865127136,3.845668315887451,0.03134233301336115,0.07620811462402344,0.044865781610662285,3.759476900100708,3.6360960006713867,0.8184501628779418,0.037126042762956946,3.7955074310302734,0.030847462740811436,0.07539107582785866,0.04454361308704723,3.710676908493042,3.588181972503662,0.7518989729332747,-0.1252679391339213,3.7399485111236572,0.031007680025967686,0.07367307489568536,0.04266539486971768,3.654677391052246,3.5373475551605225,0.7921835410732846,-0.07987221257867683,3.6879827976226807,0.030961470170454544,0.07024981758811256,0.03928834741765803,3.6028387546539307,3.494795799255371,0.8025692741221094,-0.08370506719872362,3.6499059200286865,0.031042619185014206,0.07055048509077592,0.03950786590576172,3.5645387172698975,3.4558920860290527,0.7674684339276338,-0.18847940187049117,3.619001865386963,0.03135507757013494,0.07322337410666725,0.04186829653653232,3.532775402069092,3.417637586593628,0.7152839387455079,-0.3249541150857711,3.5892179012298584,0.03162791512229226,0.07682566209272905,0.04519774697043679,3.5022411346435547,3.3779473304748535,0.6721179010649074,-0.420374456822306,3.557251214981079,0.032272598960182884,0.08095212416215376,0.04867952520197088,3.468501567840576,3.3346328735351562,0.6399468887861158,-0.46367428551278245,3.522416353225708,0.03323789076371626,0.09063894098455255,0.057401050220836296,3.4310121536254883,3.2731592655181885,0.4934337824203203,-0.6126544531375857,3.480846405029297,0.03385977311567827,0.08936899358575995,0.05550922047008167,3.3877320289611816,3.235081672668457,0.11595889854303633,-0.8966058133713641,3.431731939315796,0.03518876162442294,0.23758116635409268,0.20239240472966974,3.334962844848633,2.778383731842041,0.05910534071977603,-1.0660466519045364,3.3761327266693115,0.036256356672807175,0.3187659003517844,0.2825095436789773,3.276427745819092,2.4995265007019043,1.7367103939040327,1.768283855145766,3.315269947052002,0.03759349476207386,0.29726106470281427,0.2596675699407404,3.211887836456299,2.4978020191192627,0.22591027329882762,-0.8712221605790802
1C1C_1-5_450cyc,4.165189266204834,0.03189659118652344,0.0906783017245206,0.05878171053799716,4.0774736404418945,3.9158239364624023,2.3343100023393357,8.789411365854606,4.097768783569336,0.03576738184148615,0.07472333041104404,0.038955948569557884,3.999408483505249,3.892279624938965,1.3892091071392452,3.4630591760498675,4.0796403884887695,0.03533042560924183,0.07987759330055931,0.044547167691317474,3.9824817180633545,3.8599770069122314,0.7416149170789609,0.2895593157319811,4.06160831451416,0.0337982177734375,0.08792842518199574,0.054130207408558235,3.968663215637207,3.819805145263672,0.7993565963682604,0.0634945423660449,4.011951923370361,0.03308582305908203,0.08525527607310902,0.052169453014026985,3.9209659099578857,3.7774999141693115,0.9730226008447252,0.3814014833673314,3.95552659034729,0.03342489762739702,0.07792429490522905,0.04449939727783203,3.8636081218719482,3.74123477935791,1.0947947325796346,0.735131886042625,3.915921211242676,0.03311876817183061,0.07579127225008878,0.04267250407825817,3.8248445987701416,3.7074952125549316,1.0021068530125785,0.5599491201271736,3.8838117122650146,0.032941644841974434,0.07833723588423296,0.04539559104225852,3.793222188949585,3.668384313583374,0.8780562723392732,0.22975367979656314,3.842738389968872,0.0329184965653853,0.08001379533247514,0.047095298767089844,3.7522125244140625,3.6227004528045654,0.8042659842973968,0.030984572641586716,3.7948081493377686,0.03317780928178267,0.08106457103382457,0.0478867617520419,3.703569173812866,3.571880578994751,0.7719642614491584,-0.08111009711753248,3.7415738105773926,0.03347587585449219,0.0805069316517223,0.04703105579723011,3.649515151977539,3.5201797485351562,0.8249209966062616,-0.003768253231853702,3.6900832653045654,0.033370018005371094,0.07638991962779652,0.04301990162242542,3.598315715789795,3.480010986328125,0.8175202273590887,-0.03801462687820267,3.6511902809143066,0.033101428638805046,0.07628579573197798,0.04318436709317294,3.5601613521575928,3.441404342651367,0.7757561682826851,-0.14632800169091675,3.6199989318847656,0.03342394395308061,0.07949595017866655,0.04607200622558594,3.528083086013794,3.4013850688934326,0.7177692309906186,-0.28924818495543825,3.5898735523223877,0.03348298506303267,0.08386455882679332,0.05038157376376065,3.497795343399048,3.359246015548706,0.6854634535107318,-0.3546580695254473,3.5574893951416016,0.034245751120827415,0.08988406441428444,0.05563831329345703,3.463313579559326,3.3103082180023193,0.6439536487498702,-0.40012876623026905,3.523251533508301,0.03484457189386541,0.10378204692493785,0.06893747503107245,3.427428960800171,3.2378509044647217,0.46427163116651693,-0.5757323460700543,3.4833438396453857,0.03499403866854581,0.14400057359175247,0.10900653492320668,3.3871102333068848,3.0873422622680664,0.1630826207665732,-0.9039218653657337,3.435703992843628,0.03647292744029652,0.24248348582874646,0.20601055838844992,3.3354034423828125,2.768874406814575,0.23181376380376853,-0.9386380629461732,3.3841354846954346,0.036285226995294746,0.32164469632235443,0.28535946932705963,3.284351110458374,2.49961256980896,1.7054800822267768,1.7371313350949809,3.321467876434326,0.03845396908846768,0.2993322719227184,0.26087830283425073,3.21571946144104,2.4983041286468506,0.2759682414320911,-0.8117346411066801
1C1C_1-6_450cyc,4.1644463539123535,0.032427007501775566,0.09059429168701172,0.05816728418523615,4.075272083282471,3.9153120517730713,2.3094252557499733,8.58277742511963,4.097844123840332,0.03384278037331321,0.07534278522838246,0.041500004855069245,4.004776477813721,3.8906514644622803,1.458375152277076,4.041533618814609,4.079929828643799,0.034952857277610085,0.08076763153076172,0.045814774253151634,3.983809471130371,3.857818841934204,0.7287349391183879,0.22882695070016634,4.0606303215026855,0.03409585085782138,0.08826498551802202,0.05416913466020064,3.9668667316436768,3.817901611328125,0.8021717400841681,0.04311736369044139,4.010112762451172,0.03313550082120029,0.08501148223876953,0.051875981417569245,3.918990135192871,3.7763311862945557,0.9842163692657214,0.39717496309348554,3.953993797302246,0.032332420349121094,0.07775185324928978,0.04541943290016868,3.865079641342163,3.740176200866699,1.107330130608764,0.8089468196026961,3.914976119995117,0.033073165199973366,0.07612323760986328,0.043050072409889915,3.8240249156951904,3.705637216567993,0.9860835812755061,0.5099644975705608,3.883037567138672,0.032833012667569245,0.07892348549582741,0.04609047282825817,3.7927467823028564,3.6659979820251465,0.8749333225836677,0.20703710156436816,3.8424930572509766,0.03284020857377486,0.08088025179776279,0.04804004322398792,3.7521824836730957,3.620072364807129,0.8073748105575241,0.03214771243101744,3.7930850982666016,0.03316714546897195,0.08127810738303444,0.0481109619140625,3.7018754482269287,3.569570302963257,0.7731953729625072,-0.08482117153766522,3.738671064376831,0.033227400346235794,0.07983693209561435,0.04660953174937855,3.6472957134246826,3.5191195011138916,0.8322727381800428,0.016148559015737085,3.6872942447662354,0.03257474032315341,0.0758713808926669,0.043296640569513496,3.5977137088775635,3.4786479473114014,0.83074343216046,0.008195449603217497,3.64925479888916,0.03303571180863814,0.07626524838534268,0.043229536576704544,3.5584065914154053,3.4395253658294678,0.7788710395692092,-0.13942688360537847,3.618260622024536,0.033483938737349075,0.07950574701482599,0.04602180827747692,3.526179790496826,3.3996198177337646,0.7205178092410457,-0.28803168366291976,3.5882375240325928,0.033415881070223724,0.08400700309059837,0.05059112202037464,3.4963438510894775,3.3572182655334473,0.6867826427434244,-0.3514209540362496,3.5562007427215576,0.03427288749001243,0.09036488966508345,0.05609200217507102,3.4619503021240234,3.307697296142578,0.6295130150614705,-0.4203989601454188,3.521747589111328,0.03491514379327947,0.10555328022349965,0.07063813643022017,3.4257309436798096,3.231476068496704,0.43574809152562965,-0.615644706099221,3.480989933013916,0.03500444238836115,0.14956144853071732,0.11455700614235619,3.384727716445923,3.0696959495544434,0.1571116437260631,-0.9284499888537323,3.432969570159912,0.03476489673961292,0.26226667924360797,0.22750178250399503,3.3373661041259766,2.7117362022399902,0.20914060701052778,-0.9180456859253652,3.3797483444213867,0.03650994734330611,0.32007009332830255,0.28356014598499646,3.279345989227295,2.4995555877685547,1.9914721629905294,2.874963131026006,3.319200277328491,0.0362365029074929,0.29820017381147906,0.26196367090398615,3.2195498943328857,2.499149799346924,0.2904113432337294,-0.7859059119215637
1C1C_1-5_90cyc,4.181300163269043,0.029091054742986507,0.041854685003107246,0.012763630260120739,4.10129976272583,4.066199779510498,0.6253992045252932,-0.612867827969664,4.104800224304199,0.02876368435946378,0.03763649680397727,0.008872812444513494,4.025700092315674,4.001299858093262,0.6932692295077032,-0.5030388653233921,4.083399772644043,0.028399900956587357,0.036981756036931816,0.00858185508034446,4.005300045013428,3.9816999435424805,0.6966170389472578,-0.4935789535019426,4.067999839782715,0.028218095952814274,0.03832721710205078,0.010109121149236506,3.9904000759124756,3.962599992752075,0.5789960133349612,-0.6716861924483015,4.018899917602539,0.028072703968394886,0.03938180750066584,0.011309103532270952,3.941699981689453,3.910599946975708,0.5363235880690028,-0.7344799122720063,3.958699941635132,0.02803637764670632,0.03927274183793501,0.011236364191228693,3.8815999031066895,3.8506999015808105,0.5491379241913878,-0.7241617283300212,3.9161999225616455,0.027963638305664062,0.038836305791681465,0.0108726674860174,3.8392999172210693,3.8094000816345215,0.5812710099511122,-0.6706509250654573,3.883500099182129,0.027963638305664062,0.039018197493119675,0.01105455918745561,3.8066000938415527,3.77620005607605,0.5618764251085402,-0.6886269273493832,3.843899965286255,0.028072703968394886,0.0394181338223544,0.011345429853959517,3.766700029373169,3.7355000972747803,0.5445045786364975,-0.7203706423369152,3.7873001098632812,0.028000051325017757,0.03861826116388494,0.010618209838867188,3.7102999687194824,3.6810998916625977,0.5590992637836175,-0.726277562109622,3.7253000736236572,0.027818246321244675,0.03658181970769709,0.008763573386452415,3.6487998962402344,3.6247000694274902,0.502207666564596,-0.8153751771957944,3.6791999340057373,0.02767268094149503,0.03589092601429333,0.008218245072798296,3.603100061416626,3.5804998874664307,0.4818593130220239,-0.8203488080753578,3.6442999839782715,0.027818159623579544,0.03585451299493963,0.008036353371360085,3.5678000450134277,3.5457000732421875,0.4755066586717562,-0.8311798053376558,3.6145999431610107,0.027927225286310368,0.03592725233598189,0.00800002704967152,3.5378000736236572,3.5157999992370605,0.4644017528282177,-0.854873728351222,3.5852999687194824,0.02818176963112571,0.03629086234352805,0.008109092712402344,3.5078001022338867,3.4855000972747803,0.44158422298996486,-0.8768014986147268,3.553299903869629,0.028327248313210228,0.03665447235107422,0.00832722403786399,3.475399971008301,3.452500104904175,0.44292444304198014,-0.8653634131137551,3.5127999782562256,0.02876359766179865,0.03738177906383167,0.008618181402033026,3.4337000846862793,3.4100000858306885,0.46265353925091635,-0.8453614007234482,3.4677999019622803,0.029490904374556107,0.03898178447376598,0.009490880099209871,3.386699914932251,3.360599994659424,0.4480906469911963,-0.8714182539850062,3.412100076675415,0.030727299776944248,0.04385454004461115,0.013127240267666903,3.3276000022888184,3.2915000915527344,0.4634566072742467,-0.8378917113617619,3.3508999347686768,0.03396363691850142,0.30956363677978516,0.27559999986128375,3.257499933242798,2.4995999336242676,0.9173954891882006,-0.7623711363145853,3.2644999027252197,0.036327275362881745,0.11843629316850142,0.27559999986128375,3.164599895477295,2.938800096511841,0.36518173507953994,-0.8094755961760054
1C1C_1-6_90cyc,4.181300163269043,0.028727271340110085,0.04134559631347656,0.012618324973366478,4.10230016708374,4.067599773406982,0.614700127211009,-0.6342313645410158,4.105199813842773,0.028363487937233665,0.03709082169966264,0.008727333762428978,4.027200222015381,4.003200054168701,0.6784140844995037,-0.5332494194255304,4.084000110626221,0.027963638305664062,0.036509167064319954,0.008545528758655895,4.0071001052856445,3.983599901199341,0.702500315674349,-0.48157841547216274,4.0680999755859375,0.027890898964621803,0.037854541431773796,0.009963642467151989,3.9914000034332275,3.9639999866485596,0.5773643407436825,-0.6842515527547879,4.018199920654297,0.02759994160045277,0.038945458152077415,0.011345516551624645,3.9423000812530518,3.911099910736084,0.5476767387191679,-0.7165114629714382,3.9579999446868896,0.02770909396084872,0.0387999794699929,0.011090885509144176,3.8817999362945557,3.851300001144409,0.5369261767814999,-0.7402247735461214,3.915800094604492,0.027600028298117897,0.03832730379971591,0.010727275501598011,3.839900016784668,3.8104000091552734,0.5693866170906201,-0.6821988537170736,3.88319993019104,0.02770909396084872,0.03865450078790838,0.01094540682705966,3.806999921798706,3.776900053024292,0.5442672291175646,-0.7200344449879972,3.8431999683380127,0.02778183330189098,0.039018197493119675,0.011236364191228693,3.7667999267578125,3.7358999252319336,0.5328641009789606,-0.7531622284482746,3.7855000495910645,0.02763635461980646,0.038109085776589134,0.010472731156782671,3.7095000743865967,3.6807000637054443,0.5483886132413337,-0.7442983927719804,3.723599910736084,0.02734539725563743,0.036072731018066406,0.008727333762428978,3.648400068283081,3.6243999004364014,0.5158559937345133,-0.7937994177295353,3.6779000759124756,0.027345483953302555,0.0354545766657049,0.008109092712402344,3.6026999950408936,3.580399990081787,0.4793055048074022,-0.8276062173293393,3.643199920654297,0.027490875937721947,0.03538175062699751,0.007890874689275568,3.5676000118255615,3.5459001064300537,0.46074142845660976,-0.8533551992060837,3.613600015640259,0.027563615278764206,0.0354545766657049,0.007890961386940697,3.5378000736236572,3.5160999298095703,0.4477032533374522,-0.8717442748789348,3.5843000411987305,0.02778183330189098,0.03581818667325107,0.008036353371360085,3.5078999996185303,3.48580002784729,0.43298606426117237,-0.8815744647369459,3.552000045776367,0.028000051325017757,0.036218209700150925,0.008218158375133167,3.4749999046325684,3.452399969100952,0.44399296769506796,-0.8793865491146606,3.510699987411499,0.02843640067360618,0.036872690374200996,0.008436289700594816,3.432499885559082,3.4093000888824463,0.4491931154689782,-0.8684881904842658,3.46560001373291,0.02909088134765625,0.03854543512517756,0.009454553777521307,3.3856000900268555,3.359600067138672,0.43893813963278877,-0.8791816444738236,3.4089999198913574,0.030363603071732956,0.04352725635875355,0.013163653287020597,3.325500011444092,3.289299964904785,0.4504288227976696,-0.8581769155669812,3.348400115966797,0.03312735124067827,0.30869093808260833,0.27556358684193005,3.2572999000549316,2.499500036239624,1.0255075201251251,-0.5496901865183936,3.251699924468994,0.03654540668834339,0.12101814963600853,0.27556358684193005,3.15120005607605,2.9189000129699707,0.33303904269329043,-0.8520538267174129
1C1C_1-5_initial,4.184299945831299,0.02810911698774858,0.03850902210582386,0.010399905118075285,4.10699987411499,4.078400135040283,0.5439612728206178,-0.7212943068712345,4.106800079345703,0.028072703968394886,0.03599999167702415,0.007927287708629261,4.029600143432617,4.007800102233887,0.6474501350878062,-0.579805579766778,4.084499835968018,0.027818159623579544,0.03578177365389737,0.007963614030317827,4.007999897003174,3.9860999584198,0.6669897201409908,-0.5205221230184769,4.067699909210205,0.027818159623579544,0.03723630038174716,0.009418140758167614,3.9911999702453613,3.9653000831604004,0.5704367825563333,-0.6703825002406631,4.017499923706055,0.02774542028253729,0.03854543512517756,0.01080001484264027,3.941200017929077,3.9114999771118164,0.5595586914435808,-0.700350666630893,3.957200050354004,0.02770909396084872,0.03847278248180042,0.010763688520951704,3.88100004196167,3.8513998985290527,0.5710491079646457,-0.6730788270841015,3.914299964904785,0.02778183330189098,0.03818182511763139,0.010399991815740412,3.837899923324585,3.809299945831299,0.5699445204898139,-0.6748467436255567,3.8808000087738037,0.027927311983975498,0.03850910880348899,0.010581796819513494,3.803999900817871,3.774899959564209,0.5628421898172629,-0.6872816012943699,3.8401999473571777,0.027890898964621803,0.038945458152077415,0.01105455918745561,3.7634999752044678,3.733099937438965,0.5541899262884745,-0.7037484841599406,3.7762999534606934,0.02778183330189098,0.03709090839732777,0.00930907509543679,3.699899911880493,3.674299955368042,0.5668455487119466,-0.7182354972614049,3.719099998474121,0.02774542028253729,0.03585451299493963,0.008109092712402344,3.6428000926971436,3.620500087738037,0.5117089588588957,-0.772973582326062,3.6754000186920166,0.02778183330189098,0.0354545766657049,0.00767274336381392,3.5989999771118164,3.577899932861328,0.48579177998743345,-0.8123558915109399,3.6415998935699463,0.027999964627352627,0.03545448996803977,0.007454525340687145,3.5645999908447266,3.544100046157837,0.4735741401196925,-0.8306849549683109,3.6120998859405518,0.027854485945268112,0.035418163646351204,0.0075636777010830965,3.5355000495910645,3.514699935913086,0.4645244507620898,-0.8308062573109978,3.58270001411438,0.028145443309437145,0.0357818603515625,0.007636417042125355,3.5053000450134277,3.484299898147583,0.45473579236794054,-0.8459664052640239,3.5485000610351562,0.028327335010875355,0.036072731018066406,0.0077453960071910515,3.470599889755249,3.4493000507354736,0.4410827174474959,-0.8666271082133368,3.503200054168701,0.028654531999067825,0.03650908036665483,0.007854548367587004,3.4244000911712646,3.4028000831604004,0.4382317134750589,-0.8598402274432759,3.455899953842163,0.02909088134765625,0.03767273642800071,0.00858185508034446,3.3759000301361084,3.352299928665161,0.4394116468058586,-0.8586244861452084,3.394700050354004,0.02999999306418679,0.04069094224409624,0.010690949179909447,3.3122000694274902,3.2827999591827393,0.4259211771483846,-0.9027898302164012,3.339200019836426,0.03214550018310547,0.3053091222589666,0.27316362207586115,3.2507998943328857,2.4995999336242676,0.36461567230048514,-1.6001723040074796,3.1064999103546143,0.036109057339754974,0.08087270910089667,0.27316362207586115,3.007200002670288,2.8840999603271484,0.23877041973477642,-0.9880162097891652
1C1C_1-6_initial,4.184299945831299,0.027890812266956676,0.03832730379971591,0.010436491532759233,4.107600212097168,4.07889986038208,0.5527445567257041,-0.7003564628249102,4.107500076293945,0.027963638305664062,0.03589092601429333,0.007927287708629261,4.030600070953369,4.008800029754639,0.6367247872692056,-0.5834968624129684,4.085299968719482,0.027818159623579544,0.03574544733220881,0.007927287708629261,4.008800029754639,3.986999988555908,0.6458975514799439,-0.5539136713106845,4.06820011138916,0.027636441317471592,0.037127321416681465,0.009490880099209871,3.9921998977661133,3.966099977493286,0.5645513851876938,-0.6762623435687884,4.0177998542785645,0.02774542028253729,0.0384726957841353,0.010727275501598011,3.941499948501587,3.9119999408721924,0.5318064083756346,-0.7276777259484333,3.9574999809265137,0.02774542028253729,0.03839995644309304,0.010654536160555754,3.881200075149536,3.851900100708008,0.5468741834549132,-0.7152455782209097,3.914799928665161,0.02778183330189098,0.03807267275723544,0.01029083945534446,3.838399887084961,3.8101000785827637,0.5603330537102272,-0.6969243027312397,3.881200075149536,0.027745506980202415,0.03840004314075817,0.010654536160555754,3.8048999309539795,3.775599956512451,0.5628365476227501,-0.6855846677103945,3.8405001163482666,0.02785457264293324,0.03883639248934659,0.010981819846413353,3.7639000415802,3.7337000370025635,0.5427231798346195,-0.7225206633681855,3.776599884033203,0.02767268094149503,0.036981756036931816,0.00930907509543679,3.700500011444092,3.6749000549316406,0.5630275360460242,-0.7282609304741245,3.7193000316619873,0.027672767639160156,0.03570912101052024,0.008036353371360085,3.643199920654297,3.6210999488830566,0.49660557406450606,-0.8080094279548375,3.6756999492645264,0.02763635461980646,0.035309097983620384,0.00767274336381392,3.5996999740600586,3.5785999298095703,0.4935115562945761,-0.8141571825254745,3.6419999599456787,0.027818159623579544,0.035309097983620384,0.007490938360040838,3.565500020980835,3.5448999404907227,0.4683409300502866,-0.8342743632010512,3.612499952316284,0.02778183330189098,0.035236358642578125,0.007454525340687145,3.536099910736084,3.5155999660491943,0.4597344729188632,-0.8397710163026675,3.5829999446868896,0.027963638305664062,0.03563638166947798,0.00767274336381392,3.5060999393463135,3.484999895095825,0.4436674710056736,-0.8529068299922726,3.5487000942230225,0.028072790666060013,0.03589092601429333,0.007818135348233309,3.4714999198913574,3.450000047683716,0.46592055663091303,-0.8287837475091537,3.5034000873565674,0.028509140014648438,0.03636368838223544,0.007854548367587004,3.424999952316284,3.40339994430542,0.452601277748003,-0.8512450088837014,3.455899953842163,0.028836337002840908,0.03738177906383167,0.008545442060990767,3.3766000270843506,3.353100061416626,0.4485782323064087,-0.8582816363378778,3.394700050354004,0.029818188060413708,0.04058187658136541,0.010763688520951704,3.312700033187866,3.283099889755249,0.4166686480696494,-0.9108775793513573,3.339099884033203,0.03210908716375178,0.3053090355613015,0.27319994839754974,3.2507998943328857,2.499500036239624,0.39346404781787575,-1.5824610584223857,3.1024999618530273,0.03585451299493963,0.0817454077980735,0.27319994839754974,3.0039000511169434,2.877700090408325,0.23745195809186417,-0.9822528611214492
1C1C_1-8_270cyc,4.174900054931641,0.03287280689586292,0.050399953668767754,0.01752714677290483,4.084499835968018,4.036300182342529,0.9570840849487685,0.10468141157819,4.102499961853027,0.03221823952414773,0.042545405301180755,0.010327165777033026,4.013899803161621,3.9855000972747803,0.8878673636828223,-0.10227832019432848,4.082600116729736,0.03123638846657493,0.04072735526344993,0.009490966796875,3.9967000484466553,3.970599889755249,0.8127180227851647,-0.25671776484645115,4.067699909210205,0.03058182109485973,0.04138174923983487,0.010799928144975142,3.983599901199341,3.953900098800659,0.601838848629967,-0.630114369981567,4.019199848175049,0.030109058726917614,0.04199990359219638,0.011890844865278765,3.9363999366760254,3.903700113296509,0.5426867062838739,-0.7452661192108576,3.9600000381469727,0.029309099370783024,0.04069094224409624,0.01138184287331321,3.8794000148773193,3.848099946975708,0.5419721955729997,-0.7462494090746188,3.918299913406372,0.029563643715598366,0.04047272422096946,0.010909080505371094,3.8369998931884766,3.806999921798706,0.5538068870520976,-0.7217864410952788,3.8870999813079834,0.029381838711825283,0.04061820290305398,0.011236364191228693,3.806299924850464,3.775399923324585,0.5596944675531209,-0.7057323678680092,3.8487000465393066,0.0295273173939098,0.04098181291060014,0.01145449551669034,3.7674999237060547,3.7360000610351562,0.5219053184722834,-0.7783010749693178,3.7959001064300537,0.028909163041548294,0.03981824354691939,0.010909080505371094,3.716399908065796,3.6863999366760254,0.5256113251877215,-0.7879852404163388,3.734499931335449,0.02916362068869851,0.03876365314830433,0.009600032459605824,3.6542999744415283,3.6278998851776123,0.4920271288565996,-0.8364873673437412,3.684499979019165,0.02923636002974077,0.03781821511008523,0.00858185508034446,3.604099988937378,3.5804998874664307,0.46914761006125566,-0.8819586000940229,3.648099899291992,0.02909088134765625,0.03741810538552024,0.00832722403786399,3.5680999755859375,3.5452001094818115,0.47672417873639533,-0.8525329013731495,3.6180999279022217,0.028981815684925426,0.03723630038174716,0.008254484696821733,3.5383999347686768,3.515700101852417,0.4487072942052963,-0.8892333749485348,3.588900089263916,0.029709122397682884,0.038290977478027344,0.00858185508034446,3.507200002670288,3.483599901199341,0.4473831151769351,-0.8837601767765135,3.5580999851226807,0.030036319385875355,0.038909045132723724,0.008872725746848366,3.4755001068115234,3.4511001110076904,0.4619941576155486,-0.8459057393101737,3.522700071334839,0.03090910478071733,0.04054546356201172,0.00963635878129439,3.437700033187866,3.4112000465393066,0.5187015844409938,-0.7501317267278389,3.4795000553131104,0.031418193470348015,0.0429818413474343,0.011563647877086292,3.3931000232696533,3.361299991607666,0.5870962917329979,-0.6129355892054988,3.430000066757202,0.03316367756236683,0.05258187380704013,0.019418196244673294,3.3387999534606934,3.285399913787842,0.6978211199666978,-0.36371328256149704,3.3721001148223877,0.03585459969260476,0.31727279316295276,0.281418193470348,3.2734999656677246,2.4995999336242676,1.6093488663114495,1.227897056876471,3.3171000480651855,0.03727271340110085,0.1818909211592241,0.281418193470348,3.214600086212158,2.8169000148773193,0.48985357292778264,-0.6783728017024115
1C1C_2-5_270cyc,4.17519998550415,0.033272656527432526,0.05079997669566761,0.017527320168235085,4.083700180053711,4.0355000495910645,0.9546040816675847,0.10131319403883765,4.10290002822876,0.03309093822132458,0.04341819069602273,0.010327252474698153,4.011899948120117,3.9835000038146973,0.8319327559999864,-0.23366291459725108,4.083000183105469,0.03189095583829013,0.04145457527854226,0.00956361944025213,3.995300054550171,3.9690001010894775,0.8115077669800691,-0.25348349423052596,4.06820011138916,0.031090909784490414,0.0420364033092152,0.010945493524724787,3.9827001094818115,3.9526000022888184,0.619821061866526,-0.5997400656945207,4.019599914550781,0.030363603071732956,0.042545405301180755,0.012181802229447798,3.9361000061035156,3.902600049972534,0.5670844979043566,-0.6963297529215917,3.9605000019073486,0.030254537409002132,0.041890924627130684,0.011636387218128551,3.8773000240325928,3.8452999591827393,0.5453662050982975,-0.730754665200823,3.918800115585327,0.030181884765625,0.04120003093372692,0.011018146168101917,3.8357999324798584,3.805500030517578,0.5564341548402817,-0.7234881754175317,3.887500047683716,0.0298546010797674,0.04127277027476917,0.011418169195001776,3.8053998947143555,3.7739999294281006,0.5667668932964778,-0.6931056013397003,3.849600076675415,0.029927340420809658,0.04163638028231534,0.011709039861505682,3.7672998905181885,3.735100030899048,0.545585358199157,-0.7290324261787515,3.7957000732421875,0.029963666742498226,0.04112729159268466,0.011163624850186434,3.7132999897003174,3.6826000213623047,0.5262267984371156,-0.7840247624233041,3.7327001094818115,0.029709122397682884,0.03927274183793501,0.00956361944025213,3.6510000228881836,3.6247000694274902,0.5104337259727377,-0.8099183873111362,3.6839001178741455,0.02967279607599432,0.03825456445867365,0.008581768382679333,3.602299928665161,3.578700065612793,0.4659137898901455,-0.8824754414677423,3.6477999687194824,0.029781775041060013,0.03825456445867365,0.008472789417613636,3.5659000873565674,3.54259991645813,0.4768715848736115,-0.8396101425324418,3.617799997329712,0.03007273240522905,0.03854543512517756,0.00847270271994851,3.535099983215332,3.5118000507354736,0.4503015119299984,-0.8753475274865772,3.5889999866485596,0.030181798067959873,0.038945458152077415,0.008763660084117542,3.50600004196167,3.4818999767303467,0.4726019120074533,-0.8324029940994273,3.558300018310547,0.030763626098632812,0.03974550420587713,0.008981878107244318,3.4737000465393066,3.4489998817443848,0.4681014324523065,-0.8515305873260468,3.5223000049591064,0.031563672152432526,0.04134542291814631,0.009781750765713778,3.435499906539917,3.408600091934204,0.5215148882545722,-0.7541658925096639,3.478600025177002,0.032509110190651634,0.044472694396972656,0.011963584206321022,3.38919997215271,3.356300115585327,0.6081297595328643,-0.5739149304706448,3.428800106048584,0.03414552861993963,0.05381818251176314,0.01967265389182351,3.33489990234375,3.2808001041412354,0.6724701939071931,-0.42516156111186154,3.3701000213623047,0.03654549338600852,0.3164363340897994,0.27989084070379083,3.2695999145507812,2.4999001026153564,1.766433183073943,1.8007972798956189,3.3171000480651855,0.03756367076526989,0.18818187713623047,0.27989084070379083,3.2137999534606934,2.7995998859405518,0.481700749012846,-0.693817677653028
1C1C_2-5_360cyc,4.171000003814697,0.035963578657670456,0.05825458873401989,0.02229101007634943,4.0721001625061035,4.010799884796143,1.3611306753424268,1.1888095860915087,4.101399898529053,0.035054466941139915,0.0485818169333718,0.01352734999223189,4.005000114440918,3.9677999019622803,1.3345121830916287,1.1109747615069185,4.082200050354004,0.03403637625954368,0.04567276347767223,0.011636387218128551,3.988600015640259,3.9565999507904053,1.1168508353629325,0.5222191572392747,4.0665998458862305,0.033418135209517044,0.045599937438964844,0.012181802229447798,3.9746999740600586,3.941200017929077,0.703372890961718,-0.4083767033492176,4.017600059509277,0.032254565845836296,0.04520000110973011,0.012945435263893822,3.9289000034332275,3.8933000564575195,0.6117009465019064,-0.6053446953359649,3.959399938583374,0.031890869140625,0.04410908438942649,0.01221821524880149,3.8717000484466553,3.838099956512451,0.5897388715901993,-0.6574439106728129,3.9184999465942383,0.031454519792036575,0.04319997267289595,0.011745452880859375,3.8320000171661377,3.7997000217437744,0.6251121110024014,-0.5912124721235665,3.887700080871582,0.03149093281139027,0.04338186437433416,0.011890931562943892,3.801100015640259,3.768399953842163,0.5993732221918026,-0.6305034414652386,3.849900007247925,0.031527259133078835,0.043563669378107246,0.01203641024502841,3.763200044631958,3.73009991645813,0.559330837011635,-0.712465465235355,3.7967000007629395,0.03130912780761719,0.04301816766912287,0.011709039861505682,3.710599899291992,3.6784000396728516,0.5737786011865762,-0.6979254413897644,3.7353999614715576,0.03123638846657493,0.04149090160023083,0.010254513133655895,3.6494998931884766,3.621299982070923,0.5325317965739215,-0.7641469186991716,3.6854000091552734,0.031272714788263496,0.04058178988370029,0.00930907509543679,3.599400043487549,3.5738000869750977,0.5171516129731762,-0.794583371813272,3.648900032043457,0.031272714788263496,0.04025459289550781,0.008981878107244318,3.5629000663757324,3.5381999015808105,0.5125531744946843,-0.7894049607652796,3.6187000274658203,0.03170906413685192,0.040909073569557884,0.009200009432705965,3.5315001010894775,3.506200075149536,0.5223197836591925,-0.7664863595679701,3.5896999835968018,0.03203634782270952,0.04163638028231534,0.009600032459605824,3.5016000270843506,3.4751999378204346,0.5365634025129623,-0.7184788639569648,3.5592000484466553,0.03276365453546697,0.0429818413474343,0.010218186811967329,3.469099998474121,3.440999984741211,0.5796028055942294,-0.6339383868296786,3.524399995803833,0.03301819888028232,0.044799978082830254,0.011781779202547941,3.4335999488830566,3.40120005607605,0.7328693433456553,-0.3110062174794366,3.481800079345703,0.03407278927889737,0.04967273365367542,0.015599944374778053,3.3880999088287354,3.3452000617980957,0.8747985654444234,0.02644676394904577,3.433500051498413,0.0361091440374201,0.06429091366854581,0.02818176963112571,3.334199905395508,3.256700038909912,0.8601632013833523,0.0015175952705033247,3.377700090408325,0.03774547576904297,0.319163669239391,0.281418193470348,3.273900032043457,2.5,2.168855229222326,3.6077873782435512,3.3229000568389893,0.038072759454900566,0.2080000097101385,0.281418193470348,3.2181999683380127,2.7509000301361084,0.5312667885747075,-0.6275021580019833
1C1C_2-5_540cyc,4.159800052642822,0.03752725774591619,0.08007274974476207,0.04254549199884588,4.056600093841553,3.9395999908447266,2.2793245279723857,4.09165264137507,4.095600128173828,0.03858184814453125,0.06534550406716087,0.026763655922629616,3.989500045776367,3.9158999919891357,2.313692953997062,4.2314245215167565,4.078700065612793,0.03876365314830433,0.059636376120827415,0.020872722972523083,3.972100019454956,3.9147000312805176,1.9191188175569993,2.9541428245211696,4.056700229644775,0.0377455624667081,0.057927391745827415,0.02018182927911932,3.952899932861328,3.89739990234375,1.3876392324889466,1.363484952559836,4.004300117492676,0.036254622719504616,0.0551636435768821,0.018909020857377487,3.904599905014038,3.85260009765625,1.1558687960152478,0.7180955679215084,3.94950008392334,0.035309097983620384,0.05272726579145952,0.017418167807839134,3.852400064468384,3.804500102996826,1.1497674065722503,0.6983449118967036,3.912600040435791,0.03570912101052024,0.05138180472634055,0.015672683715820312,3.8143999576568604,3.7713000774383545,1.0464941925330795,0.4143365875931839,3.8815999031066895,0.03498181429776279,0.05138180472634055,0.01639999042857777,3.785399913787842,3.740299940109253,1.0564607433218196,0.4609916139905801,3.841200113296509,0.035272771661931816,0.051490957086736504,0.016218185424804688,3.7441999912261963,3.6995999813079834,0.971698797754891,0.2415415838448416,3.787400007247925,0.035309097983620384,0.05079997669566761,0.01549087871204723,3.6902999877929688,3.647700071334839,0.9492334534681414,0.17944754770542737,3.728600025177002,0.035236358642578125,0.05000001733953303,0.0147636586969549,3.631700038909912,3.591099977493286,0.9871369194806534,0.2956746901378935,3.680000066757202,0.03520003232088956,0.049345449967817825,0.014145417646928267,3.583199977874756,3.544300079345703,1.0582368446311303,0.47312610712275704,3.644200086593628,0.03490916165438565,0.049527341669256035,0.014618180014870384,3.5481998920440674,3.507999897003174,1.1769479801413651,0.8059520567112237,3.6140999794006348,0.03509087996049361,0.05087271603670987,0.015781836076216263,3.5176000595092773,3.4742000102996826,1.2695682476923698,1.0688943947047056,3.5850000381469727,0.03643634102561257,0.05283641815185547,0.016400077126242897,3.484800100326538,3.43969988822937,1.2405040991432905,0.9789729994670382,3.5543999671936035,0.036036317998712715,0.05618182095614346,0.020145502957430752,3.4553000926971436,3.399899959564209,1.4670788999479036,1.605927785721895,3.5202999114990234,0.03672721169211648,0.06163631785999645,0.02490910616787997,3.419300079345703,3.350800037384033,1.5361338199271395,1.7831386758495107,3.4786999225616455,0.037999933416193184,0.07498177615079013,0.03698184273459695,3.3742001056671143,3.2725000381469727,1.4150599723996682,1.3905799362979785,3.4312000274658203,0.03749093142422763,0.10814545371315697,0.07065452228892934,3.3280999660491943,3.1338000297546387,1.1084534687503607,0.5133943027496062,3.3801000118255615,0.03952728618275036,0.3200363679365678,0.28050908175381745,3.271399974822998,2.5,3.2828798152244003,10.626453845096712,3.3271000385284424,0.03941822052001953,0.24243640899658203,0.28050908175381745,3.2186999320983887,2.660399913787842,0.5557457240455786,-0.5878760928805149
1C1C_2-5_570cyc,4.157199859619141,0.03690910339355469,0.08509089730002663,0.04818179390647195,4.055699825286865,3.9231998920440674,2.3760162567919223,4.417963381413608,4.094299793243408,0.03927265514026989,0.0694181268865412,0.030145471746271305,3.986299991607666,3.90339994430542,2.3996043653489254,4.522033861940118,4.077899932861328,0.03767273642800071,0.06334538893266158,0.025672652504660866,3.974299907684326,3.903700113296509,2.126258463877186,3.6298316168862375,4.053699970245361,0.036872690374200996,0.06105457652698864,0.024181886152787643,3.9523000717163086,3.8857998847961426,1.6601415649097233,2.1698852396124133,4.0005998611450195,0.036109057339754974,0.057818152687766335,0.021709095348011364,3.9012999534606934,3.841599941253662,1.3874156492925243,1.3674000676378428,3.946899890899658,0.03629086234352805,0.054945425553755325,0.018654563210227272,3.847100019454956,3.795799970626831,1.2598674025630623,0.9996307509832936,3.910799980163574,0.03658181970769709,0.05374544317072088,0.017163623463023792,3.8101999759674072,3.763000011444092,1.1820018958306673,0.7781072983092843,3.8794000148773193,0.03556364232843572,0.05374544317072088,0.018181800842285156,3.781599998474121,3.731600046157837,1.216217212017956,0.8934377100428712,3.8380000591278076,0.03596366535533558,0.05374544317072088,0.0177817778153853,3.7390999794006348,3.690200090408325,1.1288733190673335,0.6487178987134756,3.78439998626709,0.036109057339754974,0.053054549477317116,0.016945492137562145,3.6851000785827637,3.6384999752044678,1.0818020179803838,0.5297941314589458,3.726099967956543,0.03549090298739346,0.0519272197376598,0.016436316750266335,3.628499984741211,3.5833001136779785,1.1584636083115483,0.7353278585823753,3.6782000064849854,0.035309097983620384,0.05152728340842507,0.016218185424804688,3.5810999870300293,3.5364999771118164,1.2806592341201426,1.0783611074902613,3.642699956893921,0.03534542430530895,0.052145437760786575,0.016800013455477627,3.5455000400543213,3.499300003051758,1.3786758389298424,1.3627530185786139,3.6126999855041504,0.03581818667325107,0.05269093946977095,0.016872752796519886,3.51419997215271,3.4677999019622803,1.3392488402617964,1.2576805286541886,3.5838000774383545,0.03592733903364702,0.05552734028209339,0.019600001248446377,3.484999895095825,3.4310998916625977,1.5096819324841804,1.7436241925134643,3.5529000759124756,0.03683636405251243,0.05916370045055042,0.022327336398037998,3.4516000747680664,3.390199899673462,1.5567067189802877,1.8587230726741826,3.518899917602539,0.03690910339355469,0.06632726842706854,0.02941816503351385,3.4173998832702637,3.3364999294281006,1.6456965678049535,2.0911173772184233,3.477400064468384,0.038145498795942825,0.08207277818159624,0.04392727938565341,3.372499942779541,3.251699924468994,1.455805393572106,1.4801773546044892,3.4303998947143555,0.03829089078036221,0.11636361208829013,0.07807272130792792,3.3250999450683594,3.1103999614715576,1.1066169354269555,0.4723972435352617,3.3803000450134277,0.03916367617520419,0.3201091072776101,0.2809454311024059,3.272599935531616,2.5,3.434485991322153,11.845239351610129,3.327500104904175,0.039054610512473366,0.24320004203102805,0.2809454311024059,3.220099925994873,2.6586999893188477,0.565708494417226,-0.571489637514107
1C1C_2-5_600cyc,4.1545000076293945,0.038036346435546875,0.09014545787464488,0.052109111439098015,4.049900054931641,3.906599998474121,2.420665366558392,4.563224044528314,4.092599868774414,0.040763594887473366,0.07349083640358665,0.03272724151611328,3.9804999828338623,3.890500068664551,2.443007460545462,4.667149320740921,4.0767998695373535,0.03854543512517756,0.06719996712424538,0.028654531999067825,3.9707999229431152,3.8919999599456787,2.1726719626140807,3.783100329558767,4.049300193786621,0.038254651156338776,0.06450913169167259,0.026254480535333805,3.9440999031066895,3.8719000816345215,1.729029349084458,2.376891982172255,3.994800090789795,0.03701825575395064,0.060690966519442474,0.023672710765491833,3.8929998874664307,3.827899932861328,1.5217238869124619,1.7545597347663007,3.9423999786376953,0.036145470359108665,0.05738180333917791,0.021236332980069248,3.8429999351501465,3.784600019454956,1.4952767162509266,1.6712841285747544,3.907599925994873,0.03690910339355469,0.055890863591974434,0.018981760198419743,3.8060998916625977,3.7539000511169434,1.3493047657932886,1.2463448816234992,3.875499963760376,0.03647275404496626,0.055854537270285866,0.019381783225319603,3.7751998901367188,3.72189998626709,1.301039626009108,1.1169698889822142,3.8326001167297363,0.03596366535533558,0.056036428971724075,0.020072763616388493,3.7337000370025635,3.678499937057495,1.3297663623379188,1.2023577589500265,3.777899980545044,0.036109057339754974,0.05559999292547053,0.019490935585715553,3.6786000728607178,3.625,1.3184500919616933,1.1794311867938028,3.7200000286102295,0.03658181970769709,0.05461822856556286,0.01803640885786577,3.6194000244140625,3.5697999000549316,1.2946582085393215,1.1089672313633914,3.6735000610351562,0.03592725233598189,0.054145466197620735,0.01821821386163885,3.574700117111206,3.524600028991699,1.447600655931261,1.551944591197425,3.6389000415802,0.03658181970769709,0.054945512251420456,0.018363692543723366,3.538300037384033,3.487799882888794,1.4681575947964547,1.615677326988199,3.6089999675750732,0.037127234719016335,0.05654543096368963,0.019418196244673294,3.5069000720977783,3.4535000324249268,1.5093656878363744,1.7351965281443915,3.579699993133545,0.03759999708695845,0.059709115461869675,0.02210911837491122,3.476300001144409,3.4154999256134033,1.5959206971738291,1.9789353329082644,3.5485999584198,0.03679995103315874,0.06439997933127663,0.027600028298117897,3.4474000930786133,3.371500015258789,1.7476090335344843,2.4181235867833957,3.5141000747680664,0.03789095445112749,0.07301824743097479,0.0351272929798473,3.409899950027466,3.3132998943328857,1.6775939707816947,2.158779590560412,3.4718000888824463,0.037963693792169746,0.09214548631147905,0.0541817925193093,3.3673999309539795,3.218400001525879,1.4416589798357886,1.402800203565838,3.4247000217437744,0.03923632881858132,0.13047270341352982,0.0912363745949485,3.316800117492676,3.0659000873565674,1.0644420403674013,0.31403799416333156,3.3752999305725098,0.039018197493119675,0.318290883844549,0.2792726863514293,3.2679998874664307,2.5,4.050331857625853,17.061359186416254,3.3227999210357666,0.0394181338223544,0.2526181827891957,0.2792726863514293,3.214400053024292,2.6280999183654785,0.5369840819753551,-0.6127177268568218
1C1C_2-5_630cyc,4.152124881744385,0.03461560336026279,0.11128789728338068,0.0766722939231179,4.056931972503662,3.846083164215088,4.8706631609657,38.55173871950535,4.091343879699707,0.03751780770041726,0.09850528023459694,0.06098747253417969,3.9881699085235596,3.8204543590545654,2.1283332578805267,10.817001902466721,4.0756425857543945,0.038208267905495384,0.10383129119873047,0.06562302329323509,3.9705698490142822,3.7901065349578857,1.1312145410413217,1.9311317666010375,4.045677185058594,0.0367347543889826,0.1024733456698331,0.0657385912808505,3.9446566104888916,3.7638754844665527,1.1610288598782081,1.4235497675424842,3.9898414611816406,0.0368979193947532,0.09569324146617543,0.05879532207142223,3.8883721828460693,3.726685047149658,1.2614276988435589,1.6406649825012245,3.938748836517334,0.03533640774813565,0.08980620991099965,0.05446980216286399,3.841573715209961,3.691781759262085,1.2126856204359575,1.6203508357960983,3.9048666954040527,0.03619800914417614,0.09119510650634766,0.05499709736217152,3.8053221702575684,3.6540801525115967,1.026418895213673,0.8987659468464444,3.872365713119507,0.03549532456831499,0.0945387753573331,0.05904345078901811,3.7747535705566406,3.612384080886841,0.9437542383028314,0.5846225624159551,3.828521966934204,0.03536553816361861,0.09612560272216797,0.06076006455854936,3.731266736984253,3.564176559448242,0.8918415164154159,0.4368265076945863,3.772728443145752,0.035802147605202415,0.09430053017356178,0.058498382568359375,3.6742725372314453,3.513401985168457,0.9182246499228548,0.46876848823657724,3.7152764797210693,0.03485818342729048,0.09078814766623756,0.05592996423894709,3.6194164752960205,3.465609073638916,0.9900096510171887,0.7555433744673272,3.6702613830566406,0.035517519170587715,0.08902775157581676,0.05351023240522905,3.5725882053375244,3.4254350662231445,0.9111552840478155,0.47054995024442947,3.6362171173095703,0.03585208546031605,0.09308277476917613,0.057230689308860085,3.537623882293701,3.380239486694336,0.8547662343700271,0.3021775928392354,3.6063008308410645,0.03646252372048118,0.10048059983686967,0.06401807611638849,3.506028890609741,3.329979181289673,0.7856905937049115,0.12518978714833162,3.577031135559082,0.0359328876842152,0.11035555059259589,0.07442266290838068,3.4782156944274902,3.2735533714294434,0.7011610360233478,-0.0035291432306352455,3.5461671352386475,0.03569490259343928,0.1265896883877841,0.09089478579434482,3.4480061531066895,3.198045492172241,0.54792513321919,-0.24504219472368716,3.5115015506744385,0.03598481958562678,0.16517275029962714,0.12918793071400037,3.412543296813965,3.057276487350464,0.44027178513565945,-0.5076044807996096,3.4691050052642822,0.03732481869784268,0.22320036454634232,0.18587554584849963,3.366461753845215,2.855304002761841,0.7560232422151426,-0.045605726223059584,3.422389030456543,0.037390795621004974,0.33542190898548474,0.29803111336447974,3.3195643424987793,2.49997878074646,0.7698536444466278,-0.1550140336219794,3.3732762336730957,0.0370857065374201,0.31755430048162286,0.28046859394420276,3.2712905406951904,2.500001907348633,4.401006247325588,20.486344165807946,3.3221070766448975,0.03800513527610085,0.299090558832342,0.26108542355624115,3.21759295463562,2.499608039855957,0.4825717014128154,-0.6782801639768627
1C1C_2-5_810cyc,4.13673210144043,0.035871332341974434,0.14044007388028232,0.10456874153830788,4.0380859375,3.7505218982696533,7.547790138647332,71.7163033858717,4.083535671234131,0.03746223449707031,0.13187096335671164,0.09440872885964134,3.9805145263671875,3.720890522003174,3.444137640785153,21.966455747300362,4.063145637512207,0.038971814242276276,0.13171620802445846,0.09274439378218217,3.9559731483459473,3.7009260654449463,2.247235667311063,9.345975891120478,4.015051364898682,0.039427237077192825,0.12374678525057706,0.08431954817338423,3.9066264629364014,3.6747477054595947,1.951931868129602,6.522020961313254,3.957390546798706,0.03717907992276279,0.11491584777832031,0.07773676785555753,3.8551480770111084,3.641371965408325,1.8454996541058477,5.947278505122165,3.916419506072998,0.036140181801535866,0.11274589191783559,0.07660571011629971,3.8170340061187744,3.60636830329895,1.549192596950919,4.222482886459848,3.884392499923706,0.03720795024525036,0.11760876395485619,0.08040081370960582,3.7820706367492676,3.5609683990478516,1.333364001407676,2.841588064872277,3.8452656269073486,0.03832895105535334,0.12057538466020064,0.0822464336048473,3.739861011505127,3.513683319091797,1.2426421043040377,2.268885549306672,3.794074535369873,0.03873122822154652,0.12318168986927379,0.08445046164772728,3.68756365776062,3.45532488822937,1.299203961662584,2.563237620246367,3.7372336387634277,0.036559711803089485,0.11819405989213423,0.08163434808904474,3.6366944313049316,3.4121999740600586,1.4472608855390707,3.416749209812223,3.687356948852539,0.03675963661887429,0.11564029346812855,0.07888065684925426,3.5862679481506348,3.3693461418151855,1.4000147332835313,3.2609711836805877,3.649601459503174,0.03664571588689631,0.11978565562855113,0.08313993974165483,3.548825740814209,3.320190906524658,1.2986367195585282,2.8277651720163464,3.6185123920440674,0.03702224384654652,0.12964994257146661,0.0926276987249201,3.5167012214660645,3.261975049972534,1.177764731332568,2.2695392272324266,3.5895836353302,0.03639177842573686,0.14242007515647195,0.10602829673073509,3.489506244659424,3.1979284286499023,1.0535736217764475,1.73663855613988,3.561025857925415,0.03849688443270596,0.1617603302001953,0.12326344576748935,3.4551594257354736,3.116184949874878,0.9418259713320166,1.2008818805855146,3.5310616493225098,0.03739573738791726,0.18796001781116833,0.15056428042325107,3.4282233715057373,3.014171600341797,1.019962127724968,1.3292502132345065,3.497159004211426,0.03746804324063388,0.22134858911687677,0.1838805458762429,3.3941218852996826,2.8884503841400146,1.347351761284543,2.3030934285338907,3.4575276374816895,0.03622670607133345,0.2806834307583896,0.24445672468705612,3.3579041957855225,2.685648202896118,1.363590873966086,2.301403238138848,3.4151735305786133,0.03816214474764737,0.3328011252663352,0.29463898051868787,3.310227632522583,2.4999704360961914,2.0408055689515368,3.9060370211992774,3.370589017868042,0.038055159828879616,0.31656707416881213,0.27851191433993255,3.265937328338623,2.5000295639038086,5.317679734752041,30.587329364046724,3.3239097595214844,0.03823436390269886,0.3008831197565252,0.26264875585382635,3.2187652587890625,2.49648118019104,0.46741490182645323,-0.6688602801038681
1C2C_2-3_1140cyc,4.138899803161621,0.0405089638449929,0.11989081989635121,0.07938185605135831,4.027500152587891,3.8092000484466553,2.336483145823408,4.20085835893924,4.083499908447266,0.04338177767666904,0.0992727279663086,0.05589095028963956,3.964200019836426,3.810499906539917,2.3225492615427417,4.199334991470948,4.06220006942749,0.04058187658136541,0.09414551474831322,0.0535636381669478,3.9505999088287354,3.803299903869629,2.154470338887957,3.6600956217554215,4.015900135040283,0.04116370461203835,0.08745462244207208,0.04629091783003374,3.9026999473571777,3.775399923324585,1.9994968352865983,3.160746435498913,3.960099935531616,0.04047272422096946,0.08218175714666193,0.041709032925692474,3.84879994392395,3.734100103378296,1.9798722499190382,3.10261865223593,3.9175000190734863,0.03956361250443892,0.0764727158979936,0.03690910339355469,3.8087000846862793,3.707200050354004,1.9638138673370258,3.0569098967966264,3.88100004196167,0.03974550420587713,0.07636365023526279,0.03661814602938565,3.771699905395508,3.6710000038146973,1.948757597366126,3.0128618472164126,3.8406999111175537,0.03934539448131214,0.07618175853382457,0.03683636405251243,3.7325000762939453,3.631200075149536,1.8950121716468213,2.8494679857724714,3.798099994659424,0.03930906815962358,0.07694547826593573,0.03763641010631214,3.690000057220459,3.5864999294281006,1.863603610803455,2.754933792199238,3.7539000511169434,0.03836363012140447,0.07621817155317827,0.037854541431773796,3.648400068283081,3.544300079345703,1.858363587691571,2.737407740853791,3.7086000442504883,0.03876365314830433,0.07847274433482777,0.03970909118652344,3.6019999980926514,3.492799997329712,1.8974988784418563,2.8524455618825035,3.6677000522613525,0.04043639789928089,0.07970913973721591,0.03927274183793501,3.55649995803833,3.448499917984009,1.879328091304657,2.78197209732501,3.6335999965667725,0.03938180750066584,0.0820726914839311,0.04269088398326527,3.5253000259399414,3.407900094985962,1.9454515095628382,2.98814910427957,3.6029000282287598,0.03923641551624645,0.08261819319291548,0.04338177767666904,3.494999885559082,3.375699996948242,1.915353702004634,2.8827740252611687,3.571199893951416,0.03927265514026989,0.08854545246471059,0.0492727973244407,3.463200092315674,3.327699899673462,1.9192370911342183,2.87191232856944,3.536799907684326,0.04138174923983487,0.09476358240300958,0.05338183316317471,3.4230000972747803,3.27620005607605,1.819216264564091,2.516416657663239,3.5020999908447266,0.039999961853027344,0.10363639484752309,0.06363643299449574,3.3921000957489014,3.217099905014038,1.761469428280376,2.302915451559154,3.46370005607605,0.04123635725541548,0.11527278206565163,0.07403642481023615,3.3503000736236572,3.146699905395508,1.593901831724498,1.7530663872952825,3.422499895095825,0.03989089619029652,0.13327269120649857,0.09338179501620206,3.3127999305725098,3.055999994277954,1.4098418564464936,1.1965632322553814,3.377000093460083,0.04160005396062678,0.3189818642356179,0.27738181027499115,3.2625999450683594,2.499799966812134,1.8442157595581303,2.610353888789975,3.3083999156951904,0.041709032925692474,0.18869087912819602,0.27738181027499115,3.193700075149536,2.7894999980926514,0.9193937441950912,0.06451471549074705
1C2C_2-3_1200cyc,4.13730001449585,0.03963643854314631,0.1297454833984375,0.0901090448552912,4.028299808502197,3.7804999351501465,2.320684952527444,4.123877048808757,4.081999778747559,0.04312723333185369,0.10734540765935724,0.06421817432750355,3.963399887084961,3.786799907684326,2.3182927067701407,4.1690147733180005,4.057700157165527,0.04145457527854226,0.10098188573663885,0.05952731045809659,3.943700075149536,3.7799999713897705,2.1640468886958484,3.674246320822526,4.008999824523926,0.04239992661909624,0.09349086067893288,0.05109093405983665,3.892400026321411,3.7518999576568604,2.0320246346080766,3.249781945584086,3.954400062561035,0.04178185896439986,0.08723640441894531,0.045454545454545456,3.8394999504089355,3.7144999504089355,2.0192346256648217,3.2141170281598415,3.913100004196167,0.04127277027476917,0.0821091045032848,0.040836334228515625,3.7995998859405518,3.687299966812134,2.001357411286714,3.1626014584141737,3.875999927520752,0.04043631120161577,0.08239997516978871,0.04196366396817294,3.7648000717163086,3.649399995803833,2.0103094453474433,3.1980476826198476,3.835099935531616,0.040763594887473366,0.0821091045032848,0.04134550961581143,3.7230000495910645,3.609299898147583,1.93303515569346,2.9529921551538427,3.792799949645996,0.040763594887473366,0.08218175714666193,0.04141816225918857,3.6807000637054443,3.566800117492676,1.8863031142662217,2.806524006834189,3.7481000423431396,0.04098181291060014,0.08290906385941939,0.041927250948819245,3.6354000568389893,3.5201001167297363,1.8709353858117292,2.751185151271712,3.703900098800659,0.03952728618275036,0.08418187228116122,0.044654586098410866,3.5952000617980957,3.472399950027466,1.945955269526044,2.9864178794283402,3.6642000675201416,0.04123635725541548,0.08574546467174184,0.04450910741632635,3.550800085067749,3.4284000396728516,1.9216971612400244,2.8945380449610028,3.6312999725341797,0.0394181338223544,0.08654542402787642,0.04712729020552202,3.522900104522705,3.3933000564575195,1.9663171694594732,3.0320639544098027,3.600800037384033,0.04069094224409624,0.09127270091663707,0.05058175867254084,3.4888999462127686,3.3498001098632812,1.9389573621459455,2.924463488998126,3.569499969482422,0.04130909659645774,0.09545456279407848,0.054145466197620735,3.455899953842163,3.306999921798706,1.8853105709528069,2.72952382561024,3.535799980163574,0.04043639789928089,0.10258180444890802,0.06214540654962713,3.4245998859405518,3.253700017929077,1.8447592049010957,2.568772263584327,3.5016000270843506,0.040909073569557884,0.11167274821888316,0.07076367464932529,3.3891000747680664,3.194499969482422,1.7315982990103818,2.1758976089568067,3.464200019836426,0.04043639789928089,0.12338178808038885,0.08294539018110796,3.3529999256134033,3.1249001026153564,1.600027823309721,1.7449464045742697,3.4233999252319336,0.04229086095636541,0.14098176089200107,0.09869089993563565,3.3071000576019287,3.0357000827789307,1.3798473552713189,1.0823999311147459,3.3803999423980713,0.042618144642223015,0.32018175992098724,0.2775636152787642,3.263200044631958,2.4999001026153564,1.9939177597373028,3.3194476429114372,3.31850004196167,0.041999990289861504,0.19650910117409445,0.2775636152787642,3.203000068664551,2.77810001373291,0.9149330029634367,0.052302690166680765
1C2C_2-3_1290cyc,4.133674144744873,0.03974793174050071,0.16324390064586292,0.12349596890536221,4.024367332458496,3.68475341796875,5.705637116244344,44.93589482698989,4.0800395011901855,0.03885659304532138,0.15083130923184482,0.11197471618652344,3.9731838703155518,3.6652534008026123,2.7432743635009227,13.87558476662619,4.051371097564697,0.03935042294588956,0.15049344843084161,0.11114302548495206,3.943157434463501,3.637514114379883,2.1646709838171443,8.353447518531777,3.997441291809082,0.04005007310347124,0.1404599276455966,0.10040985454212535,3.887303590774536,3.6111764907836914,1.952355755091218,6.626317338412779,3.943922281265259,0.040130788629705254,0.1319247159090909,0.09179392727938565,3.8335626125335693,3.581129312515259,1.680971192697647,5.055367993907861,3.9047253131866455,0.04067394950173118,0.1324979608709162,0.09182401136918501,3.7928719520568848,3.540355920791626,1.4008604747909483,3.4384250974727015,3.8666534423828125,0.039805238897150215,0.13448325070467862,0.09467801180752841,3.7571890354156494,3.4968245029449463,1.249884601222366,2.541359710332184,3.8233096599578857,0.0400979302146218,0.13754610581831497,0.09744817560369318,3.713040351867676,3.4450578689575195,1.2454980128692983,2.3491914739037885,3.779212474822998,0.03854846954345703,0.13585081967440518,0.09730235013094815,3.673204183578491,3.405622720718384,1.272266211152695,2.3298789140344347,3.7338743209838867,0.03841720927845348,0.14065560427579013,0.10223839499733665,3.6282269954681396,3.347071409225464,1.3541386581574644,2.758717782080958,3.691056966781616,0.039892716841264206,0.13938730413263495,0.09949458729137074,3.5813519954681396,3.30774188041687,1.2895340209280166,2.4312979632221916,3.653503894805908,0.04006082361394709,0.14552038366144354,0.10545956004749645,3.5433366298675537,3.2533228397369385,1.290266055483721,2.5609676773664027,3.621626615524292,0.03871163454922763,0.15318012237548828,0.11446848782626065,3.515169620513916,3.200381278991699,1.2814878086427821,2.6083242741460193,3.5921218395233154,0.03863048553466797,0.16140582344748758,0.1227753379128196,3.4858880043029785,3.1482558250427246,1.2314497226090921,2.353734834508159,3.560553789138794,0.037528124722567474,0.16862548481334338,0.1310973600907759,3.4573514461517334,3.0968337059020996,1.2081604073625023,2.1913707907361673,3.527341842651367,0.03907429088245739,0.1862163543701172,0.1471420634876598,3.4198875427246094,3.015246868133545,1.2797865634826724,2.3952175591045712,3.4929680824279785,0.03906371376731179,0.2090473175048828,0.16998360373757102,3.385542869567871,2.918087959289551,1.320469064891226,2.465402787617351,3.4550886154174805,0.03907255692915483,0.23503476923162286,0.19596221230246805,3.3476390838623047,2.8087430000305176,1.1735924129782496,1.7456485883272732,3.4137516021728516,0.04092086445201527,0.33053224736993964,0.2896113829179244,3.3012192249298096,2.5047879219055176,0.7320596128204371,0.25008799494532363,3.371994972229004,0.0392540151422674,0.31714283336292615,0.27788881822065875,3.2640464305877686,2.499852180480957,2.612810272239386,6.660830277030463,3.3077516555786133,0.04157855293967507,0.2939038710160689,0.2523253180763938,3.193410634994507,2.499516010284424,0.6533854352568303,-0.24173455936681476
1C2C_2-3_1380cyc,4.128375053405762,0.04032447121360085,0.17885624278675427,0.1385317715731534,4.017482757568359,3.6365203857421875,6.029682547667378,47.84206987968437,4.077244281768799,0.042788158763538704,0.16833331368186258,0.12554515491832385,3.9595768451690674,3.6143276691436768,3.0282011105311586,15.776262897961175,4.042688846588135,0.041052298112349075,0.157493071122603,0.1164407730102539,3.929795026779175,3.6095829010009766,2.2618812241848256,8.981752938391002,3.984513759613037,0.04131776636297053,0.1508652080189098,0.10954744165593927,3.870889902114868,3.569634437561035,2.161405123724428,8.222435639534504,3.9322316646575928,0.041745359247381035,0.1452683535489169,0.10352299430153587,3.817431926727295,3.5327436923980713,1.8553545848111186,6.328923303282471,3.894596815109253,0.04129851948131214,0.14709958163174716,0.10580106215043501,3.7810258865356445,3.4900729656219482,1.5592472311885848,4.420021747274077,3.854625701904297,0.040418017994273796,0.14780738136985086,0.10738936337557706,3.743476152420044,3.448155403137207,1.4217895999422325,3.4916052920292966,3.810936212539673,0.04030652479691939,0.14972556721080432,0.10941904241388495,3.7000932693481445,3.399190902709961,1.4214095265354234,3.321216865412368,3.7653307914733887,0.04081136530095881,0.15272955460981888,0.11191818930886009,3.653099536895752,3.3453245162963867,1.4943310444366615,3.587490454222899,3.720005512237549,0.04164288260719993,0.15519957108931107,0.11355668848211115,3.605487585067749,3.2932066917419434,1.528455728252728,3.77656534513895,3.679270029067993,0.03951324116099964,0.15224708210338245,0.11273384094238281,3.570608615875244,3.2605905532836914,1.4789333872459447,3.5908637004155404,3.6449222564697266,0.03953136097301136,0.15830568833784622,0.11877432736483487,3.5362110137939453,3.2095816135406494,1.4940727928320605,3.7347250140347104,3.6148581504821777,0.039614330638538704,0.16932886297052557,0.12971453233198685,3.5059187412261963,3.1492037773132324,1.4699267157038711,3.6136280996763688,3.5850090980529785,0.040733684193004265,0.17878835851495917,0.1380546743219549,3.472991466522217,3.093341112136841,1.468697171484479,3.49526449804459,3.55389404296875,0.04049353166060014,0.18980581110174005,0.14931227944113992,3.4425368309020996,3.031928062438965,1.5386610284681315,3.7673511238977113,3.5221784114837646,0.04146914048628374,0.20235217701305042,0.1608830365267667,3.4081382751464844,2.965709924697876,1.5671272297367416,3.753784603620054,3.4890198707580566,0.03919402035799893,0.21700789711692117,0.17781387675892224,3.3812363147735596,2.8922481536865234,1.5380932478800038,3.5069008779020168,3.4513583183288574,0.04132132096724077,0.26548602364280005,0.2241647026755593,3.3377246856689453,2.7212717533111572,1.2470103078655232,2.1455280901660174,3.4104344844818115,0.04174041748046875,0.33111242814497516,0.2893720106645064,3.2956483364105225,2.49987530708313,1.0858689150500813,0.7234997047587712,3.3704707622528076,0.04111125252463601,0.3165711489590732,0.27545989643443713,3.2574148178100586,2.4999001026153564,3.1159892997064054,9.950186588796738,3.3117597103118896,0.04001686789772727,0.2959382317282937,0.2559213638305664,3.2017133235931396,2.497929573059082,0.6637423237778145,-0.2474634187585889
1C2C_2-3_1470cyc,4.126553058624268,0.040738365866921165,0.19654915549538352,0.15581078962846237,4.014522552490234,3.586042881011963,6.122157605271583,47.66142697888612,4.075157165527344,0.043979558077725495,0.18732174960049716,0.14334219152277167,3.9542133808135986,3.5600223541259766,3.300530523686177,17.75593607800727,4.034144878387451,0.04132158106023615,0.17691733620383523,0.1355957551435991,3.9205105304718018,3.5476222038269043,2.7466140656000024,12.716656666981516,3.9743659496307373,0.042886907404119316,0.1649745594371449,0.12208765203302557,3.856426954269409,3.520685911178589,2.4123217375136288,10.099051520984046,3.9254062175750732,0.0417427583174272,0.159657131541859,0.11791437322443182,3.8106136322021484,3.486349105834961,2.0697441191584662,7.831746663235979,3.887730360031128,0.04331796819513494,0.16392413052645596,0.12060616233132103,3.768605947494507,3.436939001083374,1.768963328157697,5.64028744293115,3.846142530441284,0.040376143022017044,0.16454072432084518,0.12416458129882812,3.7351081371307373,3.39365553855896,1.715899943847226,5.239961151325392,3.801636219024658,0.04133892059326172,0.16647876392711292,0.1251398433338512,3.6879541873931885,3.3438196182250977,1.7106139095306296,5.012582686882292,3.756300687789917,0.041674440557306465,0.16808977994051846,0.126415339383212,3.641695976257324,3.294053792953491,1.7583777729090329,5.193843418465473,3.712477684020996,0.04096161235462536,0.16949801011518997,0.12853639776056464,3.5998332500457764,3.2463581562042236,1.7989832883244894,5.477772775123833,3.6733405590057373,0.04011769728227095,0.17181873321533203,0.13170103593306107,3.563016891479492,3.200839042663574,1.794892134735884,5.516078219913547,3.6401848793029785,0.04268004677512429,0.17819630015980115,0.13551625338467685,3.5228147506713867,3.1501450538635254,1.7334477525825647,5.056803869692828,3.6107327938079834,0.0412750244140625,0.18475914001464844,0.14348411560058594,3.4972264766693115,3.1026451587677,1.754630760780699,5.1286257613153285,3.5825047492980957,0.042503530328924004,0.194049748507413,0.15154621817848898,3.4656200408935547,3.04886794090271,1.796445045202967,5.236450940431084,3.5528714656829834,0.0418564189564098,0.2035541534423828,0.16169773448597302,3.4377663135528564,2.9930975437164307,1.8813435303189028,5.640425300067525,3.521907329559326,0.04154083945534446,0.21587536551735617,0.17433452606201172,3.407670021057129,2.9282500743865967,1.9390374873804888,5.746265915070634,3.4897711277008057,0.043203874067826706,0.2360830307006836,0.1928791566328569,3.3709604740142822,2.840542793273926,1.8117731666227623,4.85567017947465,3.4540374279022217,0.04374287345192649,0.2749841863458807,0.2312413128939542,3.333744525909424,2.69783091545105,1.3909730960966027,2.7115968934424757,3.414329767227173,0.04274871132590554,0.33251788399436255,0.28976917266845703,3.2967708110809326,2.499905586242676,1.208930668348721,1.132703010923418,3.3756203651428223,0.043716604059392754,0.3184318542480469,0.2747152501886541,3.255399703979492,2.4999327659606934,3.439015841756169,12.388185919693514,3.3258254528045654,0.04427294297651811,0.301068132573908,0.2567951895973899,3.2040748596191406,2.4978880882263184,0.6410145428536704,-0.36109457948445467
1C2C_2-8_1380cyc,4.132400035858154,0.039018110795454544,0.1563272476196289,0.11730913682417436,4.025100231170654,3.702500104904175,2.1810942427040985,3.527479746615027,4.080399990081787,0.04243633963844993,0.13141814145174893,0.08898180181329901,3.96370005607605,3.7190001010894775,2.2272019217873495,3.7721363471737535,4.049300193786621,0.04149098829789595,0.12007279829545454,0.0785818099975586,3.9351999759674072,3.719099998474121,2.1502073040427554,3.5482442879091884,3.9932000637054443,0.04232727397571911,0.11040002649480646,0.06807275251908736,3.876800060272217,3.6895999908447266,2.109255194844356,3.4304096960086357,3.9402999877929688,0.039963635531338776,0.10389093919233842,0.06392730366099965,3.830399990081787,3.654599905014038,2.1564640810743256,3.6052781054922187,3.903599977493286,0.04080000790682706,0.10090905969793146,0.0601090517911044,3.7913999557495117,3.6261000633239746,2.128359194975365,3.515419383818859,3.865299940109253,0.040654529224742546,0.10043638402765448,0.059781854802911934,3.753499984741211,3.589099884033203,2.0897903199779813,3.387358295182043,3.8171000480651855,0.0417091196233576,0.10065460205078125,0.05894548242742365,3.702399969100952,3.540299892425537,2.0375336480209545,3.2074951687105884,3.768199920654297,0.04080000790682706,0.10159995339133522,0.06079994548450817,3.6559998989105225,3.488800048828125,2.0334717254142674,3.187859026851325,3.720900058746338,0.04047272422096946,0.1028000224720348,0.06232729825106534,3.609600067138672,3.438199996948242,2.0331061525000584,3.1770490912574205,3.6786999702453613,0.04159996726296165,0.10418180985884233,0.06258184259588068,3.564300060272217,3.392199993133545,2.0113106315299807,3.088759234277041,3.643899917602539,0.03959993882612749,0.10723634199662642,0.06763640317049893,3.5350000858306885,3.3489999771118164,2.021821170930765,3.1114638902469895,3.6136999130249023,0.03930906815962358,0.11112724650989879,0.07181817835027521,3.5055999755859375,3.3080999851226807,1.9821703194795133,2.9618715701562124,3.584700107574463,0.040945486588911575,0.11701817946000533,0.07607269287109375,3.472100019454956,3.2629001140594482,1.8869884601681146,2.621201404128681,3.5550999641418457,0.04149090160023083,0.12400002913041548,0.08250912753018466,3.440999984741211,3.214099884033203,1.7791927834357053,2.246491265028026,3.521899938583374,0.039999961853027344,0.1340727372602983,0.09407277540727095,3.411900043487549,3.1531999111175537,1.6716642409456894,1.88423531038657,3.486599922180176,0.039999961853027344,0.14607273448597302,0.10607277263294566,3.3766000270843506,3.08489990234375,1.5352290961891946,1.4506406168942387,3.448499917984009,0.03970909118652344,0.15981812910600143,0.12010903791947798,3.3392999172210693,3.009000062942505,1.3985482147957047,1.0521827249823117,3.407599925994873,0.04130909659645774,0.17719997059215198,0.13589087399569424,3.2939999103546143,2.920300006866455,1.2110022886044058,0.5736129589263563,3.3664000034332275,0.039818156849254265,0.3150182203813033,0.275200063532049,3.2569000720977783,2.5000998973846436,4.218224736173214,18.926256298660807,3.315500020980835,0.040654529224742546,0.24003635753284802,0.275200063532049,3.203700065612793,2.655400037765503,0.665605019314741,-0.3925693779357493
1C2C_2-8_1440cyc,4.13040018081665,0.03923641551624645,0.1650545813820579,0.12581816586581143,4.022500038146973,3.676500082015991,2.127623868167658,3.3137172819458147,4.07919979095459,0.04192716425115412,0.13934534246271307,0.09741817821155895,3.963900089263916,3.696000099182129,2.1809453963241965,3.590011726785609,4.044400215148926,0.041090965270996094,0.1272364529696378,0.08614548769864169,3.9314000606536865,3.694499969482422,2.1283184640475548,3.452281036854929,3.9865000247955322,0.04305458068847656,0.11672730879350142,0.07367272810502486,3.8680999279022217,3.6654999256134033,2.0956716112674565,3.3613595813258668,3.934799909591675,0.04061811620538885,0.1100000034679066,0.06938188726251776,3.8231000900268555,3.6322999000549316,2.141003893747815,3.5291877633885553,3.898900032043457,0.04014544053511186,0.10738182067871094,0.06723638014359908,3.7885000705718994,3.603600025177002,2.1283561845716488,3.494680744249437,3.859100103378296,0.04029091921719638,0.1066546006636186,0.06636368144642223,3.748300075531006,3.5657999515533447,2.0856199400938213,3.351206607222685,3.809999942779541,0.0397818305275657,0.10683631896972656,0.06705448844216087,3.7005999088287354,3.516200065612793,2.0613472361811023,3.266783405878277,3.7613000869750977,0.0397818305275657,0.10770910436456854,0.06792727383700284,3.651900053024292,3.465100049972534,2.0398676284658945,3.186288793219293,3.714400053024292,0.04116361791437322,0.1093454360961914,0.06818181818181818,3.6012001037597656,3.4137001037597656,2.0121805041295615,3.0778911694949,3.6737000942230225,0.0410545522516424,0.11094552820379083,0.06989097595214844,3.560800075531006,3.3685998916625977,2.003705805075184,3.0365869581639178,3.6401000022888184,0.03941822052001953,0.11352729797363281,0.07410907745361328,3.5316998958587646,3.327899932861328,1.9941149260422575,2.9929934335268378,3.6103999614715576,0.04159996726296165,0.11763633381236684,0.07603636654940518,3.496000051498413,3.286900043487549,1.9146457209113257,2.7084183501010903,3.5820000171661377,0.04109087857333096,0.12374548478560014,0.08265460621226918,3.4690001010894775,3.2416999340057373,1.8442016759072977,2.456371239516688,3.552500009536743,0.040872747247869316,0.1322545138272372,0.0913817665793679,3.4400999546051025,3.188800096511841,1.7415712483005799,2.1028052050543646,3.5195000171661377,0.04112729159268466,0.1417454806241122,0.10061818903142755,3.406399965286255,3.129699945449829,1.6177366417397336,1.6944136968968335,3.484600067138672,0.04116361791437322,0.15316364981911398,0.11200003190474077,3.3714001178741455,3.0634000301361084,1.4916452059882366,1.30384191045174,3.447000026702881,0.04207272963090376,0.1658182144165039,0.12374548478560014,3.3313000202178955,2.990999937057495,1.342193229041218,0.8759300541919735,3.406399965286255,0.04050905054265803,0.18112728812477805,0.14061823758212003,3.2950000762939453,2.9082999229431152,1.1967667997291345,0.541101977597108,3.3661999702453613,0.04058178988370029,0.314945481040261,0.27436369115656073,3.2546000480651855,2.5000998973846436,4.410620859313469,20.748558011932207,3.3169000148773193,0.039854569868607956,0.24465456875887784,0.27436369115656073,3.2072999477386475,2.6440999507904053,0.6496533531950556,-0.4131900451317132
1C2C_2-8_1560cyc,4.126951217651367,0.03775128451260654,0.20119034160267224,0.1634390570900657,4.023135185241699,3.5736777782440186,6.663394239685348,53.54931138969096,4.076674461364746,0.0408356406471946,0.1924448013305664,0.1516091606833718,3.964376449584961,3.5474512577056885,3.9191213624594448,23.406133694544216,4.034933567047119,0.041610544378107246,0.18084959550337357,0.13923905112526633,3.920504570007324,3.537597179412842,3.151900777892473,15.997204973189053,3.9747328758239746,0.03993355144153942,0.16808553175492721,0.1281519803133878,3.864915609359741,3.512497663497925,2.8585420952122402,13.660788149540913,3.926226854324341,0.03897398168390447,0.16359190507368607,0.1246179233897816,3.8190484046936035,3.476349115371704,2.509415479133339,11.073832818149164,3.8904225826263428,0.03932415355335583,0.1667499542236328,0.12742580067027698,3.7822811603546143,3.4318602085113525,2.159792030445723,8.33002538586461,3.847470283508301,0.03856338154185902,0.16892268440940164,0.1303593028675426,3.7414209842681885,3.3829329013824463,2.110345452144679,7.8839336449379385,3.797312021255493,0.04019156369295987,0.16838125749067825,0.12818969379771838,3.6867852210998535,3.334263563156128,2.1159956045107196,7.769656511333544,3.7491066455841064,0.03975842215798118,0.1692775379527699,0.1295191157947887,3.639770984649658,3.2835934162139893,2.1879744773689165,8.203000276728343,3.7043144702911377,0.03904021870006214,0.17080307006835938,0.13176285136829724,3.596953868865967,3.2346060276031494,2.1897665055958067,8.25402900100892,3.6662700176239014,0.040746515447443184,0.17529773712158203,0.13455122167413885,3.5542171001434326,3.184201240539551,2.0952568051584337,7.522712545607758,3.634324312210083,0.03827719254927202,0.1816770380193537,0.14339984547008167,3.529062032699585,3.1347124576568604,2.0915019575540046,7.495855354938039,3.605731248855591,0.03942472284490412,0.18997131694446912,0.15054659409956497,3.4973132610321045,3.083310127258301,2.068285148390978,7.142509898482784,3.5780951976776123,0.03969894755970348,0.1986255645751953,0.15892661701549182,3.4689230918884277,3.031874895095825,2.098773937952697,7.175123493331901,3.549739360809326,0.04072796214710583,0.20987181230024857,0.16914385015314276,3.437737464904785,2.9725918769836426,2.1343979946490546,7.1852684604025985,3.5179502964019775,0.03828378157182173,0.22518652135675604,0.1869027397849343,3.4126698970794678,2.8986873626708984,2.1494732620388035,7.078086608442133,3.484388589859009,0.038299820639870384,0.2554528496482156,0.21715302900834518,3.3790640830993652,2.781893253326416,1.8267425957610972,5.002519216338792,3.4480159282684326,0.03906449404629794,0.3214490196921609,0.2823845256458629,3.3405885696411133,2.5640311241149902,1.1995545530032143,1.7680986025902543,3.408639907836914,0.041127464988014915,0.33037913929332385,0.28925167430530896,3.295539379119873,2.5000972747802734,2.270616800294753,4.98983411277159,3.3698248863220215,0.039163155989213425,0.3162649328058416,0.2771017768166282,3.2621262073516846,2.500096321105957,4.61829970981976,22.88025411996721,3.3254833221435547,0.04150806773792614,0.30100995844060724,0.2595018907026811,3.211336135864258,2.4977059364318848,0.5280400592645604,-0.5567420481036467
1C2C_2-8_1650cyc,4.122709274291992,0.03964337435635654,0.2197026339444247,0.18005925958806818,4.013689994812012,3.518527030944824,6.383821739999213,48.71892023648339,4.07393217086792,0.03947847539728338,0.2049274444580078,0.16544896906072443,3.9653663635253906,3.5103816986083984,3.985275913164653,23.460165539700984,4.026825428009033,0.039451425725763496,0.19419357993386008,0.1547421542080966,3.9183340072631836,3.492793083190918,3.3972958814389296,17.90148942635698,3.964311361312866,0.038778825239701706,0.18230438232421875,0.14352555708451706,3.8576695919036865,3.4629743099212646,3.0926826994081886,15.468192284820748,3.918191909790039,0.0399727387861772,0.17981598593971945,0.13984324715354227,3.8082668781280518,3.4236979484558105,2.6592495999009835,11.989168192671261,3.8815176486968994,0.039445356889204544,0.18234773115678268,0.14290237426757812,3.773042917251587,3.380061388015747,2.3713442874821413,9.65902943658209,3.836740732192993,0.04024566303599964,0.18165163560347122,0.1414059725674716,3.726065158843994,3.3371987342834473,2.299787874591109,9.013180768911482,3.7863645553588867,0.04010712016712536,0.1839764334938743,0.14386931332674893,3.676069974899292,3.2804293632507324,2.4293435027717325,9.853125740544716,3.7380785942077637,0.03924430500377308,0.18444988944313742,0.14520558443936435,3.6301567554473877,3.2308413982391357,2.505687701616016,10.362260345102682,3.6948604583740234,0.039818156849254265,0.185417348688299,0.14559919183904474,3.585360527038574,3.184962749481201,2.4741015656623966,10.074760943144064,3.6592960357666016,0.03808368336070667,0.18736353787508878,0.1492798545143821,3.554565906524658,3.1440463066101074,2.439825184003441,9.796480283987405,3.6292178630828857,0.03970224207097834,0.1952692378651012,0.15556699579412286,3.5200366973876953,3.0922274589538574,2.387556122718137,9.225101786853273,3.6012964248657227,0.040824716741388496,0.2030125531283292,0.1621878363869407,3.4890284538269043,3.0430119037628174,2.3865210624742974,9.02296711551598,3.5742926597595215,0.03835695440118963,0.211955417286266,0.17359846288507635,3.46881103515625,2.99141526222229,2.463176085854887,9.46208524337772,3.547010898590088,0.040506536310369316,0.22300867600874466,0.18250213969837537,3.4356179237365723,2.93373703956604,2.3952057733214427,8.72387996713845,3.516803026199341,0.03885477239435369,0.23735817995938388,0.19850340756503018,3.409952402114868,2.864068031311035,2.2617919992371807,7.616148972797239,3.4838480949401855,0.03862120888449929,0.2714814272793857,0.23286021839488635,3.3776397705078125,2.737274169921875,1.8552649531767749,4.985769814702932,3.448521375656128,0.03837386044588956,0.34089149128306995,0.3025176308371804,3.3429932594299316,2.5110697746276855,1.2626703061678826,1.8166087238924629,3.410700798034668,0.03929077495228161,0.3311244791204279,0.2918337041681463,3.3026511669158936,2.500108480453491,2.4729111909912143,6.083376339612261,3.372526168823242,0.039359179410067474,0.3172513788396662,0.2778921994295987,3.2642884254455566,2.50008487701416,4.520252294696565,21.824123131125358,3.3307504653930664,0.04081674055619673,0.3025330630215732,0.2617163224653764,3.2185044288635254,2.4987845420837402,0.5327081233869246,-0.576748533223213
1C2C_3-1_1355cyc,4.129899978637695,0.04061820290305398,0.15181818875399503,0.11119998585094105,4.018199920654297,3.712399959564209,2.1714755109327313,3.4919068611101984,4.078700065612793,0.042109142650257454,0.12792725996537643,0.08581811731511896,3.962899923324585,3.726900100708008,2.2218524686611643,3.7547360354058075,4.0467000007629395,0.04218179529363459,0.11650909077037465,0.07432729547674005,3.9307000637054443,3.726300001144409,2.138492970991371,3.5095338705715324,3.990499973297119,0.04152722792191939,0.10658177462491122,0.06505454670299184,3.876300096511841,3.6974000930786133,2.1111630064058007,3.4431187126130434,3.9370999336242676,0.04098181291060014,0.0996000116521662,0.05861819874156605,3.824399948120117,3.6631999015808105,2.130124670201124,3.518072146842247,3.9003000259399414,0.0394545468417081,0.09792726690118964,0.05847272005948154,3.791800022125244,3.63100004196167,2.141433428698646,3.56476314447708,3.8619000911712646,0.04021817987615412,0.0972000468860973,0.056981867009943184,3.751300096511841,3.594599962234497,2.0797542705115086,3.359878874760356,3.8162999153137207,0.040036374872381035,0.09745450453324751,0.05741812966086648,3.706199884414673,3.54830002784729,2.042041647953696,3.2323293463240654,3.767400026321411,0.039018197493119675,0.0981454849243164,0.05912728743119673,3.660099983215332,3.497499942779541,2.0382678890283765,3.2139571354669805,3.719399929046631,0.04025450619784268,0.09945453297008168,0.05920002677223899,3.6087000370025635,3.4458999633789062,2.0150457655911516,3.1226698797467485,3.677500009536743,0.03967276486483487,0.10101821205832741,0.061345447193492546,3.5683999061584473,3.3996999263763428,2.0241276119060085,3.1395998004278525,3.643399953842163,0.03952728618275036,0.10239999944513495,0.06287271326238458,3.5346999168395996,3.361799955368042,2.005854532388652,3.066768763888689,3.6129000186920166,0.03916367617520419,0.1074181470003995,0.06825447082519531,3.505199909210205,3.317500114440918,1.9716066918311086,2.932904334765351,3.5843000411987305,0.04061820290305398,0.11243638125332919,0.07181817835027521,3.472599983215332,3.275099992752075,1.8785213094243476,2.6008155035156673,3.555299997329712,0.03960002552379261,0.1202545166015625,0.08065449107776988,3.4463999271392822,3.224600076675415,1.7893002674770548,2.286402628371997,3.524399995803833,0.03883639248934659,0.1266545382412997,0.08781814575195312,3.41759991645813,3.176100015640259,1.6747773847004574,1.9047303773972972,3.490999937057495,0.03861817446621982,0.14178180694580078,0.10316363247958096,3.3847999572753906,3.101099967956543,1.5407601505869049,1.4890943692276624,3.4546000957489014,0.0413818359375,0.15534548325972122,0.11396364732222124,3.3408000469207764,3.027400016784668,1.3567708037636708,0.9393570922013321,3.4159998893737793,0.04112720489501953,0.17258175936612216,0.13145455447110263,3.3029000759124756,2.9414000511169434,1.1915614285603018,0.5244625355418564,3.376300096511841,0.0397818305275657,0.31876364621249115,0.2789818156849254,3.266900062561035,2.4997000694274902,3.499390485705629,12.693560160510406,3.3304998874664307,0.04050905054265803,0.2280363603071733,0.2789818156849254,3.219099998474121,2.703399896621704,0.7184674108359762,-0.32443674925498334
1C2C_3-1_1415cyc,4.127799987792969,0.039818156849254265,0.15981821580366654,0.12000005895441229,4.0183000564575195,3.6882998943328857,2.1239733009326613,3.3019963780883153,4.077099800109863,0.040799921209161934,0.13243631883101029,0.09163639762184837,3.964900016784668,3.712899923324585,2.18591673358088,3.614393956711165,4.0406999588012695,0.04094539989124645,0.12240002372048119,0.08145462382923473,3.928100109100342,3.7040998935699463,2.1257287347395146,3.4473707109633516,3.9804999828338623,0.04109087857333096,0.111781813881614,0.07069093530828302,3.867500066757202,3.673099994659424,2.111700479347272,3.423272382472251,3.9291000366210938,0.040654529224742546,0.10498185591264204,0.0643273266878995,3.8173000812530518,3.640399932861328,2.134465853645023,3.511317222046375,3.8929998874664307,0.04069085554643111,0.10221810774369673,0.061527252197265625,3.781100034713745,3.6119000911712646,2.1055600044595306,3.4235720384985715,3.852400064468384,0.03952728618275036,0.10105453838001598,0.061527252197265625,3.7437000274658203,3.57450008392334,2.069945635759949,3.3078333996540197,3.8041999340057373,0.039963635531338776,0.1037454605102539,0.06378182497891513,3.6942999362945557,3.518899917602539,2.034024973226471,3.1792026530988595,3.754300117492676,0.040836420926180755,0.1047273115678267,0.06389089064164595,3.6419999599456787,3.4663000106811523,2.005448530137983,3.0710059560237406,3.7072999477386475,0.038872718811035156,0.10527272657914595,0.0664000077681108,3.600399971008301,3.417799949645996,2.0247898314289965,3.1282611034119325,3.667799949645996,0.04050905054265803,0.10629090395840732,0.06578185341574928,3.5564000606536865,3.375499963760376,1.9897981775375126,2.9959889813964136,3.6347999572753906,0.03916358947753906,0.10970904610373756,0.0705454566261985,3.527100086212158,3.3331000804901123,1.979101158780778,2.947201660268921,3.60509991645813,0.039054523814808235,0.11487267234108665,0.07581814852627841,3.4976999759674072,3.2892000675201416,1.9251712864345578,2.746586053176026,3.5762999057769775,0.04029083251953125,0.12138175964355469,0.08109092712402344,3.4655001163482666,3.242500066757202,1.8238927418839903,2.3905886427442464,3.5469000339508057,0.03967276486483487,0.12956367839466443,0.08989091352982954,3.4377999305725098,3.1905999183654785,1.7195186430107727,2.0339996721435094,3.5157999992370605,0.03890913183038885,0.13821818611838602,0.09930905428799716,3.408799886703491,3.135699987411499,1.602682446535361,1.6559926987567373,3.4820001125335693,0.03890913183038885,0.14952728965065695,0.11061815782026811,3.375,3.0708000659942627,1.472151285358698,1.2573363260689163,3.444999933242798,0.04021817987615412,0.1635272286155007,0.12330904873934659,3.334399938583374,2.995300054550171,1.315227648932151,0.8226344889902473,3.4061999320983887,0.0390908501364968,0.18145448511297052,0.14236363497647372,3.2987000942230225,2.9072000980377197,1.1487406071726836,0.4272098611640476,3.3661999702453613,0.040036374872381035,0.3150545467029918,0.2750181718306108,3.2560999393463135,2.499799966812134,4.428527351116854,20.905164042425866,3.3171000480651855,0.03927274183793501,0.2405818592418324,0.2750181718306108,3.2091000080108643,2.6554999351501465,0.651318415770481,-0.4297220077800019
1C2C_3-1_1535cyc,4.123622894287109,0.03352234580300071,0.1967748295177113,0.16325248371471057,4.031436443328857,3.5824921131134033,6.76986662568454,55.23033474784106,4.074246406555176,0.03761187466708096,0.18536784432151102,0.14775596965443005,3.970813751220703,3.5644848346710205,3.7541096883979033,22.063262769340692,4.030540943145752,0.03629589080810547,0.172290715304288,0.13599482449618253,3.930727243423462,3.55674147605896,3.0524920901781907,15.44904636640786,3.9678843021392822,0.03680341893976385,0.16355904665860263,0.12675562771883878,3.8666749000549316,3.518096923828125,2.782535915721578,13.304206447593224,3.9193930625915527,0.03634062680331143,0.1601350957697088,0.12379446896639737,3.8194563388824463,3.4790215492248535,2.372793678126053,10.244517702886835,3.882763385772705,0.037788131020285866,0.16304154829545456,0.12525341727516867,3.778846025466919,3.434399127960205,2.003963642774092,7.328015229689337,3.8396339416503906,0.03684303977272727,0.16426563262939453,0.12742259285666727,3.7383155822753906,3.3879034519195557,1.9421235315491723,6.7695806667275065,3.7890710830688477,0.0373550761829723,0.16331239180131393,0.12595731561834161,3.686344623565674,3.3399620056152344,1.9938242881423098,6.977941520942654,3.7389721870422363,0.03830242156982422,0.16631499203768643,0.1280125704678622,3.6336405277252197,3.2816059589385986,2.093084691665534,7.59493079284954,3.6937031745910645,0.03765643726695667,0.16856566342440518,0.13090922615744852,3.5901479721069336,3.23014760017395,2.11044013024534,7.78291244240803,3.656949996948242,0.03683298284357244,0.17275680195201526,0.13592381910844284,3.555659294128418,3.1818687915802,2.0457497616474702,7.359506269609927,3.6258461475372314,0.04066120494495739,0.17840125344016336,0.13774004849520596,3.5140278339385986,3.1352427005767822,1.8756534552788018,6.03373072658173,3.59769606590271,0.04016650806773792,0.1857280731201172,0.14556156505237927,3.4872381687164307,3.0869438648223877,1.8603142894746727,5.797189969079366,3.570281744003296,0.03859936107288708,0.19931455091996628,0.1607151898470792,3.4641335010528564,3.0221667289733887,1.9540566814917257,6.281509552260786,3.5420734882354736,0.03892447731711648,0.21268281069668857,0.17375833337957208,3.4350311756134033,2.95719575881958,1.990002890025181,6.2620766782673485,3.511667490005493,0.03960739482532848,0.23126264051957565,0.19165524569424716,3.40274715423584,2.87569522857666,1.9723238228355173,5.818418018655018,3.4783596992492676,0.0394302714954723,0.2611034566705877,0.22167318517511542,3.3699264526367188,2.7603251934051514,1.7229052249523853,4.216623344144439,3.4429354667663574,0.038876706903631035,0.31966712258078833,0.2807904156771573,3.336024522781372,2.5638508796691895,1.24197411513652,1.773981474170677,3.405219554901123,0.04049361835826527,0.32924652099609375,0.2887529026378285,3.2938621044158936,2.4997916221618652,2.447496940041201,5.917865410245886,3.3655202388763428,0.04056965221058239,0.3148178620771928,0.2742482098666104,3.253953695297241,2.4997711181640625,4.8884906265937165,25.70207839704734,3.3203203678131104,0.039024179632013496,0.2989870418201793,0.25996286218816583,3.2130038738250732,2.498106002807617,0.5572874835818209,-0.5532592590013681
1C2C_3-1_1625cyc,4.120469570159912,0.038068597966974434,0.21357371590354227,0.17550511793656784,4.015780925750732,3.533141851425171,6.488772908424937,50.40223601206854,4.071253299713135,0.04290762814608487,0.20248872583562677,0.1595810976895419,3.9532573223114014,3.514409303665161,3.8032562184647007,21.793396334224308,4.0211286544799805,0.04022407531738281,0.18677017905495383,0.14654610373757102,3.9105124473571777,3.5075106620788574,3.191617065626673,16.277621483710963,3.9578657150268555,0.04088271747935902,0.1741763028231534,0.1332935853437944,3.845438241958618,3.4788808822631836,2.7750484139126024,12.994448602566681,3.912343740463257,0.03911408511075107,0.17465634779496628,0.1355422626842152,3.8047800064086914,3.4320387840270996,2.441168195842588,10.493610703938323,3.8740031719207764,0.04084205627441406,0.17799828269264914,0.13715622641823508,3.7616875171661377,3.384507894515991,2.1458998993882856,8.076915962175155,3.826831340789795,0.04151847145774148,0.19031411951238458,0.1487956480546431,3.712655544281006,3.3034675121307373,2.4029341910562376,9.709751505476744,3.7746760845184326,0.0408372012051669,0.17875992168079724,0.13792272047563034,3.6623737812042236,3.2830862998962402,2.2515010994222284,8.54588757347678,3.726560115814209,0.03860889781605114,0.17688222364945846,0.13827332583340732,3.6203856468200684,3.2401340007781982,2.3225854390467395,9.100346980011196,3.684558868408203,0.04064169797030362,0.18140099265358664,0.14075929468328302,3.572794198989868,3.18570613861084,2.283110634682316,8.760230912362367,3.6494805812835693,0.03972278941761364,0.18685115467418323,0.1471283652565696,3.540242910385132,3.1356399059295654,2.2617067232276296,8.551125951177795,3.619483709335327,0.04063979062167081,0.1936860518022017,0.15304626118053088,3.5077242851257324,3.0868470668792725,2.2132093612455748,8.030936353331825,3.5920679569244385,0.03886708346280185,0.20113901658491654,0.16227193312211471,3.4851834774017334,3.038935661315918,2.2356293169079757,8.070579532436359,3.5655038356781006,0.04088592529296875,0.21152496337890625,0.1706390380859375,3.4530675411224365,2.9838101863861084,2.21639764652315,7.72464686936387,3.538679361343384,0.039230520075017754,0.2243474613536488,0.18511694127863104,3.430795431137085,2.9217238426208496,2.2341747684814077,7.612041143387559,3.5089731216430664,0.03969253193248402,0.24517761577259412,0.20548508384011008,3.3998186588287354,2.8347346782684326,2.120103427345987,6.568119608888381,3.4761464595794678,0.040920344266024505,0.2817544937133789,0.2408341494473544,3.3636155128479004,2.701321601867676,1.7278355242434666,4.1019875684382185,3.44134259223938,0.040863037109375,0.3424008109352805,0.3015377738259055,3.3289692401885986,2.4997403621673584,1.2994818858965325,1.694224175651656,3.4043145179748535,0.039479602466930046,0.32896102558482776,0.2894814231178977,3.295745611190796,2.499671697616577,2.7908307637446113,7.937515228039789,3.365452289581299,0.04049604589288885,0.302783879366788,0.26228783347389917,3.2540881633758545,2.532796621322632,5.108221174353668,28.12757771328187,3.3219211101531982,0.03995288502086292,0.3000164031982422,0.26006351817737927,3.212050676345825,2.4968760013580322,0.533652749052195,-0.5828543162867463
2C0.5C_3-3_1005cyc,4.11962890625,0.04202045093883167,0.1837494590065696,0.14172900806773792,4.004072666168213,3.6143178939819336,6.696280567604825,53.91210275912588,4.076263904571533,0.04519714008678089,0.178078217939897,0.13288107785311612,3.9519717693328857,3.5865488052368164,3.7392212341711337,21.78636560656184,4.0445427894592285,0.04169750213623047,0.17299834164706143,0.13130083951083096,3.9298746585845947,3.5687973499298096,3.0016884789712486,14.922949330455335,3.99056339263916,0.041612104936079544,0.16414278203790839,0.12253067710182884,3.8761301040649414,3.539170742034912,2.6379256632471266,11.837975804258448,3.936455011367798,0.04344515366987749,0.15728794444691052,0.11384279077703302,3.8169808387756348,3.503913164138794,2.282795028530853,9.19766058583718,3.8948850631713867,0.043167461048473015,0.15677807547829367,0.11361061442982066,3.776174545288086,3.463745355606079,1.9790470402524445,7.026091806610157,3.857055425643921,0.042872168801047585,0.1585329229181463,0.11566075411709872,3.73915696144104,3.4210898876190186,1.818838798651432,5.814947288814595,3.817718744277954,0.04207047549161044,0.16069802370938388,0.11862754821777344,3.7020249366760254,3.3757991790771484,1.7901160115749521,5.552649281700749,3.7769694328308105,0.04113310033624822,0.16053789312189276,0.11940479278564453,3.663853406906128,3.3354902267456055,1.7929964721090508,5.526149283549547,3.7358686923980713,0.042460094798694954,0.16261933066628195,0.120159235867587,3.61910343170166,3.288665533065796,1.7820008135951095,5.429420559872863,3.6966373920440674,0.041494889692826706,0.1642805446277965,0.12278565493496982,3.582526445388794,3.244865894317627,1.770207123222971,5.45812667583624,3.662203073501587,0.04210342060435902,0.168540434403853,0.12643701379949396,3.5464186668395996,3.198716878890991,1.6725306880575965,4.9218855689596515,3.631941080093384,0.041518904946067116,0.17650543559681287,0.13498653065074573,3.517764091491699,3.1465511322021484,1.5930129624479255,4.476498604180709,3.603487968444824,0.04190765727650036,0.18701033158735794,0.1451026743108576,3.4882419109344482,3.08920955657959,1.5322826047035674,4.028472383861875,3.5743918418884277,0.04042998227206143,0.19849725203080612,0.15806726975874466,3.463209390640259,3.028524398803711,1.5712281114561475,4.098586729264081,3.5431551933288574,0.040676203641024505,0.21274566650390625,0.17206946286288174,3.43129563331604,2.9581046104431152,1.6392999402859452,4.221087805777273,3.510207414627075,0.04271758686412464,0.23001922260631213,0.1873016357421875,3.3927340507507324,2.877654552459717,1.740316749153077,4.384879201618503,3.4767637252807617,0.041549335826526985,0.255058461969549,0.213509126143022,3.3625030517578125,2.775352954864502,1.7872742721791188,4.440902204705493,3.441135883331299,0.04297984730113636,0.2971891923384233,0.2542093450372869,3.322941303253174,2.6238656044006348,1.5371141428256163,3.145841216169626,3.39957857131958,0.041835698214444245,0.3272306268865412,0.2853949286720969,3.2845304012298584,2.499694347381592,1.5961406886678062,2.6103956390083534,3.3409605026245117,0.04373819177800959,0.3058337298306552,0.26209553805264557,3.2206804752349854,2.49991774559021,1.055365174986317,0.7862196420474556
2C0.5C_3-4_1005cyc,4.118932723999023,0.041168559681285515,0.18574133786288174,0.14457277818159622,4.005719184875488,3.6081440448760986,6.367512615669969,49.6393189317348,4.075416564941406,0.044957334345037285,0.17983410575173117,0.13487677140669388,3.9517838954925537,3.5808727741241455,3.6023112451180612,20.387545086390478,4.04399299621582,0.0424393740567294,0.17437241294167258,0.13193303888494318,3.9272847175598145,3.5644688606262207,2.8826246527634467,13.847640290823684,3.991748809814453,0.043285369873046875,0.16592372547496448,0.12263835560191762,3.872714042663574,3.535458564758301,2.5260044318925625,10.844510616009885,3.9376420974731445,0.044001405889337715,0.1588804071599787,0.11487900127064098,3.816638231277466,3.500720977783203,2.2468845083192606,8.841295084015895,3.8959879875183105,0.04189239848743786,0.15771050886674362,0.11581811037930576,3.7807838916778564,3.4622840881347656,2.0043361524865393,7.199869123819111,3.8598875999450684,0.04089008678089489,0.15956549210981888,0.11867540532892401,3.7474398612976074,3.4210824966430664,1.8264875885744014,5.916225556456064,3.822685480117798,0.04185555197975852,0.16211605072021484,0.12026049874045631,3.707582712173462,3.376866340637207,1.7327748130111713,5.197968938496823,3.78344464302063,0.04165215925736861,0.16296690160577948,0.12131474234841087,3.668901205062866,3.3352856636047363,1.715440663682692,5.040504950285122,3.743727445602417,0.0406173359264027,0.16483142159201883,0.12421408566561612,3.6320297718048096,3.2904410362243652,1.7546908543440412,5.304279825474826,3.7044339179992676,0.04228617928244851,0.16626930236816406,0.12398312308571556,3.588146924972534,3.2471933364868164,1.7010166250024572,4.98762550018983,3.6691479682922363,0.04323976690118963,0.16951665011319247,0.12627688321200284,3.550238609313965,3.202977180480957,1.610090363194416,4.497927036545894,3.6381163597106934,0.042038310657848015,0.17639897086403586,0.13436066020618787,3.5225110054016113,3.1530191898345947,1.5542079647927864,4.226494200655383,3.6093289852142334,0.041379755193536934,0.1857029307972301,0.14432317560369318,3.495534658432007,3.0986459255218506,1.5027487751613207,3.8832619197764746,3.5801100730895996,0.04246035489169034,0.1970153288407759,0.15455497394908557,3.463344097137451,3.038317918777466,1.4889151304136856,3.6303414157144793,3.5496394634246826,0.04352873021906072,0.21077546206387607,0.16724673184481534,3.4299354553222656,2.9700069427490234,1.5170265714018654,3.55453974304778,3.5181338787078857,0.04266357421875,0.22845545682040128,0.18579188260165128,3.4008090496063232,2.8898813724517822,1.6084996436457595,3.7641593524751746,3.4854936599731445,0.04378067363392223,0.2530428279529918,0.2092621543190696,3.3650968074798584,2.789625883102417,1.6038989807511577,3.551205670506806,3.4498534202575684,0.0418900576504794,0.2920395244251598,0.2501494667746804,3.33465576171875,2.646744728088379,1.4374965252069516,2.755362155789009,3.4092156887054443,0.04170296408913352,0.33070399544455786,0.2890010313554244,3.294532537460327,2.49977970123291,1.2631369075004601,1.5766014035299438,3.353938579559326,0.042633230035955254,0.31074047088623047,0.2681072408502752,3.236697196960449,2.4994022846221924,1.0534461593521882,0.9101520210263714
2C0.5C_3-3_1035cyc,4.117550373077393,0.04179971868341619,0.1489821347323331,0.1071824160489169,4.002601146697998,3.7078495025634766,6.413555859509028,49.864310945068084,4.074798107147217,0.04159121079878374,0.18356973474675958,0.14197852394797586,3.9604222774505615,3.569981336593628,3.9227545121709397,23.408604887747316,4.040174961090088,0.042127435857599434,0.17697967182506213,0.1348522359674627,3.9243245124816895,3.553480863571167,3.078062622187935,15.475340940528174,3.9842751026153564,0.041731834411621094,0.16784659298983487,0.12611475857821378,3.8695125579833984,3.5226969718933105,2.7121985482574944,12.41620621038361,3.930976629257202,0.04119630293412642,0.16240284659645773,0.12120654366233131,3.8176867961883545,3.4843688011169434,2.418168710596969,10.289508882444148,3.890333652496338,0.042197314175692474,0.12358310005881569,0.08138578588312323,3.7742910385131836,3.5504801273345947,2.0300954394760136,7.461594391236821,3.8515889644622803,0.04103573885830966,0.16477922959761185,0.1237434907393022,3.7387406826019287,3.3984460830688477,1.9531508110707472,6.731195541641695,3.810976982116699,0.041534770618785515,0.16479006680575284,0.12325529618696733,3.696756362915039,3.357804298400879,1.8801344523926469,6.133317189476044,3.7697043418884277,0.04082853143865412,0.16643116690895773,0.12560263547030362,3.657425880432129,3.312018632888794,1.9028035622099293,6.245496866312825,3.728665590286255,0.03970995816317471,0.16783566908402878,0.12812571092085404,3.6194632053375244,3.267117500305176,1.9315180142956077,6.469337302201383,3.6900455951690674,0.041113419966264206,0.17030013691295276,0.12918671694668857,3.576983690261841,3.2217202186584473,1.8566826683310986,6.019721703022743,3.656507730484009,0.04185364463112571,0.1757977225563743,0.13394407792524857,3.541410207748413,3.1730639934539795,1.754392331450812,5.414886257249213,3.6269147396087646,0.03967094421386719,0.18337683244185013,0.14370588822798294,3.51781964302063,3.1226284503936768,1.6935915983007093,5.0623221189211804,3.598703145980835,0.040537053888494316,0.1944474306973544,0.15391037680886008,3.4872262477874756,3.0639727115631104,1.6532969944646543,4.668092927499682,3.5699985027313232,0.04201377521861683,0.20715557445179333,0.16514179923317648,3.454460620880127,3.0003206729888916,1.6676157722448905,4.528514431585449,3.53902530670166,0.040843876925381745,0.22085250507701526,0.18000862815163352,3.4267046451568604,2.931680917739868,1.7675081909922148,4.825907019290641,3.505948781967163,0.041516564109108665,0.23933011835271661,0.19781355424360794,3.3917782306671143,2.8477909564971924,1.8811957075313803,5.088615772059262,3.4727542400360107,0.039691925048828125,0.26474961367520417,0.22505768862637607,3.3636014461517334,2.744692802429199,1.8699573615111298,4.856633075603175,3.4369211196899414,0.04198655215176669,0.3093529614535245,0.2673664093017578,3.321458101272583,2.586200475692749,1.5421939259573005,3.146184329331078,3.394364833831787,0.04125256971879439,0.3253261392766779,0.28407356955788354,3.2809202671051025,2.499717950820923,1.9295707538427804,3.8989459029828177,3.335479259490967,0.04276847839355469,0.263942458412864,0.2211739800193093,3.2178659439086914,2.609637498855591,1.0954757312465102,0.812094107068341
2C0.5C_3-4_1035cyc,4.117104530334473,0.038886677135120735,0.19114650379527698,0.15225982666015625,4.010166168212891,3.591451644897461,6.443584187475375,50.19429767718385,4.074044227600098,0.04432279413396662,0.18512734499844638,0.14080455086447977,3.9521565437316895,3.56494402885437,3.685258764655519,21.008116086959102,4.040058135986328,0.0413429086858576,0.17875879461115057,0.13741588592529297,3.9263651371002197,3.548471450805664,2.9982997775114333,14.786319383146147,3.9857378005981445,0.04104978388006037,0.16977691650390625,0.12872713262384589,3.8728508949279785,3.5188512802124023,2.662947264344052,11.986790457244318,3.9324405193328857,0.0400627309625799,0.16401074149391867,0.12394801053133878,3.822268009185791,3.4814109802246094,2.414253229973301,10.219674742946252,3.891550302505493,0.040682619268243965,0.16389127211137253,0.12320865284312855,3.7796730995178223,3.4408493041992188,2.0798948770432473,7.745912870911621,3.8544137477874756,0.04054026170210405,0.166057673367587,0.12551741166548294,3.7429280281066895,3.3977551460266113,1.9039165095092123,6.4228797871233,3.8158586025238037,0.041034698486328125,0.1670709956776012,0.12603629719127307,3.7030131816864014,3.3564133644104004,1.8257322355527796,5.801224878895363,3.776155948638916,0.04095354947176846,0.16847775199196555,0.12752420252019708,3.6635336875915527,3.3128421306610107,1.819142194275988,5.7059026116402,3.736233711242676,0.04222869873046875,0.16965987465598367,0.12743117592551492,3.6201047897338867,3.2696690559387207,1.7915982076892418,5.492909833557206,3.697516441345215,0.04050324179909446,0.17176047238436612,0.13125723058527167,3.586132526397705,3.225175142288208,1.8027179704048473,5.664496448267894,3.663051128387451,0.04197155345569958,0.17662681232799182,0.13465525887229227,3.5476293563842773,3.1773273944854736,1.7044263822346306,5.083774282533488,3.6327104568481445,0.04230083118785511,0.1837447773326527,0.14144394614479758,3.516383171081543,3.1274123191833496,1.6111807470135642,4.4961294135346,3.6041061878204346,0.04027600721879439,0.1938566728071733,0.1535806655883789,3.49334716796875,3.071000337600708,1.6079830465899727,4.424651793993687,3.5754613876342773,0.041784806685014206,0.2053901498967951,0.16360534321178088,3.4605531692504883,3.010638475418091,1.5969435290205936,4.15734827452417,3.5452969074249268,0.040404406460848724,0.21882672743363815,0.17842232097278943,3.4341847896575928,2.943523406982422,1.6628618562635902,4.3053028281660515,3.513662576675415,0.041366403753107246,0.23816282098943536,0.19679641723632812,3.39990496635437,2.8587148189544678,1.7258572935051224,4.327781208869128,3.4809024333953857,0.0410698110407049,0.2634773254394531,0.22240751439874823,3.3679604530334473,2.7563397884368896,1.701535294719032,4.02403540911581,3.44510817527771,0.0425972505049272,0.3041904622858221,0.2615932117808949,3.32796573638916,2.608584403991699,1.4497352471113998,2.76110657395778,3.4036242961883545,0.0413544394753196,0.3286734494295987,0.2873190099542791,3.2898995876312256,2.499772310256958,1.5630916137305568,2.460525723143472,3.3480424880981445,0.04273683374578303,0.3084737604314631,0.26573692668568005,3.230516195297241,2.499739646911621,1.0613158822545683,0.8460039849824645
2C0.5C_3-3_1065cyc,4.115367889404297,0.04028649763627486,0.19596776095303622,0.15568126331676135,4.004580020904541,3.5764565467834473,6.692390484029248,52.7063286676201,4.073184967041016,0.04198299754749645,0.19020479375665839,0.14822179620916193,3.9577317237854004,3.550121784210205,3.9681419191614644,23.55232325364064,4.035452842712402,0.04296424172141335,0.18291109258478339,0.13994685086337003,3.9173011779785156,3.532447338104248,3.1438832765848725,15.900704440446908,3.9777586460113525,0.042181448502974075,0.17323069138960404,0.13104924288662997,3.861759662628174,3.5013742446899414,2.7879200444451357,12.97747436344317,3.9256081581115723,0.0415107553655451,0.16797542572021484,0.12646467035466974,3.8114535808563232,3.4636757373809814,2.456567344613616,10.541909947202363,3.885594606399536,0.043563669378107246,0.16907215118408203,0.1255084818059748,3.765794515609741,3.4206461906433105,2.0967384133679503,7.763491260693527,3.8463284969329834,0.042898611588911575,0.17235409129749646,0.12945547970858487,3.7283573150634766,3.372354745864868,2.0182021124234444,7.084498398391112,3.8051862716674805,0.04166871851140803,0.17180989005348898,0.13014117154208096,3.6905972957611084,3.3327090740203857,1.982438733253983,6.781464840370626,3.763935089111328,0.0410003662109375,0.17264886335893112,0.13164849714799362,3.65118408203125,3.2891507148742676,2.0015853858986454,6.86952629413012,3.7233059406280518,0.043187921697443184,0.17364233190363104,0.13045441020618787,3.604539155960083,3.2457895278930664,1.958267140502079,6.535564766665379,3.6856656074523926,0.04183066974986683,0.17695556987415662,0.13512490012428977,3.570631265640259,3.199037790298462,1.9257018466215932,6.423569480259703,3.652942657470703,0.040810498324307526,0.18302223899147727,0.14221174066716974,3.5407137870788574,3.1496315002441406,1.8582114569263606,6.039572028571181,3.623666524887085,0.041562427173961296,0.1916942596435547,0.15013183246959338,3.5093698501586914,3.0965073108673096,1.7658987086039715,5.379341937532839,3.595710515975952,0.04122751409357244,0.20186311548406427,0.16063560139049182,3.482334852218628,3.0405869483947754,1.7541195674758696,5.153264321493886,3.567457914352417,0.0412834340875799,0.2140717072920366,0.17278827320445667,3.4539284706115723,2.9787607192993164,1.7927349789613158,5.176817270104863,3.5373778343200684,0.042336377230557526,0.2270844199440696,0.18474804271351208,3.420952796936035,2.912895679473877,1.8604686804103603,5.241196606582886,3.5049967765808105,0.04243139787153764,0.2441315217451616,0.20170012387362393,3.388310432434082,2.833635091781616,1.9578683731263322,5.4487488996421,3.4723098278045654,0.04217165166681463,0.2701123844493519,0.2279407327825373,3.356337785720825,2.7295007705688477,1.9012227250141385,4.950612743520838,3.437108278274536,0.04367429559881037,0.31591311368075287,0.27223881808194245,3.3170039653778076,2.568347215652466,1.5502259083362597,3.134886510991157,3.3951261043548584,0.04376619512384588,0.32561492919921875,0.28184873407537286,3.2747690677642822,2.499685049057007,2.0293968378907645,4.322564382113461,3.337601661682129,0.042800643227317116,0.3049416108564897,0.2621409676291726,3.219899892807007,2.4990122318267822,1.0512854236082827,0.6709133782401775
2C0.5C_3-4_1065cyc,4.114926338195801,0.03984312577681108,0.1980098377574574,0.1581667119806463,4.00535774230957,3.570399284362793,6.3795657565235215,48.82121980042686,4.072258472442627,0.04475992376154119,0.19175269386985086,0.14699277010830966,3.9491686820983887,3.544938564300537,3.7300039240410316,21.16667110857029,4.03533935546875,0.04512127962979404,0.18443289670077237,0.13931161707097833,3.9112558364868164,3.528148889541626,2.973384661282853,14.364839774702894,3.979168653488159,0.041839426214044746,0.17498892003839667,0.13314949382435193,3.864110231399536,3.4979491233825684,2.7215996663109894,12.38681748571813,3.9270479679107666,0.04315948486328125,0.16939856789328836,0.1262390830300071,3.808359384536743,3.4612019062042236,2.369801694456833,9.769340371260064,3.886896848678589,0.0420195839621804,0.17004429210316052,0.1280247081409801,3.7713429927825928,3.4192750453948975,2.0946381174476763,7.772945880942572,3.849254608154297,0.0419548208063299,0.1737870303067294,0.1318322095003995,3.7338788509368896,3.371340274810791,1.9895711900792235,6.918964056636781,3.8100297451019287,0.04356106844815341,0.17337391593239523,0.12981284748424182,3.690236806869507,3.333251476287842,1.8560787474460265,5.91362665537657,3.7703843116760254,0.04270492900501598,0.17447436939586292,0.13176944039084695,3.6529457569122314,3.2905797958374023,1.8684025021072075,5.955596140089606,3.7305147647857666,0.04194753820245916,0.17588034543124112,0.13393280722878195,3.615159034729004,3.2468438148498535,1.8853019233384471,6.082081242700813,3.69250226020813,0.040893901478160515,0.17849566719748758,0.13760176571932706,3.5800440311431885,3.201639175415039,1.876238630818474,6.101188500707288,3.658893346786499,0.04267189719460227,0.18364706906405362,0.14097517186945135,3.5415456295013428,3.1538639068603516,1.764161814181184,5.3922747281013805,3.6290297508239746,0.04303637417879971,0.1914610429243608,0.14842466874556107,3.5106797218322754,3.1025118827819824,1.6853249895448965,4.866052892545045,3.600773334503174,0.043464834039861504,0.2009429931640625,0.157478159124201,3.4812450408935547,3.048180103302002,1.6520471104325616,4.53509777990134,3.572495222091675,0.042541763999245384,0.2126476981423118,0.1701059341430664,3.45550537109375,2.9877140522003174,1.6888527055101654,4.58370541885474,3.543030023574829,0.0414886474609375,0.22572500055486505,0.18423635309392755,3.428936243057251,2.92228627204895,1.7504330605006537,4.691477092468308,3.511997938156128,0.04331675442782315,0.24371407248757102,0.20039731805974786,3.3928768634796143,2.8417842388153076,1.7826156831609252,4.547884819740571,3.4796125888824463,0.042054176330566406,0.2690603082830256,0.22700613195245917,3.3639636039733887,2.739696741104126,1.749537869016373,4.220813329965202,3.444517135620117,0.042046460238370026,0.31066781824285333,0.26862135800448333,3.3288893699645996,2.5901806354522705,1.4786661693309082,2.8761754149302723,3.4031026363372803,0.042088768698952415,0.32849979400634766,0.28641102530739526,3.287358522415161,2.499728202819824,1.6895482881374013,2.921165916325638,3.3482565879821777,0.04389008608731357,0.30868174813010474,0.2647916620427912,3.2275588512420654,2.4993817806243896,1.0687718957169083,0.8197932839215736
2C0.5C_3-3_825cyc,4.133299827575684,0.04054537686434659,0.132072622125799,0.09152724526145241,4.0218000411987305,3.7701001167297363,2.345985638583682,4.190579362809748,4.083600044250488,0.04207272963090376,0.11360003731467506,0.0715273076837713,3.967900037765503,3.771199941635132,2.3927593176391135,4.418432552784325,4.064000129699707,0.04196366396817294,0.10629099065607245,0.0643273266878995,3.9486000537872314,3.771699905395508,2.2513660727673224,3.9564388155633203,4.022799968719482,0.04240001331676136,0.0992727279663086,0.05687271464954723,3.9061999320983887,3.749799966812134,2.1379230469361743,3.592027268546919,3.968899965286255,0.04156364094127308,0.0926909013227983,0.051127260381525215,3.854599952697754,3.7139999866485596,2.1028556388901567,3.486510804829745,3.9235000610351562,0.04025459289550781,0.08850912614302202,0.048254533247514206,3.8127999305725098,3.6800999641418457,2.1185630792933807,3.5467459336795653,3.888000011444092,0.040036374872381035,0.0864363583651456,0.04639998349276456,3.777899980545044,3.6503000259399414,2.0771541628578594,3.4136764533017265,3.8519999980926514,0.04127268357710405,0.08632729270241478,0.04505460912531072,3.7385001182556152,3.6145999431610107,1.9907904443259767,3.129177301045929,3.8115999698638916,0.04036365855823864,0.08679996837269176,0.046436309814453125,3.7005999088287354,3.5729000568389893,1.9874770661910224,3.117167197019598,3.7674999237060547,0.039854483170942825,0.08661816336891869,0.04676368019797585,3.657900094985962,3.5292999744415283,1.9817211102400056,3.0951910887197167,3.7227001190185547,0.03956369920210405,0.08698186007412997,0.047418160872025925,3.6138999462127686,3.4835000038146973,1.9951999627915915,3.1326541122353326,3.68179988861084,0.04112720489501953,0.08763634074818004,0.046509135853160515,3.568700075149536,3.4407999515533447,1.9737131619510502,3.0477645596481384,3.64739990234375,0.0410545522516424,0.08952721682461826,0.04847266457297585,3.5344998836517334,3.40120005607605,1.9864832225775502,3.0777188389703287,3.61680006980896,0.04036365855823864,0.09276364066384056,0.05239998210560192,3.5058000087738037,3.3617000579833984,1.9917011849973194,3.080221644623685,3.5866000652313232,0.04080000790682706,0.09770913557572798,0.056909127668900925,3.474400043487549,3.3178999423980713,1.9390177257524448,2.883032175341552,3.5548999309539795,0.041745445945046165,0.10483637723055753,0.06309093128551137,3.4400999546051025,3.2665998935699463,1.8339301687029927,2.509684529525429,3.520900011062622,0.041927250948819245,0.11552723971280185,0.0735999887639826,3.405600070953369,3.203200101852417,1.695617401769977,2.0363602501788503,3.4834001064300537,0.040000048550692474,0.13043637709184128,0.09043632854114879,3.3733999729156494,3.1247000694274902,1.5466958783300235,1.559539554307043,3.442699909210205,0.04018176685680042,0.15014544400301846,0.10996367714621803,3.332200050354004,3.0297999382019043,1.3674714774004026,1.0148782711147568,3.3963000774383545,0.04130909659645774,0.32607277956875885,0.28476368297230115,3.2827000617980957,2.4995999336242676,1.2916617476418262,1.091731607502405,3.335400104522705,0.04127277027476917,0.19156369295987216,0.28476368297230115,3.22189998626709,2.8085999488830566,1.0560390642849777,0.30312243216233004
2C0.5C_3-4_825cyc,4.133600234985352,0.04047289761629971,0.13080007379705255,0.09032717618075284,4.022299766540527,3.773900032043457,2.3535349407032657,4.227318616522011,4.0833001136779785,0.044727325439453125,0.11298188296231357,0.06825455752286044,3.9602999687194824,3.772599935531616,2.373706818757601,4.355165941644558,4.063399791717529,0.041854511607776985,0.10563624988902699,0.06378173828125,3.9482998847961426,3.772900104522705,2.24972916948215,3.958209574859458,4.023900032043457,0.0423636869950728,0.09887270493940874,0.05650901794433594,3.907399892807007,3.752000093460083,2.133677492678192,3.584626361965328,3.971299886703491,0.04112720489501953,0.09254542264071378,0.051418217745694245,3.8582000732421875,3.7167999744415283,2.093516294112416,3.4613365638203923,3.9254000186920166,0.04021817987615412,0.08839997378262607,0.04818179390647195,3.8148000240325928,3.682300090789795,2.102203062579454,3.4969089891181238,3.8898000717163086,0.039963635531338776,0.08629096638072621,0.04632733084938743,3.779900074005127,3.6524999141693115,2.0687698003608146,3.3913641329019155,3.8543999195098877,0.04109087857333096,0.08592726967551491,0.04483639110218395,3.7414000034332275,3.6180999279022217,1.9833320795614613,3.109337626960853,3.815500020980835,0.039963635531338776,0.08625455336137251,0.04629091783003374,3.7056000232696533,3.5782999992370605,1.9791563063440898,3.0971182840220024,3.7734999656677246,0.04145457527854226,0.08629087968306108,0.04483630440451882,3.6594998836517334,3.5362000465393066,1.918843984441233,2.894158475951386,3.7297000885009766,0.041090965270996094,0.08676364205100319,0.0456726767800071,3.6166999340057373,3.4911000728607178,1.9346311081243963,2.938004681655621,3.688199996948242,0.04058178988370029,0.08727273074063388,0.046690940856933594,3.5766000747680664,3.448199987411499,1.9663419303476386,3.034313002192052,3.6528000831604004,0.04080000790682706,0.08890914916992188,0.04810914126309482,3.540600061416626,3.4082999229431152,1.9778073855937495,3.058074187074733,3.6215999126434326,0.04032724553888494,0.09200000762939453,0.05167276209050959,3.510699987411499,3.3685998916625977,1.9848370941222533,3.067574927864208,3.591200113296509,0.039927309209650215,0.09643641385165128,0.05650910464200107,3.4814000129699707,3.3259999752044678,1.9605417069856674,2.969517584412019,3.559499979019165,0.04130909659645774,0.10272728313099254,0.0614181865345348,3.4458999633789062,3.2769999504089355,1.8561363216685112,2.598574526872649,3.5262999534606934,0.04080000790682706,0.11236364191228693,0.07156363400545987,3.414099931716919,3.2172999382019043,1.7414243277416273,2.2045175991905195,3.489500045776367,0.041745445945046165,0.1262181888927113,0.08447274294766513,3.3747000694274902,3.142400026321411,1.5543394376046005,1.5991554774605738,3.448899984359741,0.04203631661155007,0.1446545340798118,0.10261821746826172,3.3333001136779785,3.051100015640259,1.3797025157894949,1.0642562192474259,3.4035000801086426,0.0407272685657848,0.32865454933860083,0.28792728077281604,3.2915000915527344,2.4997000694274902,1.0331171818934815,0.41261690979274945,3.344399929046631,0.04312723333185369,0.18476364829323508,0.28792728077281604,3.225800037384033,2.8362998962402344,1.0789738642382383,0.35707933977482
2C0.5C_3-3_885cyc,4.128399848937988,0.04298175464976917,0.1434908780184659,0.10050912336869673,4.010200023651123,3.733799934387207,2.2787215132848493,3.91214464148894,4.081099987030029,0.0429818413474343,0.12309091741388495,0.08010907606645064,3.962899923324585,3.7425999641418457,2.3260071543086114,4.155216023350741,4.058700084686279,0.041818185286088425,0.11549091339111328,0.07367272810502486,3.943700075149536,3.7411000728607178,2.2306576944841097,3.857542661964229,4.013500213623047,0.042763710021972656,0.10774551738392223,0.06498180736194957,3.895900011062622,3.7172000408172607,2.1538267620405267,3.617203797960922,3.958899974822998,0.04210905595259233,0.10123634338378906,0.05912728743119673,3.843100070953369,3.680500030517578,2.1408388907467253,3.585343562840987,3.915299892425537,0.04138174923983487,0.09687267650257457,0.0554909272627397,3.801500082015991,3.648900032043457,2.1418301095083434,3.5950462031749932,3.8794000148773193,0.04236360029740767,0.09520001844926314,0.05283641815185547,3.7629001140594482,3.6175999641418457,2.0760108932009107,3.3794227161307147,3.8429999351501465,0.040654529224742546,0.09487273476340553,0.054218205538662995,3.7311999797821045,3.5820999145507812,2.061443995574905,3.3346999058589146,3.802299976348877,0.041672706604003906,0.09509086608886719,0.05341815948486328,3.687700033187866,3.540800094604492,2.0088606846936465,3.1549892177669054,3.759200096130371,0.04047272422096946,0.09567278081720526,0.055200056596235794,3.647900104522705,3.4960999488830566,2.0225838608998776,3.193658021580103,3.716200113296509,0.04061820290305398,0.09596365148370917,0.05534544858065518,3.6045000553131104,3.4523000717163086,2.0191303883941574,3.1739253642816943,3.677500009536743,0.04120003093372692,0.096836350180886,0.05563631924715909,3.564199924468994,3.4112000465393066,2.0138590974824484,3.1432236970288328,3.6445000171661377,0.041854511607776985,0.09894544428045099,0.057090932672674004,3.529400110244751,3.3724000453948975,1.9946795671284483,3.0662194155502664,3.6145999431610107,0.04141816225918857,0.1027636094526811,0.061345447193492546,3.500699996948242,3.3320000171661377,1.9761720207091318,2.9855208925373287,3.5848000049591064,0.0417091196233576,0.10850906372070312,0.06679994409734552,3.470099925994873,3.286400079727173,1.908316797504728,2.7377723512366394,3.553499937057495,0.040763594887473366,0.11589084972034801,0.07512725483287465,3.4414000511169434,3.234800100326538,1.8226261805002817,2.4324628759044273,3.520400047302246,0.040836420926180755,0.12661821191961115,0.0857817909934304,3.408099889755249,3.1721999645233154,1.6840019834318332,1.9642382679208454,3.484499931335449,0.04094539989124645,0.14116365259343927,0.10021825270219283,3.3719000816345215,3.096299886703491,1.5241825686933899,1.4565711079264068,3.4458999633789062,0.042654557661576706,0.15872729908336292,0.11607274142178622,3.3285999298095703,3.009399890899658,1.3506614130006749,0.9379558499176257,3.4021999835968018,0.04163638028231534,0.32818178697065875,0.2865454066883434,3.2876999378204346,2.4997000694274902,1.2333347441541345,1.1466166234999582,3.344399929046631,0.04214546897194602,0.19581812078302557,0.2865454066883434,3.2284998893737793,2.8059000968933105,1.0940551759809336,0.36926251042743186
2C0.5C_3-4_885cyc,4.128200054168701,0.04210905595259233,0.142436374317516,0.10032731836492365,4.012400150299072,3.7365000247955322,2.295104899102069,3.9831069672960586,4.0808000564575195,0.044654586098410866,0.12301817807284268,0.07836359197443182,3.9579999446868896,3.742500066757202,2.3197952539415683,4.1397761699990285,4.058000087738037,0.04385454004461115,0.11501823772083629,0.07116369767622514,3.9374001026153564,3.7416999340057373,2.2120935896439717,3.7992052516648807,4.014699935913086,0.04410908438942649,0.10749088634144176,0.06338180195201527,3.893399953842163,3.719099998474121,2.130864683978579,3.5457616486016104,3.9611001014709473,0.041018225929953835,0.10116369074041193,0.0601454648104581,3.848299980163574,3.6828999519348145,2.1474070938318826,3.614407280527992,3.916800022125244,0.04294542832808061,0.0968727632002397,0.05392733487215909,3.7987000942230225,3.650399923324585,2.1001232099027565,3.459194333709198,3.88100004196167,0.04145457527854226,0.09498180042613637,0.05352722514759411,3.7669999599456787,3.619800090789795,2.0865440922677627,3.419874092810292,3.8457999229431152,0.042727210304953835,0.09458177739923651,0.05185456709428267,3.728300094604492,3.585700035095215,2.008529344813256,3.1614339503545885,3.806999921798706,0.040763594887473366,0.09479999542236328,0.054036400534889915,3.6949000358581543,3.546299934387207,2.0186050930372903,3.1933370223267437,3.765700101852417,0.04218188199129971,0.09541823647238991,0.0532363544810902,3.6496999263763428,3.5032999515533447,1.9757339679112158,3.045333144121,3.7235000133514404,0.041818185286088425,0.09581817280162465,0.053999987515536224,3.6085000038146973,3.4600000381469727,1.983854637636362,3.062822559156433,3.684000015258789,0.04029091921719638,0.09665454517711293,0.05636362595991655,3.573199987411499,3.4182000160217285,2.0210312749605643,3.1773607353815523,3.650099992752075,0.04163638028231534,0.09850909493186256,0.05687271464954723,3.535599946975708,3.379199981689453,1.99567873756912,3.0778215308897314,3.6196000576019287,0.04047272422096946,0.10189091075550426,0.0614181865345348,3.5083000659942627,3.339400053024292,1.995267356304022,3.062778610335168,3.589600086212158,0.04134550961581143,0.1071272763338956,0.06578176671808417,3.4758999347686768,3.2950000762939453,1.9295594479220108,2.8223985359244868,3.5583999156951904,0.041927250948819245,0.11356362429532138,0.07163637334650214,3.4430999755859375,3.2460999488830566,1.8303414511481133,2.47198053096146,3.526099920272827,0.04178177226673473,0.12334546175870029,0.08156368949196556,3.4112000465393066,3.1868999004364014,1.7057526293572949,2.050626943352217,3.4911999702453613,0.04312723333185369,0.13687272505326706,0.09374549172141335,3.3726000785827637,3.114799976348877,1.536230769277444,1.5061902645128002,3.452399969100952,0.04207272963090376,0.1534545204856179,0.11138179085471413,3.336699962615967,3.030400037765503,1.396560969717032,1.0852747139422325,3.4094998836517334,0.04319997267289595,0.33083629608154297,0.28763632340864703,3.2906999588012695,2.4997000694274902,0.9526311689668407,0.45899705902582566,3.353300094604492,0.043818213722922585,0.18934544649991122,0.28763632340864703,3.232800006866455,2.8326001167297363,1.1223035540834232,0.4393823427464958
2C0.5C_3-3_960cyc,4.123937129974365,0.03755413402210583,0.17281150817871094,0.1352573741566051,4.020663261413574,3.64870548248291,6.842078941768211,57.00146054604441,4.078691005706787,0.03936706889759411,0.166358774358576,0.1269917054609819,3.9704315662384033,3.621204376220703,3.7896720556685497,22.95945383005774,4.050806522369385,0.04089814966375178,0.16309582103382458,0.1221976713700728,3.9383366107940674,3.602293014526367,2.819784140553427,13.571304220125246,3.999462842941284,0.03885243155739524,0.1547795209017667,0.11592708934437145,3.8926186561584473,3.573819160461426,2.5256363117004583,11.047220821889999,3.94457745552063,0.03866620497270064,0.14742998643354935,0.10876378146084872,3.838245391845703,3.539144992828369,2.273809160078367,9.239502814237513,3.9028077125549316,0.04033730246803977,0.14622168107466263,0.10588437860662286,3.7918801307678223,3.5006980895996094,1.9031025878042547,6.57293663645282,3.865403175354004,0.04006255756724964,0.1474466323852539,0.10738407481800426,3.7552311420440674,3.4599249362945557,1.7126627182770948,5.1927678168563105,3.826464891433716,0.04035750302401456,0.14998011155561966,0.10962260853160512,3.715481758117676,3.4140195846557617,1.651035672305881,4.696975097865248,3.7848618030548096,0.04065218838778409,0.15159320831298828,0.11094101992520419,3.6730682849884033,3.367980480194092,1.646729278546744,4.593815017877521,3.74235463142395,0.040139631791548294,0.1519214456731623,0.111781813881614,3.6319706439971924,3.324570655822754,1.671340279768835,4.752066009432884,3.701505184173584,0.0387405048717152,0.15285405245694247,0.11411354758522728,3.594968795776367,3.281156539916992,1.6819475832339488,4.936311761741963,3.6653616428375244,0.038383223793723366,0.15678986636075107,0.1184066425670277,3.559807777404785,3.234189510345459,1.612576793646841,4.634966307909405,3.633972644805908,0.04017925262451172,0.16421031951904297,0.12403106689453125,3.523479700088501,3.18239426612854,1.4707324925451202,3.8196977872026254,3.6047046184539795,0.03891632773659446,0.1752796173095703,0.13636328957297586,3.4976847171783447,3.122685670852661,1.4122433361521955,3.4872733289488957,3.574831962585449,0.039377819408069954,0.1888209256258878,0.14944310621781784,3.466542959213257,3.055574417114258,1.3952822483137979,3.2315112609055108,3.542771577835083,0.04037544944069602,0.20370942896062677,0.16333397951993076,3.431739091873169,2.9825706481933594,1.4447809322693554,3.219391965783214,3.509042501449585,0.039478388699618255,0.22347415577281604,0.18399576707319779,3.4004769325256348,2.894488573074341,1.5861349195189542,3.6264032808897717,3.4737703800201416,0.03962811556729404,0.2531659386374734,0.21353782307017932,3.364793062210083,2.77756404876709,1.6112764698918975,3.583295530193114,3.4353246688842773,0.03932259299538352,0.30338686162775214,0.2640642686323686,3.3271875381469727,2.601010799407959,1.330076091688433,2.3333810632173666,3.3905484676361084,0.03840316425670277,0.32393637570467865,0.28553321144797583,3.284939765930176,2.499723434448242,1.7722261303745166,3.0875571625662452,3.324953079223633,0.041222485628995026,0.30031585693359375,0.2590933713045987,3.2115912437438965,2.49908447265625,0.963645525920257,0.5245099426182516
2C0.5C_3-4_960cyc,4.12333869934082,0.03641388633034446,0.17443891005082565,0.13802502372048117,4.023200511932373,3.64363169670105,6.52755554782311,52.91455806699531,4.077916145324707,0.0412413857199929,0.16798912395130505,0.12674773823131213,3.9645023345947266,3.615946054458618,3.5653216873597366,20.65929365236034,4.049948692321777,0.03964892300692471,0.1645345687866211,0.12488564577969638,3.9409141540527344,3.5974786281585693,2.7711687841757184,13.192983504178752,4.000545024871826,0.0405257831920277,0.15630175850608133,0.11577597531405362,3.88909912109375,3.5707151889801025,2.4057809512140644,10.023293662453193,3.946314811706543,0.040268204428932884,0.1488093462857333,0.10854114185680043,3.8355772495269775,3.5370891094207764,2.181997904745717,8.44665856592017,3.9039793014526367,0.03881913965398615,0.14715836264870383,0.10833922299471768,3.797226667404175,3.499293804168701,1.9321894403938435,6.789968768337456,3.8676328659057617,0.03874093836004084,0.14903684095902878,0.11029590259898793,3.7610952854156494,3.4577815532684326,1.7297013327129898,5.348289162381771,3.8307461738586426,0.03870443864302202,0.11257605119185014,0.07387161254882812,3.724308967590332,3.5211620330810547,1.6152998542914223,4.608626212719499,3.7907590866088867,0.039337504993785515,0.15331138264049182,0.11397387764670631,3.6825809478759766,3.369152784347534,1.6145976484304463,4.460244515000835,3.749682903289795,0.03881506486372514,0.15380443226207385,0.11498936739834872,3.642941474914551,3.326720714569092,1.6328875679149082,4.557987299972395,3.708989143371582,0.04017873243852095,0.15451994809237393,0.11434121565385298,3.5984976291656494,3.2840592861175537,1.5922756055138112,4.339459969978357,3.672015905380249,0.03993103720925071,0.15810038826682352,0.1181693510575728,3.5622055530548096,3.2372398376464844,1.5425323350868567,4.158187525416796,3.6398043632507324,0.03889231248335405,0.16462742198597302,0.12573510950261896,3.532850503921509,3.1870789527893066,1.4698398951668352,3.8280251088752504,3.6102311611175537,0.04041931845925071,0.1747520620172674,0.1343327435580167,3.4990780353546143,3.1296629905700684,1.3596432913290928,3.1692410143447516,3.580279588699341,0.03796378048983487,0.18735270066694779,0.14938892017711292,3.475879192352295,3.0650596618652344,1.371327843950323,3.141542827977597,3.548893451690674,0.03840957988392223,0.20232720808549362,0.16391762820157138,3.4432671070098877,2.9924936294555664,1.4079475886434887,3.0883579399635446,3.5165598392486572,0.04096065868030895,0.22163685885342685,0.1806762001731179,3.4039180278778076,2.9070584774017334,1.4537081658955213,3.004290987938612,3.4821760654449463,0.04081136530095881,0.2507339824329723,0.2099226171320135,3.3699448108673096,2.7926576137542725,1.4601546389462319,2.907082162827611,3.4441077709198,0.04057710820978338,0.2964103872125799,0.2558332790027965,3.3325207233428955,2.628979206085205,1.240598878308139,1.970000462446107,3.400576114654541,0.0397080508145419,0.3275694413618608,0.2878613905473189,3.291378974914551,2.499760150909424,1.3920377124650618,1.7025209017111926,3.3396012783050537,0.03923372788862749,0.3056114370172674,0.2663777091286399,3.231708526611328,2.4991698265075684,0.9655151886346538,0.643956979655433
2C0.5C_3-3_915cyc,4.126500129699707,0.04050913724032315,0.14792728424072266,0.1074181470003995,4.015100002288818,3.7197000980377197,2.264044982064227,3.8480102218135137,4.080100059509277,0.04323638569224964,0.12741817127574573,0.0841817855834961,3.961199998855591,3.7297000885009766,2.2980855284897754,4.045081896366107,4.054500102996826,0.04359999569979581,0.11894546855579723,0.07534547285600142,3.9346001148223877,3.727400064468384,2.204302432391032,3.7534848921887916,4.00629997253418,0.041927250948819245,0.11054541847922585,0.0686181675304066,3.8910000324249268,3.7023000717163086,2.163637035353171,3.640198499238335,3.95169997215271,0.04352725635875355,0.10400000485506924,0.0604727484963157,3.8320000171661377,3.6656999588012695,2.1280382580803985,3.5288995444509643,3.9103000164031982,0.041745445945046165,0.10039997100830078,0.058654525063254616,3.7955000400543213,3.634200096130371,2.1411782487538207,3.582137379451429,3.874799966812134,0.041745445945046165,0.09887270493940874,0.05712725899436257,3.759999990463257,3.6029000282287598,2.0916358180919143,3.419586242117215,3.8371999263763428,0.04141816225918857,0.09814539822665128,0.056727235967462715,3.723299980163574,3.5673000812530518,2.043414783686257,3.25919194736196,3.795099973678589,0.042545405301180755,0.0986181605945934,0.05607275529341264,3.678100109100342,3.523900032043457,1.9985557949103452,3.1036298114059546,3.751199960708618,0.04210905595259233,0.09916366230357777,0.05705460635098544,3.6354000568389893,3.4784998893737793,1.9962586228310768,3.0887508336520817,3.7083001136779785,0.04250916567715732,0.10043638402765448,0.05792721835049716,3.591399908065796,3.4321000576019287,1.9927310401790708,3.0629518177140005,3.6703999042510986,0.04250907897949219,0.10159995339133522,0.05909087441184304,3.553499937057495,3.3910000324249268,1.9939051765035147,3.0540755919338256,3.6377999782562256,0.04109087857333096,0.10410907051780006,0.0630181919444691,3.5248000621795654,3.3515000343322754,1.9987382251902643,3.0576815540564404,3.6082000732421875,0.040872747247869316,0.10829093239524147,0.06741818514737216,3.495800018310547,3.3104000091552734,1.9614385176189633,2.916154975304937,3.5785999298095703,0.04149090160023083,0.11407271298495206,0.07258181138472124,3.4644999504089355,3.264899969100952,1.8740993541121562,2.6039162190907543,3.5476999282836914,0.04130909659645774,0.12276363372802734,0.0814545371315696,3.4340999126434326,3.210099935531616,1.7633176780848003,2.218590214827546,3.5144999027252197,0.04207272963090376,0.1349817622791637,0.09290903264825995,3.3987998962402344,3.1433000564575195,1.6091870595666213,1.7105795525798522,3.4784998893737793,0.04258181832053445,0.15010903098366477,0.10752721266313033,3.3613998889923096,3.065700054168701,1.4515266567989578,1.2245934750838101,3.4395999908447266,0.0433091250332919,0.16705452312122693,0.12374539808793501,3.320499897003174,2.9802000522613525,1.2972665626125397,0.7855913010356455,3.3947999477386475,0.04287268898703835,0.3255272778597745,0.28265458887273615,3.276900053024292,2.4995999336242676,1.6827660480733995,2.513510132859553,3.3369998931884766,0.04250907897949219,0.20454545454545456,0.28265458887273615,3.220099925994873,2.7744998931884766,1.0315921508929131,0.23330524894726823
2C0.5C_3-4_915cyc,4.126100063323975,0.0400727011940696,0.1480363499034535,0.10796364870938388,4.015900135040283,3.7190001010894775,2.271960145905579,3.8860081682926113,4.079599857330322,0.044618173079057175,0.1283999356356534,0.08378176255659624,3.956899881362915,3.7265000343322754,2.2884668277666744,4.014971991393028,4.055099964141846,0.04432730241255327,0.11981816725297408,0.07549086484042081,3.933199882507324,3.725600004196167,2.1967701781749494,3.731359941155759,4.009799957275391,0.044654499400745735,0.11225448955189098,0.06759999015114525,3.88700008392334,3.7011001110076904,2.1293377897785666,3.5239212546457725,3.956199884414673,0.042472665960138496,0.10534537922252309,0.06287271326238458,3.839400053024292,3.6665000915527344,2.1346890534949905,3.555910201266868,3.9128000736236572,0.041818185286088425,0.10127275640314276,0.05945457111705433,3.797800064086914,3.6342999935150146,2.1328330213943105,3.556894540611734,3.876800060272217,0.04149090160023083,0.09919998862526634,0.057709087025035515,3.762700080871582,3.6040000915527344,2.0950381363270005,3.434642531956862,3.8413000106811523,0.041672706604003906,0.09876363927667792,0.057090932672674004,3.7267000675201416,3.569700002670288,2.044764957952555,3.2695257527268335,3.802500009536743,0.04240001331676136,0.09905450994318182,0.056654496626420456,3.6858999729156494,3.530100107192993,2.002691908466757,3.124643820885291,3.7614998817443848,0.04298175464976917,0.10018175298517401,0.05719999833540483,3.6433000564575195,3.4860000610351562,1.9794119023086043,3.037574485973214,3.7200000286102295,0.0420364033092152,0.10083640705455434,0.058800003745339134,3.6043999195098877,3.442699909210205,1.9965535451753726,3.0848397868604476,3.68149995803833,0.04145448858087713,0.10170910575173119,0.06025461717085405,3.567500114440918,3.4017999172210693,2.009923294233518,3.1187055502691043,3.648200035095215,0.04178185896439986,0.1037454605102539,0.06196360154585405,3.5332999229431152,3.3629000186920166,1.993825483791427,3.0518609302724533,3.6180999279022217,0.04123635725541548,0.1070908633145419,0.06585450605912642,3.504699945449829,3.3236000537872314,1.9726085663163295,2.9657292038036402,3.5885000228881836,0.041672706604003906,0.11207277124578302,0.07040006464177911,3.473900079727173,3.2802999019622803,1.908300684452726,2.733020613554406,3.557499885559082,0.04330903833562678,0.11945447054776279,0.076145432212136,3.4384000301361084,3.2290000915527344,1.7919627435625936,2.3256809308475823,3.525399923324585,0.04316364635120739,0.12963633103804154,0.08647268468683417,3.4066998958587646,3.1689000129699707,1.668779587693375,1.9138521710097551,3.491300106048584,0.04167279330166904,0.1422909823330966,0.10061818903142755,3.376699924468994,3.0999999046325684,1.5430324121309202,1.5154085564648971,3.4535000324249268,0.04338186437433416,0.15785460038618607,0.11447273601185191,3.334199905395508,3.019399881362915,1.3820905868122693,1.0309004513029745,3.411400079727173,0.042945515025745735,0.3315272764726119,0.28858176144686615,3.293299913406372,2.4997000694274902,0.9647597960719544,0.6009786733366291,3.357300043106079,0.04254549199884588,0.19160001928156073,0.28858176144686615,3.240299940109253,2.830399990081787,1.1503204607391526,0.5041642809944498
1C2C_4-1_30cyc,4.178899765014648,0.027381723577325993,0.03930906815962358,0.011927344582297585,4.103600025177002,4.070799827575684,0.6140854908414767,-0.6165157609437735,4.1020002365112305,0.028218182650479404,0.03694551641290838,0.008727333762428978,4.024400234222412,4.000400066375732,0.7144262228388106,-0.4417802240106443,4.081500053405762,0.028072703968394886,0.03683636405251243,0.008763660084117542,4.004300117492676,3.9802000522613525,0.7232184245092274,-0.4060158383266441,4.0644001960754395,0.028072790666060013,0.03858184814453125,0.010509057478471235,3.9872000217437744,3.9583001136779785,0.6023527649689953,-0.6118211799223641,4.012700080871582,0.028000051325017757,0.03974550420587713,0.011745452880859375,3.935699939727783,3.90339994430542,0.5832167131298301,-0.6525070746962127,3.953000068664551,0.02803637764670632,0.03960002552379261,0.011563647877086292,3.8759000301361084,3.844099998474121,0.5985805687372306,-0.6307751584713741,3.9117000102996826,0.02803637764670632,0.03923632881858132,0.011199951171875,3.8345999717712402,3.803800106048584,0.6128673550757164,-0.6030038234062154,3.8782999515533447,0.028145443309437145,0.03970909118652344,0.011563647877086292,3.8008999824523926,3.7690999507904053,0.6062759736845015,-0.612606782547557,3.8362998962402344,0.028327248313210228,0.0400727011940696,0.011745452880859375,3.7583999633789062,3.726099967956543,0.5940025734003169,-0.6535317858140375,3.7723000049591064,0.028072703968394886,0.03789086775346236,0.009818163785067472,3.6951000690460205,3.668100118637085,0.5921494416317622,-0.6625409840610517,3.716599941253662,0.027854485945268112,0.03650908036665483,0.008654594421386719,3.640000104904175,3.6161999702453613,0.5232370680931483,-0.76075935011401,3.6731998920440674,0.027854485945268112,0.036072731018066406,0.008218245072798296,3.59660005569458,3.5739998817443848,0.49905602429474905,-0.7995230704137541,3.6398000717163086,0.027963638305664062,0.03596366535533558,0.00800002704967152,3.5629000663757324,3.5408999919891357,0.4816033013463201,-0.8054970556007537,3.6106998920440674,0.027963638305664062,0.035963578657670456,0.007999940352006392,3.533799886703491,3.5118000507354736,0.4676352105339947,-0.820867010001638,3.581399917602539,0.028072703968394886,0.03618179668079723,0.008109092712402344,3.504199981689453,3.4818999767303467,0.45165536266977946,-0.8537302061804874,3.5481998920440674,0.028399987654252487,0.03661814602938565,0.008218158375133167,3.470099925994873,3.447499990463257,0.44960965259945285,-0.8625419967147625,3.5046000480651855,0.02869094501842152,0.037054582075639206,0.008363637057217684,3.4256999492645264,3.4026999473571777,0.4559511947769091,-0.8530491252023475,3.4588000774383545,0.029163707386363636,0.03854552182284268,0.009381814436479048,3.3785998821258545,3.352799892425537,0.44793582449590186,-0.8698075557464047,3.398400068283081,0.029818188060413708,0.04225453463467685,0.01243634657426314,3.3164000511169434,3.2822000980377197,0.43526425679593495,-0.8838858118045145,3.342600107192993,0.032254565845836296,0.3064363653009588,0.2741817994551225,3.2539000511169434,2.4999001026153564,0.6948481442920212,-1.1724422834696575,3.212100028991699,0.03567270799116655,0.09501821344549005,0.2741817994551225,3.114000082015991,2.9507999420166016,0.24764810205363022,-0.9427178241481298
1C2C_4-2_30cyc,4.181099891662598,0.028036290949041195,0.03949078646573154,0.01145449551669034,4.104000091552734,4.072500228881836,0.5797251480993363,-0.6757597140567753,4.1016998291015625,0.027890812266956676,0.036072644320401276,0.008181832053444603,4.025000095367432,4.002500057220459,0.6899324493190696,-0.49344087935940006,4.081399917602539,0.027781746604225853,0.03592725233598189,0.008145505731756037,4.005000114440918,3.982599973678589,0.6825084607588906,-0.49720053426080035,4.0655999183654785,0.02767268094149503,0.03756358406760476,0.00989090312610973,3.989500045776367,3.9623000621795654,0.5896665326195556,-0.6438796560339197,4.014900207519531,0.027672767639160156,0.03880006616765803,0.01112729852849787,3.938800096511841,3.9082000255584717,0.5439962151325212,-0.7089606088704419,3.9546000957489014,0.027636441317471592,0.03865458748557351,0.011018146168101917,3.8785998821258545,3.848299980163574,0.5716310280278287,-0.6717830136558782,3.9126999378204346,0.02770909396084872,0.03829089078036221,0.010581796819513494,3.8364999294281006,3.8073999881744385,0.5687043869194656,-0.682188405056257,3.879699945449829,0.027818159623579544,0.03872724012895064,0.010909080505371094,3.8032000064849854,3.773200035095215,0.55734624628942,-0.6986172881160324,3.839900016784668,0.02785457264293324,0.039200002496892754,0.011345429853959517,3.7632999420166016,3.732100009918213,0.5568268578357232,-0.6977852336931951,3.779599905014038,0.027854485945268112,0.03807267275723544,0.010218186811967329,3.703000068664551,3.6749000549316406,0.57535063056024,-0.7040391006176199,3.718100070953369,0.027672767639160156,0.03581818667325107,0.00814541903409091,3.6419999599456787,3.6196000576019287,0.5049789137471381,-0.7989884617577623,3.674099922180176,0.02759994160045277,0.035418163646351204,0.007818222045898438,3.5982000827789307,3.57669997215271,0.49172073449452375,-0.8026807747559097,3.640199899673462,0.02763635461980646,0.035236358642578125,0.007600004022771662,3.564199924468994,3.543299913406372,0.4633403051587153,-0.8395264217740825,3.6110999584198,0.02774542028253729,0.035309097983620384,0.0075636777010830965,3.5348000526428223,3.5139999389648438,0.4477541120447883,-0.8642908990314409,3.5820000171661377,0.027818159623579544,0.03556364232843572,0.007745482704856179,3.505500078201294,3.4842000007629395,0.4394802464439082,-0.8607917447183455,3.5499000549316406,0.028072703968394886,0.03589092601429333,0.007818222045898438,3.4727001190185547,3.451200008392334,0.4310754463183475,-0.8891129114008351,3.507200002670288,0.02843640067360618,0.03636360168457031,0.007927201010964134,3.428999900817871,3.4072000980377197,0.4360156519403843,-0.8763867699385202,3.4619998931884766,0.028872663324529476,0.0378181284124201,0.008945465087890625,3.3826000690460205,3.3580000400543213,0.4353952256691013,-0.880859116434356,3.4005000591278076,0.02974544871937145,0.04145457527854226,0.011709126559170809,3.318700075149536,3.2864999771118164,0.42410095809318016,-0.9093924496380437,3.343100070953369,0.03229089216752486,0.3066545833240856,0.27436369115656073,3.254300117492676,2.499799966812134,0.7070322729368793,-1.1814457330825117,3.224400043487549,0.03589092601429333,0.09392729672518643,0.27436369115656073,3.125699996948242,2.966099977493286,0.23442190723353773,-0.9521062740847981
1C2C_4-3_30cyc,4.179200172424316,0.027490962635387074,0.038945458152077415,0.01145449551669034,4.103600025177002,4.0721001625061035,0.5833240706408717,-0.6642009289836444,4.101500034332275,0.02738189697265625,0.03567279468883167,0.008290897716175426,4.026199817657471,4.003399848937988,0.6942373627095733,-0.48255995025348586,4.081200122833252,0.02723641829057173,0.03552731600674716,0.008290897716175426,4.00629997253418,3.9835000038146973,0.7032840069318532,-0.46286183691770244,4.063799858093262,0.027199918573552914,0.03727271340110085,0.010072794827547941,3.989000082015991,3.9612998962402344,0.5871312781971517,-0.6532989336780246,4.011499881744385,0.027163592251864346,0.0384726957841353,0.011309103532270952,3.936800003051758,3.9056999683380127,0.5539255848650484,-0.7035890137230698,3.951900005340576,0.027163678949529476,0.03829089078036221,0.01112721183083274,3.87719988822937,3.84660005569458,0.5811449346419473,-0.6576527268551482,3.910900115966797,0.027127352627840908,0.03781821511008523,0.010690862482244318,3.8362998962402344,3.8069000244140625,0.5805119479183863,-0.6667293591951666,3.877700090408325,0.02730915763161399,0.03836363012140447,0.011054472489790483,3.8025999069213867,3.772200107574463,0.5712198968732828,-0.6783944767465364,3.837599992752075,0.027490875937721947,0.038872718811035156,0.01138184287331321,3.76200008392334,3.7307000160217285,0.5471978678304821,-0.728593628481069,3.7743000984191895,0.02738189697265625,0.03727280009876598,0.00989090312610973,3.6989998817443848,3.671799898147583,0.5833709836946799,-0.7007455101155426,3.7155001163482666,0.027163678949529476,0.035418250344016335,0.00825457139448686,3.6407999992370605,3.6180999279022217,0.5031321382439865,-0.7962391082466636,3.6721999645233154,0.02712726593017578,0.03501814061945135,0.007890874689275568,3.597599983215332,3.575900077819824,0.48895817151631354,-0.8096334993582586,3.6387999057769775,0.027236331592906605,0.03487266193736683,0.007636330344460227,3.5638999938964844,3.5429000854492188,0.4540925956816411,-0.8586813643409834,3.6096999645233154,0.027236331592906605,0.03494540127840909,0.007709069685502486,3.5348000526428223,3.5136001110076904,0.44467298560881613,-0.8573812426130898,3.5804998874664307,0.027309070933948864,0.035127206282182175,0.007818135348233309,3.5053999423980713,3.4839000701904297,0.436998143943941,-0.8715845302400909,3.5480000972747803,0.027600028298117897,0.03556364232843572,0.007963614030317827,3.472100019454956,3.450200080871582,0.44542723926830746,-0.8653986221939243,3.504699945449829,0.027890898964621803,0.036036317998712715,0.00814541903409091,3.427999973297119,3.405600070953369,0.4597161703615474,-0.8365393539040631,3.4593000411987305,0.028472726995294743,0.03759999708695845,0.009127270091663708,3.38100004196167,3.3559000492095947,0.43275727982794365,-0.8896033987007543,3.3975000381469727,0.029563643715598366,0.04196366396817294,0.012400020252574574,3.316200017929077,3.282099962234497,0.42877860420905783,-0.8944248656043676,3.341200113296509,0.03214550018310547,0.30600001595237036,0.2738545157692649,3.2527999877929688,2.4997000694274902,0.7988242028974724,-1.0200737019659127,3.214400053024292,0.03520003232088956,0.09672728451815518,0.2738545157692649,3.1175999641418457,2.9484000205993652,0.21975075229881916,-0.9655293322615903
1C2C_4-1_150cyc,4.173099994659424,0.028036290949041195,0.04225453463467685,0.014218243685635653,4.0960001945495605,4.0569000244140625,0.6750602813769643,-0.5181907082500605,4.098899841308594,0.028799923983487217,0.03869082710959695,0.00989090312610973,4.019700050354004,3.992500066757202,0.7873302879401604,-0.3162964096410783,4.079899787902832,0.028618032282049007,0.03818173841996626,0.00956370613791726,4.001200199127197,3.974900007247925,0.7681680352977273,-0.33820756287312514,4.063899993896484,0.02836366133256392,0.039927309209650215,0.011563647877086292,3.9858999252319336,3.9540998935699463,0.6431410652541238,-0.5470154176835913,4.0131001472473145,0.028254595669833096,0.04098189960826527,0.012727303938432173,3.9354000091552734,3.900399923324585,0.6073826362573328,-0.6205549649411366,3.9542999267578125,0.028327248313210228,0.040763594887473366,0.01243634657426314,3.8763999938964844,3.8422000408172607,0.6207354947291363,-0.6012960410383927,3.9135000705718994,0.028254595669833096,0.04014544053511186,0.011890844865278765,3.8357999324798584,3.803100109100342,0.6422375781982439,-0.561314274851501,3.88070011138916,0.02836366133256392,0.04043639789928089,0.012072736566716974,3.8027000427246094,3.7695000171661377,0.6275765208167255,-0.5911011248642559,3.838399887084961,0.028290835293856533,0.04043631120161577,0.012145475907759233,3.7606000900268555,3.7272000312805176,0.6311997066881211,-0.5846249513242476,3.7836999893188477,0.028327248313210228,0.03930906815962358,0.010981819846413353,3.7058000564575195,3.675600051879883,0.5891105300068968,-0.665585776085944,3.726300001144409,0.02810911698774858,0.03774547576904297,0.00963635878129439,3.6489999294281006,3.622499942779541,0.5371370914758294,-0.7569118909340893,3.680799961090088,0.027927225286310368,0.03709090839732777,0.0091636831110174,3.6040000915527344,3.5787999629974365,0.5224223061154286,-0.7643092356407934,3.645699977874756,0.02803637764670632,0.03690910339355469,0.008872725746848366,3.5685999393463135,3.5441999435424805,0.5008959778114372,-0.7865732099631408,3.6159000396728516,0.02810911698774858,0.03698184273459695,0.008872725746848366,3.538599967956543,3.51419997215271,0.4977584393601937,-0.7893162854951772,3.5861001014709473,0.028327335010875355,0.037309126420454544,0.008981791409579191,3.50819993019104,3.4835000038146973,0.4708070401891423,-0.8241809216234905,3.553499937057495,0.02850905331698331,0.03774538907137784,0.009236335754394531,3.475100040435791,3.449700117111206,0.49413418227651956,-0.7850421870265305,3.5157999992370605,0.028909076343883167,0.03843636946244673,0.009527293118563566,3.436300039291382,3.410099983215332,0.5023066401491563,-0.7782449275717886,3.4709999561309814,0.029709035700017757,0.0403999848799272,0.010690949179909447,3.3893001079559326,3.3598999977111816,0.49988628481888864,-0.7904328799559841,3.4189999103546143,0.030872691761363636,0.04516358809037642,0.014290896329012785,3.3341000080108643,3.294800043106079,0.43379510851613157,-0.8995498396210939,3.3587000370025635,0.03323641690340909,0.31229088523171167,0.27905446832830255,3.2672998905181885,2.4999001026153564,0.8483428955931501,-0.8259208719119582,3.3052000999450684,0.036509167064319954,0.11727272380482066,0.27905446832830255,3.2047998905181885,2.9827001094818115,0.3782879659441973,-0.793498042676064
1C2C_4-2_150cyc,4.175899982452393,0.02909088134765625,0.042654557661576706,0.013563676313920454,4.095900058746338,4.058599948883057,0.6465517218432428,-0.5801886139469277,4.098999977111816,0.028799923983487217,0.03778180209073154,0.008981878107244318,4.019800186157227,3.9951000213623047,0.7398730967157396,-0.41203730511092873,4.079800128936768,0.028509140014648438,0.037200060757723724,0.008690920743075285,4.001399993896484,3.9774999618530273,0.7284116621966091,-0.4262315997335029,4.065299987792969,0.028472726995294743,0.0387999794699929,0.010327252474698153,3.986999988555908,3.9586000442504883,0.5713508612854326,-0.6844303182336477,4.015200138092041,0.028254595669833096,0.039927309209650215,0.011672713539817116,3.9375,3.905400037765503,0.5479853152135197,-0.7222697169397354,3.9554998874664307,0.02810903029008345,0.03959993882612749,0.011490908536044035,3.878200054168701,3.84660005569458,0.5696977401936454,-0.6885023426034942,3.914299964904785,0.02825450897216797,0.039200002496892754,0.010945493524724787,3.8366000652313232,3.80649995803833,0.5692260477477499,-0.6898243741382757,3.882499933242798,0.028327248313210228,0.03952728618275036,0.011200037869540129,3.8046000003814697,3.7737998962402344,0.5465371924379574,-0.7200995728904722,3.8427000045776367,0.028327248313210228,0.039927309209650215,0.011600060896439985,3.7648000717163086,3.7328999042510986,0.5529365546624222,-0.7149077428988111,3.786900043487549,0.028290921991521664,0.039127263155850495,0.010836341164328835,3.7091000080108643,3.67930006980896,0.5572727904382784,-0.7288729289011489,3.724600076675415,0.02810911698774858,0.037018169056285515,0.008909052068536932,3.6473000049591064,3.62280011177063,0.5046285260494432,-0.8123638691662411,3.6784000396728516,0.028072703968394886,0.036327275362881745,0.00825457139448686,3.6012001037597656,3.5785000324249268,0.46376151652516356,-0.8670593120459769,3.643699884414673,0.028145443309437145,0.036109057339754974,0.007963614030317827,3.5662999153137207,3.5443999767303467,0.4480213535891391,-0.8711908597835545,3.614000082015991,0.028254595669833096,0.036218209700150925,0.007963614030317827,3.53629994392395,3.514400005340576,0.4421702045047229,-0.9021629257325152,3.5845000743865967,0.02836366133256392,0.03650908036665483,0.00814541903409091,3.506500005722046,3.484100103378296,0.43297673657909724,-0.9032185543842082,3.5527000427246094,0.02869094501842152,0.037054582075639206,0.008363637057217684,3.47379994392395,3.4507999420166016,0.42833032572837626,-0.9108825225497474,3.5146000385284424,0.02927277304909446,0.03789095445112749,0.008618181402033026,3.4340999126434326,3.410399913787842,0.44309632205591926,-0.8905392368526996,3.4700000286102295,0.029781861738725143,0.0397818305275657,0.009999968788840553,3.3880999088287354,3.360599994659424,0.4665797219555863,-0.8427374802762952,3.4156999588012695,0.031381780450994316,0.045709089799360794,0.014327309348366478,3.329400062561035,3.2899999618530273,0.4465294998775094,-0.8659911182694442,3.3543999195098877,0.034072702581232246,0.3107999454845082,0.27672724290327594,3.260699987411499,2.4997000694274902,1.136679543677809,-0.24689111961729981,3.302999973297119,0.03698184273459695,0.13258179751309482,0.27672724290327594,3.2012999057769775,2.9384000301361084,0.36170738093488475,-0.8219368796997761
1C2C_4-3_150cyc,4.172999858856201,0.02843631397594105,0.041745445945046165,0.013309131969105114,4.094799995422363,4.058199882507324,0.6378786436084892,-0.596751681910352,4.098199844360352,0.028072703968394886,0.03709082169966264,0.009018117731267756,4.020999908447266,3.9962000846862793,0.7458705197538676,-0.4020122807917361,4.079500198364258,0.027781919999556107,0.03665464574640447,0.008872725746848366,4.0030999183654785,3.9786999225616455,0.7405892617448545,-0.38989975919780573,4.062600135803223,0.02778183330189098,0.03847278248180042,0.010690949179909447,3.9862000942230225,3.9567999839782715,0.5816444684933014,-0.6535533293640916,4.01039981842041,0.027636267922141335,0.03949087316339666,0.011854605241255327,3.9344000816345215,3.9017999172210693,0.5553806556319358,-0.7028388901260829,3.9518001079559326,0.027636441317471592,0.03916367617520419,0.0115272348577326,3.8757998943328857,3.844099998474121,0.5658142682958651,-0.6914940864258519,3.912100076675415,0.02770909396084872,0.03872732682661577,0.011018232865767046,3.835900068283081,3.8055999279022217,0.5720683638856665,-0.68387395521516,3.8803000450134277,0.027745506980202415,0.039127263155850495,0.011381756175648083,3.803999900817871,3.772700071334839,0.5657908693171811,-0.6895975721623939,3.839900016784668,0.027818159623579544,0.0394545468417081,0.011636387218128551,3.763400077819824,3.7314000129699707,0.5477592685365622,-0.7352159544734791,3.782599925994873,0.02770909396084872,0.03843636946244673,0.010727275501598011,3.706399917602539,3.6768999099731445,0.551398839232162,-0.7376321695693213,3.7223000526428223,0.027527288957075638,0.03643634102561257,0.008909052068536932,3.6466000080108643,3.6221001148223877,0.496218354589148,-0.831314016848328,3.6772000789642334,0.027527288957075638,0.03585459969260476,0.00832731073552912,3.6015000343322754,3.5785999298095703,0.4628092435525829,-0.85998949323483,3.642899990081787,0.027454549616033382,0.03563638166947798,0.008181832053444603,3.5673999786376953,3.5448999404907227,0.4618118669876774,-0.8531423141392334,3.613300085067749,0.027600028298117897,0.03570912101052024,0.008109092712402344,3.537400007247925,3.5151000022888184,0.44208682795425835,-0.8829950748099544,3.5838000774383545,0.02770909396084872,0.03599999167702415,0.008290897716175426,3.5076000690460205,3.484800100326538,0.448313280531652,-0.8637471889187989,3.552000045776367,0.028072703968394886,0.03658181970769709,0.008509115739302202,3.4748001098632812,3.4514000415802,0.44395165489889604,-0.8866010528119235,3.5139000415802,0.028472726995294743,0.03727271340110085,0.008799986405806108,3.4356000423431396,3.411400079727173,0.45961646613074364,-0.8598210568479616,3.4695000648498535,0.02923636002974077,0.0394545468417081,0.010218186811967329,3.3891000747680664,3.3610000610351562,0.46238921640953556,-0.8462175552496025,3.4154000282287598,0.030800039117986507,0.045563611117276276,0.014763571999289772,3.330699920654297,3.29010009765625,0.4436141645164059,-0.8747973676145047,3.3550000190734863,0.0338181582364169,0.31101816350763495,0.277200005271218,3.26200008392334,2.4997000694274902,1.1911158675698814,-0.10468968022731184,3.3048999309539795,0.03661814602938565,0.13392725857821378,0.277200005271218,3.204200029373169,2.9365999698638916,0.318066969989135,-0.880232191589744
1C2C_4-1_180cyc,4.171999931335449,0.028290835293856533,0.042909102006392044,0.014618266712535511,4.094200134277344,4.053999900817871,0.6856906321352256,-0.5024926522909317,4.098499774932861,0.028981815684925426,0.0390908501364968,0.010109034451571379,4.018799781799316,3.990999937057495,0.809464159018226,-0.27854330555884177,4.079699993133545,0.028690858320756393,0.03850910880348899,0.0098182504827326,4.000800132751465,3.97379994392395,0.7935762358995484,-0.29026574726916277,4.064000129699707,0.02869094501842152,0.04029091921719638,0.011599974198774858,3.985100030899048,3.953200101852417,0.6297943960879473,-0.5794334735000488,4.013500213623047,0.028509140014648438,0.04134550961581143,0.012836369601162996,3.9351000785827637,3.8998000621795654,0.5970118216524176,-0.629669282716268,3.954900026321411,0.028399987654252487,0.040909073569557884,0.012509085915305397,3.876800060272217,3.842400074005127,0.6223963170897677,-0.595101042926955,3.914099931716919,0.028472726995294743,0.0403999848799272,0.011927257884632458,3.8357999324798584,3.802999973297119,0.6402468559264674,-0.5730888255773441,3.881200075149536,0.028399987654252487,0.04058187658136541,0.012181888927112926,3.803100109100342,3.7695999145507812,0.6405564592041599,-0.5662989092930961,3.839099884033203,0.028472726995294743,0.04043631120161577,0.011963584206321022,3.7607998847961426,3.7279000282287598,0.614754197057423,-0.6245420120085186,3.78629994392395,0.028399987654252487,0.03956361250443892,0.011163624850186434,3.708199977874756,3.677500009536743,0.5980057472148904,-0.649509911307975,3.7291998863220215,0.028072703968394886,0.038036346435546875,0.009963642467151989,3.6519999504089355,3.6245999336242676,0.5590837356987313,-0.7145323992611452,3.6828999519348145,0.02810903029008345,0.03741819208318537,0.009309161793101917,3.605600118637085,3.5799999237060547,0.5210760070416722,-0.7599862665115529,3.6475000381469727,0.028145443309437145,0.037163647738370026,0.009018204428932884,3.5701000690460205,3.545300006866455,0.5130134486217143,-0.7726687900519442,3.617300033569336,0.028145443309437145,0.037163647738370026,0.009018204428932884,3.539900064468384,3.5151000022888184,0.5072829592965995,-0.7685185763910805,3.587399959564209,0.028399987654252487,0.03749093142422763,0.009090943769975142,3.5092999935150146,3.484299898147583,0.48805760415260996,-0.8076864555852432,3.5548999309539795,0.02876359766179865,0.037999933416193184,0.009236335754394531,3.475800037384033,3.4504001140594482,0.4846293953983538,-0.8209105195206066,3.5181000232696533,0.02909088134765625,0.03876365314830433,0.009672771800648083,3.4381000995635986,3.4114999771118164,0.5088416942897466,-0.7703593656269914,3.473599910736084,0.029963580044833096,0.04080000790682706,0.010836427861993963,3.391200065612793,3.3613998889923096,0.5050358181883285,-0.7870231930625113,3.423099994659424,0.03123638846657493,0.04589089480313388,0.014654506336558949,3.3371999263763428,3.2969000339508057,0.4460165896378674,-0.835484941172608,3.363600015640259,0.03374541889537464,0.3141091086647727,0.2803636897693981,3.2708001136779785,2.499799966812134,0.7863853719686269,-0.915129548605766,3.3097000122070312,0.036218209700150925,0.11829090118408203,0.2803636897693981,3.210099935531616,2.9844000339508057,0.4187709769690303,-0.7403949577007602
1C2C_4-2_180cyc,4.175000190734863,0.029490904374556107,0.04360008239746094,0.014109178022904829,4.093900203704834,4.055099964141846,0.6796753774996909,-0.5196503711962412,4.098700046539307,0.029127294367009945,0.03829089078036221,0.009163596413352272,4.018599987030029,3.9934000968933105,0.7420285038214129,-0.41396310354114174,4.079699993133545,0.028981815684925426,0.03767273642800071,0.008690920743075285,4.0,3.976099967956543,0.7058696076427016,-0.4892546655103507,4.065400123596191,0.028545466336337002,0.039090936834161934,0.010545470497824928,3.9869000911712646,3.957900047302246,0.5935365922128526,-0.6435511168073869,4.015500068664551,0.028581879355690697,0.04025459289550781,0.011672713539817116,3.9368999004364014,3.9047999382019043,0.5278138438484683,-0.7613434079440071,3.955899953842163,0.028399987654252487,0.039927222511985085,0.0115272348577326,3.8777999877929688,3.846100091934204,0.5588305389593278,-0.7083289553992742,3.914799928665161,0.028363574634898792,0.03934539448131214,0.010981819846413353,3.8368000984191895,3.8066000938415527,0.5703491246137542,-0.6892258967548339,3.8833999633789062,0.02858179265802557,0.039745417508212005,0.011163624850186434,3.804800033569336,3.7741000652313232,0.5474493924526108,-0.7305691252831892,3.843600034713745,0.02843640067360618,0.040109114213423294,0.011672713539817116,3.765399932861328,3.733299970626831,0.553118101764249,-0.7132141265688703,3.7883999347686768,0.028472726995294743,0.03930906815962358,0.010836341164328835,3.710099935531616,3.680299997329712,0.5496291886691876,-0.746195675809711,3.7263998985290527,0.02825450897216797,0.03727271340110085,0.009018204428932884,3.648699998855591,3.6238999366760254,0.5106499859723628,-0.8046179815600807,3.6796998977661133,0.02818176963112571,0.03654540668834339,0.008363637057217684,3.6022000312805176,3.579200029373169,0.46782680326431925,-0.8599458839845218,3.644700050354004,0.028290921991521664,0.036400014703924004,0.008109092712402344,3.5669000148773193,3.544600009918213,0.45915572242788094,-0.8643697821088305,3.6149001121520996,0.028509140014648438,0.036509167064319954,0.00800002704967152,3.5364999771118164,3.5144999027252197,0.4275849439976098,-0.920459546306486,3.585400104522705,0.028545466336337002,0.03683636405251243,0.008290897716175426,3.5069000720977783,3.484100103378296,0.4258180572203719,-0.9109620936550793,3.5536000728607178,0.028909076343883167,0.03734545274214311,0.008436376398259943,3.474100112915039,3.450900077819824,0.4307208927979462,-0.8997191693469153,3.5162999629974365,0.029381838711825283,0.03825456445867365,0.008872725746848366,3.435499906539917,3.411099910736084,0.45717533474187566,-0.8623578632162396,3.47189998626709,0.030109058726917614,0.04032724553888494,0.010218186811967329,3.3891000747680664,3.3610000610351562,0.46879196031905906,-0.8355444258311397,3.418800115585327,0.031636411493474785,0.04676368019797585,0.015127268704501066,3.3317999839782715,3.2901999950408936,0.48377595812072127,-0.8009177302228134,3.3578999042510986,0.03454537825150923,0.3120726672085849,0.2775272889570756,3.2629001140594482,2.4997000694274902,1.1936580292311292,-0.08755054397182604,3.307499885559082,0.03690901669588956,0.13749087940562854,0.2775272889570756,3.2060000896453857,2.9293999671936035,0.399490034829675,-0.7803519195427939
1C2C_4-3_180cyc,4.171899795532227,0.02858179265802557,0.04236360029740767,0.013781807639382103,4.093299865722656,4.0553998947143555,0.6611011882013085,-0.5520670215762267,4.097799777984619,0.028327248313210228,0.0374908447265625,0.009163596413352272,4.019899845123291,3.9946999549865723,0.7552672955264688,-0.39332777409097064,4.079400062561035,0.028218182650479404,0.037018169056285515,0.008799986405806108,4.001800060272217,3.97760009765625,0.7246509640910329,-0.449629693974543,4.0625,0.02785457264293324,0.03872724012895064,0.0108726674860174,3.9858999252319336,3.9560000896453857,0.6026644130916228,-0.6263110125494418,4.0106000900268555,0.028000051325017757,0.03981824354691939,0.011818192221901634,3.9335999488830566,3.901099920272827,0.5376478451194349,-0.7450323009578104,3.952199935913086,0.02770909396084872,0.03934539448131214,0.011636300520463423,3.875999927520752,3.8440001010894775,0.5716902185822006,-0.6845988184784924,3.9126999378204346,0.027854485945268112,0.038909045132723724,0.01105455918745561,3.8361001014709473,3.8057000637054443,0.5771299861308203,-0.680450589097997,3.88100004196167,0.027927311983975498,0.03927274183793501,0.011345429853959517,3.8041999340057373,3.7730000019073486,0.5529894666265882,-0.7174268837030642,3.8406999111175537,0.027818159623579544,0.03956361250443892,0.011745452880859375,3.76419997215271,3.7318999767303467,0.5617558102494352,-0.7015014526057781,3.78439998626709,0.02785457264293324,0.03861817446621982,0.010763601823286577,3.7077999114990234,3.6782000064849854,0.5468773271724787,-0.7486747083239433,3.7244999408721924,0.027563615278764206,0.03676362471147017,0.009200009432705965,3.648699998855591,3.6233999729156494,0.5152112971114535,-0.7933337026388547,3.6786999702453613,0.02763635461980646,0.036109057339754974,0.00847270271994851,3.6026999950408936,3.579400062561035,0.467447163426467,-0.8552910106804901,3.6440000534057617,0.02763635461980646,0.03581818667325107,0.008181832053444603,3.568000078201294,3.5455000400543213,0.45653505338534384,-0.8646251853443667,3.614300012588501,0.02774542028253729,0.03596366535533558,0.008218245072798296,3.5380001068115234,3.515399932861328,0.44854367935109335,-0.8784052137405238,3.5848000049591064,0.027963638305664062,0.036327275362881745,0.008363637057217684,3.5078999996185303,3.4848999977111816,0.42870405449284915,-0.9054427059228982,3.553100109100342,0.028254595669833096,0.03683636405251243,0.008581768382679333,3.475399971008301,3.4518001079559326,0.43719204772207,-0.8909525425879408,3.515899896621704,0.028727271340110085,0.03767264973033558,0.008945378390225496,3.4368999004364014,3.4123001098632812,0.45464685770949154,-0.8549990791049891,3.4718000888824463,0.0295273173939098,0.039854569868607956,0.010327252474698153,3.3905999660491943,3.3622000217437744,0.45880225529877466,-0.853363246017071,3.4191999435424805,0.031090909784490414,0.046254504810680046,0.01516359502618963,3.333699941635132,3.2920000553131104,0.4557113778177336,-0.851819313248309,3.359299898147583,0.0338181582364169,0.3125817558982156,0.27876359766179865,3.2662999629974365,2.4997000694274902,1.16743868434896,-0.14576223553482048,3.309799909591675,0.03676362471147017,0.13825451244007458,0.27876359766179865,3.208699941635132,2.9296000003814697,0.3490850088048679,-0.850398238834329
1C2C_4-1_210cyc,4.17140007019043,0.028545553034002132,0.043563669378107246,0.015018116344105114,4.092899799346924,4.051599979400635,0.7084200042679496,-0.4633537086916064,4.098299980163574,0.029309012673117897,0.03956361250443892,0.010254599831321022,4.0177001953125,3.989500045776367,0.8092023133756293,-0.2835310221877312,4.079599857330322,0.0289817289872603,0.038909045132723724,0.009927316145463423,3.9999001026153564,3.972599983215332,0.7921531966736481,-0.2978782005795346,4.064300060272217,0.028872750022194603,0.0407272685657848,0.011854518543590199,3.9848999977111816,3.9523000717163086,0.65278868183535,-0.5352453763174316,4.014200210571289,0.02869094501842152,0.04152731461958452,0.012836369601162996,3.93530011177063,3.9000000953674316,0.5986121613287777,-0.6454019474704964,3.9556000232696533,0.028509140014648438,0.04109087857333096,0.012581738558682528,3.87719988822937,3.842600107192993,0.6211269844840788,-0.6019501732621606,3.914599895477295,0.02858179265802557,0.04058178988370029,0.011999997225674715,3.8359999656677246,3.802999973297119,0.6351919454220208,-0.5809450630467343,3.881700038909912,0.028654531999067825,0.04069094224409624,0.01203641024502841,3.8029000759124756,3.7697999477386475,0.6257520472459591,-0.5967039611463649,3.8399999141693115,0.02850905331698331,0.04050905054265803,0.011999997225674715,3.7616000175476074,3.728600025177002,0.6163257992050807,-0.6126186182316098,3.788800001144409,0.02858179265802557,0.0397818305275657,0.011200037869540129,3.710200071334839,3.6793999671936035,0.5868506575976837,-0.68479093214127,3.7321999073028564,0.028218182650479404,0.03839995644309304,0.010181773792613636,3.654599905014038,3.6266000270843506,0.5620532284639304,-0.7006945764180745,3.684999942779541,0.02818176963112571,0.03759999708695845,0.00941822745583274,3.6075000762939453,3.5815999507904053,0.5190933417444,-0.7723478553603056,3.6491000652313232,0.028254595669833096,0.0373818657614968,0.009127270091663708,3.5713999271392822,3.546299934387207,0.5216426872832695,-0.7594898545179163,3.618799924850464,0.02843631397594105,0.03745451840487393,0.009018204428932884,3.540600061416626,3.5157999992370605,0.4946644468149977,-0.7980113203642518,3.58870005607605,0.028472726995294743,0.03767273642800071,0.009200009432705965,3.5104000568389893,3.485100030899048,0.4935567745291524,-0.7956485380880309,3.5562000274658203,0.028872750022194603,0.03840004314075817,0.009527293118563566,3.476799964904785,3.4505999088287354,0.49349702965271564,-0.7894365517326181,3.52020001411438,0.02923636002974077,0.039090936834161934,0.009854576804421165,3.4398000240325928,3.4126999378204346,0.5229996352680464,-0.7492700840300759,3.4765000343322754,0.03010914542458274,0.04116361791437322,0.011054472489790483,3.393699884414673,3.363300085067749,0.5153647933308793,-0.7706209748120072,3.427000045776367,0.031527259133078835,0.046436396512118255,0.014909137379039417,3.3403000831604004,3.299299955368042,0.4648209692787342,-0.8076982999435045,3.3685998916625977,0.03352720087224787,0.3159272454001687,0.28240004452792083,3.276400089263916,2.499799966812134,0.7367356755953923,-0.979332794289256,3.312999963760376,0.03774547576904297,0.11974542791193182,0.28240004452792083,3.209199905395508,2.9837000370025635,0.41855559197152103,-0.7535184345055952
1C2C_4-2_210cyc,4.174099922180176,0.03007264570756392,0.04447278109463779,0.014400135387073864,4.091400146484375,4.051799774169922,0.6775774277789788,-0.5314121900366731,4.098299980163574,0.0295273173939098,0.038872718811035156,0.009345401417125355,4.017099857330322,3.9914000034332275,0.7654496596339911,-0.3741409935267641,4.079599857330322,0.029236273332075638,0.03818173841996626,0.008945465087890625,3.9992001056671143,3.974600076675415,0.7288285479961994,-0.42841595380373354,4.065400123596191,0.028945489363236862,0.03967276486483487,0.010727275501598011,3.98580002784729,3.9563000202178955,0.5947848516763636,-0.6381706296922838,4.0157999992370605,0.028727271340110085,0.04054546356201172,0.011818192221901634,3.936800003051758,3.9042999744415283,0.5370391721966604,-0.7386143502079845,3.956399917602539,0.028654531999067825,0.04018176685680042,0.0115272348577326,3.8775999546051025,3.845900058746338,0.5438331927451049,-0.7355095962483329,3.915299892425537,0.02850905331698331,0.03959993882612749,0.011090885509144176,3.836899995803833,3.8064000606536865,0.5744782647619153,-0.6898200108597279,3.884000062942505,0.02861820567737926,0.040000048550692474,0.01138184287331321,3.805299997329712,3.7739999294281006,0.5636659053019645,-0.6975714813719223,3.8445000648498535,0.028654531999067825,0.04032733223655007,0.011672800237482244,3.765700101852417,3.733599901199341,0.5428910143260332,-0.7325910665249671,3.789900064468384,0.028654531999067825,0.03956369920210405,0.010909167203036222,3.7111001014709473,3.6810998916625977,0.5355941064582519,-0.7677809872083254,3.7284998893737793,0.028472726995294743,0.03770906274968928,0.009236335754394531,3.6501998901367188,3.624799966812134,0.5086120772910607,-0.807732045438327,3.6812000274658203,0.02836366133256392,0.03690910339355469,0.008545442060990767,3.6031999588012695,3.579699993133545,0.48015789293277494,-0.8238042145297717,3.6458001136779785,0.028472726995294743,0.03665455904873935,0.008181832053444603,3.567500114440918,3.5450000762939453,0.46053190472334465,-0.8637279646310767,3.6159000396728516,0.028654531999067825,0.03687277707186612,0.008218245072798296,3.537100076675415,3.5144999027252197,0.44212337722070966,-0.8834568777441927,3.586400032043457,0.028800010681152344,0.037199974060058594,0.00839996337890625,3.507200002670288,3.484100103378296,0.43877966773722504,-0.88759349792304,3.554800033569336,0.02923636002974077,0.03789095445112749,0.008654594421386719,3.474400043487549,3.4505999088287354,0.43555125216366447,-0.876578158793889,3.5181000232696533,0.029709122397682884,0.03872724012895064,0.009018117731267756,3.4363999366760254,3.411600112915039,0.4628057334909157,-0.8506560405035031,3.4739999771118164,0.03054540807550604,0.040945486588911575,0.01040007851340554,3.390000104904175,3.3613998889923096,0.4637555745151259,-0.8430216516985607,3.422100067138672,0.03196369517933239,0.04781818389892578,0.015854488719593395,3.334199905395508,3.290600061416626,0.5055952008335808,-0.7553336003111761,3.361799955368042,0.035199945623224434,0.3134908676147461,0.27829092199152167,3.265000104904175,2.4997000694274902,1.2106969156500502,-0.025757940760688047,3.311300039291382,0.03698184273459695,0.1433454860340465,0.27829092199152167,3.2095999717712402,2.917099952697754,0.4369251543355864,-0.7358651058832013
1C2C_4-3_210cyc,4.171199798583984,0.028872576626864346,0.04316364635120739,0.01429106972434304,4.091800212860107,4.052499771118164,0.693867579889897,-0.49713796225415763,4.097499847412109,0.028763510964133522,0.038036346435546875,0.009272835471413353,4.018400192260742,3.9928998947143555,0.7526711193099445,-0.3984468264814671,4.07919979095459,0.028327248313210228,0.03734536604447798,0.009018117731267756,4.001299858093262,3.9765000343322754,0.7509002375672047,-0.39363638208666485,4.0625,0.028181856328790836,0.03916367617520419,0.010981819846413353,3.984999895095825,3.9547998905181885,0.5956704023713422,-0.6395497405011894,4.010499954223633,0.027999964627352627,0.039963635531338776,0.01196367090398615,3.933500051498413,3.900599956512451,0.5468380213897285,-0.7247947617192718,3.952399969100952,0.027963638305664062,0.03956361250443892,0.011599974198774858,3.875499963760376,3.843600034713745,0.5580644114148663,-0.7124518941100217,3.9130001068115234,0.028000051325017757,0.039127349853515625,0.01112729852849787,3.8359999656677246,3.8053998947143555,0.5689134769385018,-0.7002471989006609,3.881500005722046,0.028072703968394886,0.0394545468417081,0.01138184287331321,3.80430006980896,3.7730000019073486,0.555032409775368,-0.7162707774706369,3.841099977493286,0.027999964627352627,0.039672678167169746,0.011672713539817116,3.7641000747680664,3.7320001125335693,0.552098659393887,-0.7328197595773522,3.7855000495910645,0.027963638305664062,0.0387999794699929,0.010836341164328835,3.7086000442504883,3.678800106048584,0.5438711560744394,-0.7475291756324798,3.726099967956543,0.02785457264293324,0.03709090839732777,0.009236335754394531,3.6494998931884766,3.6240999698638916,0.49415202243597595,-0.82092700938035,3.679800033569336,0.027672767639160156,0.036254536021839485,0.008581768382679333,3.6036999225616455,3.5801000595092773,0.4761227615927917,-0.8296089760018504,3.6447999477386475,0.02778183330189098,0.036109057339754974,0.00832722403786399,3.5683999061584473,3.5455000400543213,0.45777366782382345,-0.8593668445489282,3.6149001121520996,0.027927311983975498,0.03618188337846236,0.00825457139448686,3.538100004196167,3.515399932861328,0.439913840119259,-0.889737527143891,3.5855000019073486,0.028145443309437145,0.03654549338600852,0.008400050076571379,3.5081000328063965,3.484999895095825,0.4152608420482327,-0.9145736520763208,3.553800106048584,0.028509140014648438,0.037236387079412285,0.00872724706476385,3.475399971008301,3.4514000415802,0.4361451708130741,-0.8859678757325349,3.5171000957489014,0.028872750022194603,0.037963693792169746,0.009090943769975142,3.437700033187866,3.4126999378204346,0.46739091327255344,-0.8511491547234908,3.473299980163574,0.029636383056640625,0.04025450619784268,0.010618123141202059,3.3917999267578125,3.362600088119507,0.486217709854861,-0.8113624643856969,3.4217000007629395,0.03130912780761719,0.04716361652721058,0.015854488719593395,3.335599899291992,3.2920000553131104,0.4828732557280394,-0.7981860636542759,3.362499952316284,0.03403637625954368,0.31374541195956146,0.27970903570001776,3.268899917602539,2.4997000694274902,1.2081389065633015,-0.029601987101090632,3.312299966812134,0.03679995103315874,0.1448000127618963,0.27970903570001776,3.2111001014709473,2.914099931716919,0.3815603764313424,-0.8141371075853696
1C2C_4-1_240cyc,4.17080020904541,0.029091054742986507,0.04443636807528409,0.015345313332297585,4.090799808502197,4.048600196838379,0.7175525801294313,-0.4544368306941111,4.098199844360352,0.029672622680664062,0.039999961853027344,0.010327339172363281,4.016600131988525,3.9881999492645264,0.8113348710389582,-0.2885680745912622,4.079599857330322,0.02941816503351385,0.03938180750066584,0.009963642467151989,3.998699903488159,3.971299886703491,0.772976110063682,-0.33351415025083453,4.064499855041504,0.02909088134765625,0.040909073569557884,0.011818192221901634,3.984499931335449,3.9519999027252197,0.6393730288922369,-0.5568331438528262,4.014900207519531,0.029018228704279118,0.041927337646484375,0.012909108942205256,3.9351000785827637,3.899600028991699,0.5881522046115335,-0.6617864939850802,3.9565000534057617,0.028872750022194603,0.04156364094127308,0.01269089091907848,3.8770999908447266,3.8422000408172607,0.6161961774025579,-0.6079037099108433,3.915299892425537,0.028727271340110085,0.040836334228515625,0.01210906288840554,3.8362998962402344,3.802999973297119,0.6485352685912689,-0.5566084014784081,3.882200002670288,0.028727271340110085,0.040945486588911575,0.01221821524880149,3.8032000064849854,3.7695999145507812,0.6546014121887942,-0.5492263795350594,3.8410000801086426,0.028909163041548294,0.04080000790682706,0.011890844865278765,3.7614998817443848,3.728800058364868,0.6066522914953834,-0.6335313641954259,3.791100025177002,0.02869094501842152,0.040109114213423294,0.011418169195001776,3.7121999263763428,3.680799961090088,0.5976603726383111,-0.6481908688330678,3.735300064086914,0.028581879355690697,0.03880006616765803,0.010218186811967329,3.6566998958587646,3.6285998821258545,0.5469330158730943,-0.7465787569177795,3.6872000694274902,0.02843640067360618,0.03800002011385831,0.00956361944025213,3.6089999675750732,3.58270001411438,0.5280060587096911,-0.7614193629636032,3.6507999897003174,0.02843640067360618,0.03763632340864702,0.009199922735040838,3.5725998878479004,3.547300100326538,0.5152186284924217,-0.7728897475361003,3.6203999519348145,0.028654531999067825,0.03778180209073154,0.009127270091663708,3.541599988937378,3.5164999961853027,0.49956064664826577,-0.796238474796862,3.5901999473571777,0.028800010681152344,0.0381454120982777,0.009345401417125355,3.510999917984009,3.485300064086914,0.4995631010921304,-0.7812630668108813,3.5576000213623047,0.029054555025967686,0.03869091380726208,0.00963635878129439,3.4776999950408936,3.451200008392334,0.5083203048437401,-0.7720661719210855,3.5223000049591064,0.029636383056640625,0.03956361250443892,0.009927229447798296,3.4407999515533447,3.4135000705718994,0.5058827253323089,-0.7761192445155518,3.4793999195098877,0.03047266873446378,0.041636293584650215,0.011163624850186434,3.3956000804901123,3.3649001121520996,0.5228128814457457,-0.7593186780663022,3.430799961090088,0.03192728215997869,0.04705455086447976,0.015127268704501066,3.3429999351501465,3.3013999462127686,0.4880843429400297,-0.7285886366326748,3.3736000061035156,0.034399986267089844,0.31774546883322974,0.2833454825661399,3.2790000438690186,2.499799966812134,0.6800346557815328,-1.0491427830418312,3.3160998821258545,0.03752725774591619,0.11978175423362038,0.2833454825661399,3.212899923324585,2.9867000579833984,0.4557597943231779,-0.7013228718730771
1C2C_4-2_240cyc,4.173399925231934,0.030581734397194603,0.045381719415838066,0.014799985018643465,4.089300155639648,4.048600196838379,0.6896093178317257,-0.5098268283959917,4.098199844360352,0.029963580044833096,0.0394181338223544,0.009454553777521307,4.0157999992370605,3.989799976348877,0.7598566175512631,-0.3890653817321601,4.079699993133545,0.029454578052867542,0.03858184814453125,0.009127270091663708,3.998699903488159,3.973599910736084,0.7410727084822658,-0.40659768458269596,4.065700054168701,0.02923636002974077,0.03989089619029652,0.010654536160555754,3.985300064086914,3.9560000896453857,0.5775056453864776,-0.6765303256153277,4.016499996185303,0.028981815684925426,0.040945486588911575,0.01196367090398615,3.936800003051758,3.903899908065796,0.5359367379798069,-0.7378383355058231,3.9570999145507812,0.028800010681152344,0.04047272422096946,0.011672713539817116,3.8778998851776123,3.8457999229431152,0.557389800060982,-0.7153654241904692,3.916100025177002,0.02869094501842152,0.039854569868607956,0.011163624850186434,3.8371999263763428,3.80649995803833,0.5755028723960892,-0.6807486030644365,3.884999990463257,0.028836337002840908,0.04021817987615412,0.01138184287331321,3.8057000637054443,3.774399995803833,0.5577545062262779,-0.7103182133209907,3.8457000255584717,0.028872750022194603,0.04061820290305398,0.011745452880859375,3.7662999629974365,3.7339999675750732,0.5426857087321866,-0.7381279455539285,3.7916998863220215,0.028799923983487217,0.039854483170942825,0.01105455918745561,3.7125000953674316,3.6821000576019287,0.5435959779620329,-0.7503706541046373,3.730799913406372,0.028654531999067825,0.037963607094504616,0.00930907509543679,3.6519999504089355,3.6263999938964844,0.5048187801461855,-0.824440411010432,3.6828999519348145,0.028654531999067825,0.037163647738370026,0.008509115739302202,3.604099988937378,3.580699920654297,0.46373083121483116,-0.8681704749395385,3.647200107574463,0.02869094501842152,0.03694551641290838,0.00825457139448686,3.5683000087738037,3.545599937438965,0.44877001657577525,-0.8891724854401057,3.6171998977661133,0.028872663324529476,0.0371635610407049,0.008290897716175426,3.5378000736236572,3.515000104904175,0.43793151211487125,-0.8917957725657146,3.587599992752075,0.028981815684925426,0.03749093142422763,0.008509115739302202,3.5078999996185303,3.484499931335449,0.44476803321803693,-0.8749214155469072,3.5562000274658203,0.029454578052867542,0.03818182511763139,0.00872724706476385,3.4751999378204346,3.451200008392334,0.43961738355033875,-0.8951819040943243,3.5201001167297363,0.029927340420809658,0.039127349853515625,0.009200009432705965,3.4377999305725098,3.4124999046325684,0.4710012487012914,-0.8425157194737505,3.476599931716919,0.030799952420321377,0.04152722792191939,0.010727275501598011,3.391900062561035,3.3624000549316406,0.48966556924479265,-0.7985760078116892,3.4256999492645264,0.032327218489213425,0.04865455627441406,0.016327337785200638,3.3368000984191895,3.2918999195098877,0.522348678070304,-0.7207723204366574,3.3661999702453613,0.03509087996049361,0.3150908730246804,0.27999999306418677,3.269700050354004,2.4997000694274902,1.1871268120666174,-0.06941370801635616,3.3148999214172363,0.03774538907137784,0.14730904319069602,0.27999999306418677,3.2111001014709473,2.9098000526428223,0.46056600495356387,-0.711406866746795
1C2C_4-3_240cyc,4.170599937438965,0.029345425692471592,0.0439636924050071,0.014618266712535511,4.089900016784668,4.049699783325195,0.7009863391551269,-0.49141934767357975,4.097400188446045,0.029018228704279118,0.03843645616011186,0.00941822745583274,4.017600059509277,3.9916999340057373,0.7695529577408396,-0.3748851701112992,4.07919979095459,0.028690858320756393,0.03767264973033558,0.008981791409579191,4.00029993057251,3.975600004196167,0.732397514638155,-0.4262093440295396,4.062600135803223,0.028290921991521664,0.039309154857288704,0.011018232865767046,3.984800100326538,3.9544999599456787,0.5991964329393434,-0.6363443132814206,4.010700225830078,0.028109203685413708,0.040291005914861504,0.012181802229447798,3.9333999156951904,3.899899959564209,0.5592432116250203,-0.6918804736827511,3.952699899673462,0.028036290949041195,0.039781743829900566,0.011745452880859375,3.8756000995635986,3.8433001041412354,0.5692720746353984,-0.6875190208443489,3.9133999347686768,0.027999964627352627,0.03916358947753906,0.011163624850186434,3.836400032043457,3.8057000637054443,0.5802356219583354,-0.6771397860813475,3.881999969482422,0.02818176963112571,0.03963635184548118,0.011454582214355469,3.804500102996826,3.7730000019073486,0.5615229646743436,-0.7112657587019999,3.841599941253662,0.028327248313210228,0.039963635531338776,0.011636387218128551,3.763700008392334,3.7316999435424805,0.5369420589131022,-0.7560036642893317,3.786799907684326,0.02810903029008345,0.03898178447376598,0.010872754183682528,3.7095000743865967,3.6796000003814697,0.543357741959028,-0.7597741311253121,3.727799892425537,0.027999964627352627,0.03730903972278942,0.00930907509543679,3.6507999897003174,3.625200033187866,0.49938206334352797,-0.8309092906733411,3.680999994277954,0.027890898964621803,0.03654549338600852,0.008654594421386719,3.604300022125244,3.5804998874664307,0.47050396094749264,-0.850855284781999,3.645699977874756,0.027999964627352627,0.036327275362881745,0.00832731073552912,3.568700075149536,3.545799970626831,0.4462935609241728,-0.8787352035233145,3.6159000396728516,0.02810911698774858,0.03650908036665483,0.00839996337890625,3.538599967956543,3.515500068664551,0.4466956195159168,-0.8691756596197298,3.5862998962402344,0.028327248313210228,0.03679995103315874,0.00847270271994851,3.5083999633789062,3.485100030899048,0.43114255278723923,-0.9027371771224382,3.554500102996826,0.02861820567737926,0.03745460510253906,0.008836399425159801,3.475800037384033,3.4514999389648438,0.4487448926522171,-0.8641889678961592,3.518399953842163,0.02923636002974077,0.03839995644309304,0.009163596413352272,3.437999963760376,3.4128000736236572,0.4563980413290222,-0.8624150829266255,3.4749999046325684,0.030036319385875355,0.04080000790682706,0.010763688520951704,3.392400026321411,3.362799882888794,0.4852829070371364,-0.8145850782393147,3.4242000579833984,0.031599998474121094,0.04814546758478338,0.01654546911066229,3.3373000621795654,3.291800022125244,0.5166031280607691,-0.7398999003628473,3.3657000064849854,0.03469094363125888,0.3149090680209073,0.28021812438964844,3.2702999114990234,2.4997000694274902,1.2422866855574675,0.0712243864870854,3.31469988822937,0.03690901669588956,0.14898178794167258,0.28021812438964844,3.213200092315674,2.9049999713897705,0.4109068135886255,-0.7806562654025027
1C2C_4-1_270cyc,4.169899940490723,0.029345425692471592,0.04512717507102273,0.015781749378551136,4.089200019836426,4.04580020904541,0.7412521528532051,-0.4114834945926016,4.098100185394287,0.029927340420809658,0.04043639789928089,0.010509057478471235,4.0157999992370605,3.9869000911712646,0.830542971012116,-0.2448861319853859,4.079500198364258,0.02967279607599432,0.03970917788418857,0.010036381808194246,3.9979000091552734,3.9702999591827393,0.7906053208151904,-0.32588295093263175,4.064499855041504,0.029199947010387074,0.04119994423606179,0.011999997225674715,3.9842000007629395,3.951200008392334,0.6616627438433789,-0.522628842613579,4.014999866485596,0.029236273332075638,0.04225453463467685,0.013018261302601208,3.9346001148223877,3.8987998962402344,0.5950802304498523,-0.6434495315756612,3.9567999839782715,0.028981815684925426,0.041745445945046165,0.012763630260120739,3.8770999908447266,3.8420000076293945,0.6260732403735668,-0.5994214757728895,3.9154000282287598,0.028872750022194603,0.041018225929953835,0.012145475907759233,3.8359999656677246,3.8025999069213867,0.6503843552141709,-0.556219178870109,3.882200002670288,0.028981815684925426,0.04098181291060014,0.011999997225674715,3.802500009536743,3.7695000171661377,0.6313048724079438,-0.5983022298658356,3.8413000106811523,0.028836337002840908,0.040872747247869316,0.01203641024502841,3.76200008392334,3.7288999557495117,0.6254644411218715,-0.5941244741147176,3.79259991645813,0.02876359766179865,0.04025450619784268,0.011490908536044035,3.7135000228881836,3.6819000244140625,0.6011818974005056,-0.6427348271627547,3.737600088119507,0.02876368435946378,0.03927274183793501,0.010509057478471235,3.6584999561309814,3.6296000480651855,0.5601521497335142,-0.7147408818684151,3.6886000633239746,0.028581879355690697,0.03825456445867365,0.009672685102982954,3.609999895095825,3.583400011062622,0.5284634616198932,-0.7664526863651897,3.651900053024292,0.028654531999067825,0.03792728077281605,0.009272748773748224,3.5731000900268555,3.547600030899048,0.5204378271165293,-0.7674116982588037,3.621299982070923,0.02876359766179865,0.038072759454900566,0.009309161793101917,3.5422000885009766,3.5165998935699463,0.5115105122161699,-0.7745639654697247,3.5910000801086426,0.029018228704279118,0.03840004314075817,0.009381814436479048,3.511199951171875,3.4853999614715576,0.496447416082956,-0.8001178452533688,3.5583999156951904,0.029381752014160156,0.0390908501364968,0.009709098122336647,3.47760009765625,3.450900077819824,0.4939880204919912,-0.7997878145393758,3.523400068283081,0.029927340420809658,0.040000048550692474,0.010072708129882812,3.4410998821258545,3.4133999347686768,0.5108672743124943,-0.7761000210275713,3.481300115585327,0.03083636543967507,0.04225462133234197,0.011418255892666903,3.3965001106262207,3.3650999069213867,0.5221914684787939,-0.7525615421411311,3.433300018310547,0.03218182650479404,0.04774544455788352,0.015563618053089489,3.3447999954223633,3.302000045776367,0.5124814908531047,-0.6951207622321336,3.3773000240325928,0.03400004993785511,0.3190909298983487,0.2850908799604936,3.283799886703491,2.499799966812134,0.641986998085872,-1.0877982461651858,3.3183000087738037,0.03650908036665483,0.12065453962846236,0.2850908799604936,3.217900037765503,2.9865000247955322,0.5064186911847836,-0.6181616594458967
1C2C_4-2_270cyc,4.172800064086914,0.0308364521373402,0.046363657171075996,0.015527205033735796,4.0879998207092285,4.045300006866455,0.7398881013360287,-0.4091078292210155,4.098100185394287,0.030254537409002132,0.04007278789173473,0.0098182504827326,4.014900207519531,3.9879000186920166,0.8093055900862457,-0.29740424764601237,4.079599857330322,0.029854514382102272,0.039054523814808235,0.009200009432705965,3.997499942779541,3.9721999168395996,0.7508607695644048,-0.3982679725822509,4.065899848937988,0.029454491355202415,0.04032724553888494,0.010872754183682528,3.9848999977111816,3.9549999237060547,0.6011254884315191,-0.6369168884511676,4.017000198364258,0.02927277304909446,0.04130918329412287,0.01203641024502841,3.936500072479248,3.90339994430542,0.5392760446447094,-0.7376866351105296,3.9577999114990234,0.029054555025967686,0.040763594887473366,0.011709039861505682,3.8778998851776123,3.8457000255584717,0.553398948546509,-0.7207651567030955,3.9166998863220215,0.02894540266557173,0.04018176685680042,0.011236364191228693,3.837100028991699,3.8062000274658203,0.5786858526324907,-0.6792234244934012,3.8856000900268555,0.029054555025967686,0.04047272422096946,0.011418169195001776,3.8057000637054443,3.7743000984191895,0.5540145908238628,-0.7136847937225914,3.846400022506714,0.028981815684925426,0.040763681585138496,0.011781865900213068,3.766700029373169,3.734299898147583,0.5544825579205582,-0.7161320012970154,3.7929999828338623,0.028945489363236862,0.039999961853027344,0.011054472489790483,3.713399887084961,3.683000087738037,0.5440146577327227,-0.7530889908892866,3.7327001094818115,0.028872750022194603,0.03843636946244673,0.00956361944025213,3.6533000469207764,3.627000093460083,0.5119129492602243,-0.8034436394614342,3.684299945831299,0.028872750022194603,0.03749093142422763,0.008618181402033026,3.6048998832702637,3.581199884414673,0.4709316149139291,-0.860033216717992,3.648200035095215,0.028909076343883167,0.037309126420454544,0.008400050076571379,3.568700075149536,3.545599937438965,0.45246061574084984,-0.8778899137222855,3.618000030517578,0.029018228704279118,0.03741819208318537,0.00839996337890625,3.5381999015808105,3.5151000022888184,0.44888820519657857,-0.8786170493469192,3.588599920272827,0.029345425692471592,0.03792728077281605,0.00858185508034446,3.5078999996185303,3.484299898147583,0.4323809460876272,-0.8911700105251752,3.5571000576019287,0.02967270937832919,0.03858184814453125,0.008909138766202059,3.4755001068115234,3.4509999752044678,0.4455629254066702,-0.8789015491096395,3.5213000774383545,0.030290950428355824,0.03970909118652344,0.009418140758167614,3.437999963760376,3.412100076675415,0.47948664470549784,-0.8286360639255541,3.4781999588012695,0.03105449676513672,0.04218179529363459,0.01112729852849787,3.3928000926971436,3.3622000217437744,0.5275024002356578,-0.7331867336972238,3.427999973297119,0.03279998085715554,0.04981821233575994,0.017018231478604404,3.3378000259399414,3.2909998893737793,0.540929097988117,-0.6822055743992155,3.36929988861084,0.035199945623224434,0.3162181160666726,0.2810181704434482,3.2725000381469727,2.4997000694274902,1.199168104697005,-0.0271303758094521,3.316999912261963,0.038109085776589134,0.15109088204123758,0.2810181704434482,3.2121999263763428,2.9014999866485596,0.48683207974297765,-0.6795383454876744
1C2C_4-3_270cyc,4.1697998046875,0.02956355701793324,0.04476356506347656,0.015200008045543324,4.088500022888184,4.0467000007629395,0.7395009167501381,-0.4155169202487521,4.097099781036377,0.029309012673117897,0.038909045132723724,0.009600032459605824,4.016499996185303,3.9900999069213867,0.7832580543954915,-0.3435713236256821,4.078999996185303,0.028872750022194603,0.038072759454900566,0.009200009432705965,3.9995999336242676,3.974299907684326,0.7567843064895147,-0.37635932358065993,4.062699794769287,0.028545379638671875,0.039672678167169746,0.01112729852849787,3.9842000007629395,3.9535999298095703,0.6005043373469543,-0.6246110372442053,4.010900020599365,0.028399987654252487,0.04058178988370029,0.012181802229447798,3.932800054550171,3.8993000984191895,0.5472174800772075,-0.7241562640906944,3.953000068664551,0.028290921991521664,0.040000048550692474,0.011709126559170809,3.875200033187866,3.8429999351501465,0.5699857210531628,-0.7014775987765072,3.9137001037597656,0.028218182650479404,0.03949095986106179,0.011272777210582386,3.8361001014709473,3.8050999641418457,0.5846985910151611,-0.6686253403579538,3.8824000358581543,0.028290921991521664,0.039818156849254265,0.0115272348577326,3.8046000003814697,3.772900104522705,0.5657186810079279,-0.703770362151519,3.842099905014038,0.028290835293856533,0.04003628817471591,0.011745452880859375,3.7643001079559326,3.7320001125335693,0.5585081875779674,-0.7154155198545178,3.7880001068115234,0.028254595669833096,0.03916367617520419,0.010909080505371094,3.7102999687194824,3.680299997329712,0.5485759424887309,-0.7474856449996952,3.729300022125244,0.028181856328790836,0.03759999708695845,0.009418140758167614,3.6517999172210693,3.6259000301361084,0.49420870891381585,-0.839106951832433,3.6821000576019287,0.028072790666060013,0.03680003773082386,0.00872724706476385,3.6048998832702637,3.580899953842163,0.4718614966296888,-0.8562769454178731,3.6466000080108643,0.028145443309437145,0.03658181970769709,0.008436376398259943,3.569200038909912,3.5460000038146973,0.45778608922974084,-0.864195221949982,3.6166999340057373,0.028327248313210228,0.03679995103315874,0.00847270271994851,3.538800001144409,3.515500068664551,0.4474298739256711,-0.8746571166453099,3.5869998931884766,0.02843631397594105,0.037054495377974075,0.008618181402033026,3.5088000297546387,3.485100030899048,0.4508563808698788,-0.8744548764420159,3.555299997329712,0.028981815684925426,0.037854541431773796,0.008872725746848366,3.475600004196167,3.451200008392334,0.4457684381405417,-0.8829786351020239,3.5195999145507812,0.029563643715598366,0.038909045132723724,0.009345401417125355,3.4382998943328857,3.412600040435791,0.46377408330958014,-0.8611529304796655,3.476799964904785,0.03043634241277521,0.04145457527854226,0.011018232865767046,3.3931000232696533,3.362799882888794,0.4892945434890485,-0.8053342644759209,3.4265999794006348,0.031890869140625,0.04894542694091797,0.01705455780029297,3.338900089263916,3.2920000553131104,0.5331611656864825,-0.7108074387787586,3.36899995803833,0.03476359627463601,0.31610905040394177,0.2813454541293057,3.273400068283081,2.4997000694274902,1.2437787748766522,0.08912666259455815,3.3171000480651855,0.03745460510253906,0.15287277915261008,0.2813454541293057,3.214099884033203,2.896699905395508,0.4339983324337298,-0.7554137583576366
1C2C_4-1_330cyc,4.169300079345703,0.030181884765625,0.04669085415926846,0.016508969393643467,4.086299896240234,4.040900230407715,0.7673901977519862,-0.37142588128098186,4.097899913787842,0.03065456043590199,0.04152722792191939,0.0108726674860174,4.013599872589111,3.9837000370025635,0.8446906535874865,-0.22876618159657758,4.079500198364258,0.030181884765625,0.04065461592240767,0.010472731156782671,3.996500015258789,3.9677000045776367,0.8124985689896165,-0.26826762981263075,4.064899921417236,0.029636296358975498,0.041927250948819245,0.01229095458984375,3.9834001064300537,3.9495999813079834,0.6852867090524586,-0.4825728068345789,4.016200065612793,0.029381838711825283,0.042763623324307526,0.013381784612482244,3.9354000091552734,3.8986001014709473,0.6219693680091772,-0.5936184842816088,3.9581000804901123,0.029309099370783024,0.04225453463467685,0.012945435263893822,3.877500057220459,3.841900110244751,0.6237811947669207,-0.5926379484426367,3.9161999225616455,0.02916362068869851,0.04145448858087713,0.012290867892178621,3.8359999656677246,3.8022000789642334,0.6626109186885958,-0.5408287750235625,3.882999897003174,0.02916362068869851,0.04134542291814631,0.012181802229447798,3.802799940109253,3.7692999839782715,0.6560199784304372,-0.5437987929846813,3.8429999351501465,0.029345425692471592,0.04134542291814631,0.011999997225674715,3.7623000144958496,3.729300022125244,0.6236556430916383,-0.6070404240378999,3.795799970626831,0.02923636002974077,0.040763594887473366,0.0115272348577326,3.715399980545044,3.6837000846862793,0.5970009287984183,-0.6591359136513137,3.742500066757202,0.029018228704279118,0.039854569868607956,0.010836341164328835,3.6626999378204346,3.6328999996185303,0.5747046647186473,-0.6894915740454692,3.6923000812530518,0.028909163041548294,0.03890913183038885,0.009999968788840553,3.612799882888794,3.5852999687194824,0.5394991968909988,-0.7417349007067315,3.654599905014038,0.029054468328302555,0.03858176144686612,0.009527293118563566,3.574700117111206,3.5485000610351562,0.5140882851619193,-0.7844840280252514,3.623500108718872,0.0292000337080522,0.03869091380726208,0.009490880099209871,3.5432000160217285,3.5171000957489014,0.5166790116417669,-0.7711956309935379,3.593100070953369,0.0295273173939098,0.039127263155850495,0.009599945761940697,3.511899948120117,3.4855000972747803,0.49756121341976733,-0.8062665402166633,3.560499906539917,0.029890840703790836,0.039818156849254265,0.009927316145463423,3.478300094604492,3.4509999752044678,0.49996464705079585,-0.7955539226877444,3.5260000228881836,0.030545494773171165,0.040945486588911575,0.010399991815740412,3.441999912261963,3.4133999347686768,0.5141998345838485,-0.7769338332255322,3.4853999614715576,0.031381780450994316,0.04334545135498047,0.01196367090398615,3.3991000652313232,3.3661999702453613,0.552214531735037,-0.699955674539213,3.438199996948242,0.03269091519442471,0.049272710626775566,0.016581795432350853,3.348299980163574,3.3027000427246094,0.5689003068658262,-0.5862072002181455,3.384200096130371,0.034400072964754974,0.32160004702481354,0.2871999740600586,3.289599895477295,2.499799966812134,0.5776786436553334,-1.1483292258504667,3.323199987411499,0.03832730379971591,0.12229087136008522,0.2871999740600586,3.2177999019622803,2.9869000911712646,0.5223323653440495,-0.6111018560977692
1C2C_4-2_330cyc,4.171599864959717,0.031563672152432526,0.048400011929598724,0.016836339777166195,4.084799766540527,4.03849983215332,0.8187517734141038,-0.23753313106778062,4.097700119018555,0.03130912780761719,0.04145457527854226,0.010145447470925072,4.011600017547607,3.9837000370025635,0.8042984435742772,-0.30309310854064764,4.079500198364258,0.030545494773171165,0.040109200911088425,0.00956370613791726,3.995500087738037,3.9691998958587646,0.7828609863140903,-0.3330755280136488,4.065999984741211,0.03007273240522905,0.04123635725541548,0.011163624850186434,3.983299970626831,3.9526000022888184,0.6019144232892788,-0.6300741636972012,4.017499923706055,0.029709035700017757,0.041999990289861504,0.01229095458984375,3.935800075531006,3.9019999504089355,0.5534077802419122,-0.7160569825805521,3.9586000442504883,0.029490904374556107,0.04145457527854226,0.01196367090398615,3.877500057220459,3.844599962234497,0.5633372232670243,-0.7039051968177974,3.9173998832702637,0.029345425692471592,0.0407272685657848,0.01138184287331321,3.836699962615967,3.8053998947143555,0.5922993128683982,-0.6631728679442701,3.8864998817443848,0.029527230696244675,0.04112720489501953,0.011599974198774858,3.805299997329712,3.773400068283081,0.5712257518625447,-0.6983730760803128,3.8471999168395996,0.029527230696244675,0.04134542291814631,0.011818192221901634,3.7660000324249268,3.7335000038146973,0.5467644936450498,-0.7361217653232548,3.794800043106079,0.02941816503351385,0.040654529224742546,0.011236364191228693,3.713900089263916,3.683000087738037,0.5442783262300851,-0.7489291547051251,3.735599994659424,0.029345425692471592,0.039127263155850495,0.009781837463378906,3.654900074005127,3.628000020980835,0.4970940651209707,-0.8272766891570047,3.686300039291382,0.02923636002974077,0.03818182511763139,0.008945465087890625,3.6059000492095947,3.5813000202178955,0.480366768735245,-0.8387779175028038,3.6496999263763428,0.02941816503351385,0.037963607094504616,0.008545442060990767,3.5687999725341797,3.545300006866455,0.4622967724883036,-0.8686619260067081,3.6194000244140625,0.029563643715598366,0.038218151439319954,0.00865450772372159,3.538100004196167,3.5143001079559326,0.454974591783356,-0.8667454416277534,3.5897998809814453,0.029854514382102272,0.03869082710959695,0.008836312727494673,3.507699966430664,3.4834001064300537,0.45214369618157857,-0.8768679506351935,3.558300018310547,0.030290950428355824,0.03952728618275036,0.009236335754394531,3.4749999046325684,3.4495999813079834,0.4577627255311989,-0.856132681249103,3.5230000019073486,0.031018170443448154,0.040836334228515625,0.009818163785067472,3.437700033187866,3.4107000827789307,0.4915862761027051,-0.8029219782577663,3.480600118637085,0.03203643452037464,0.04378188740123402,0.011745452880859375,3.3924999237060547,3.3601999282836914,0.534333760543907,-0.7204746882529296,3.431299924850464,0.03359994021329013,0.05236356908624822,0.018763628872958096,3.338900089263916,3.2873001098632812,0.5969711014534249,-0.5802855069041213,3.3738999366760254,0.03581818667325107,0.31789086081764917,0.2820726741443981,3.275399923324585,2.4997000694274902,1.2731045946908377,0.1917153578950641,3.319700002670288,0.03861817446621982,0.15847275473854758,0.2820726741443981,3.2135000228881836,2.8838999271392822,0.5294643851439083,-0.6196461864328286
1C2C_4-3_330cyc,4.168700218200684,0.03036377646706321,0.046472722833806816,0.016108946366743607,4.08519983291626,4.040900230407715,0.7760344207225837,-0.3409522162393137,4.09689998626709,0.029963580044833096,0.0400727011940696,0.010109121149236506,4.014500141143799,3.9867000579833984,0.8260329617561516,-0.253772315933555,4.079100131988525,0.029563643715598366,0.03898187117143111,0.00941822745583274,3.99780011177063,3.97189998626709,0.7498584431949852,-0.39795166258865766,4.06279993057251,0.02916362068869851,0.0403999848799272,0.011236364191228693,3.982599973678589,3.95169997215271,0.5864895093031964,-0.6682230622910903,4.011300086975098,0.02883642370050604,0.04116370461203835,0.012327280911532316,3.931999921798706,3.898099899291992,0.5542922368027915,-0.7161779837793141,3.9535999298095703,0.028618118979714134,0.04054546356201172,0.011927344582297585,3.8749001026153564,3.842099905014038,0.5784493534421632,-0.674792071563151,3.9144999980926514,0.028545466336337002,0.039963635531338776,0.011418169195001776,3.8359999656677246,3.8046000003814697,0.5957658991867104,-0.6481712043332948,3.8833000659942627,0.02869094501842152,0.04032733223655007,0.011636387218128551,3.8043999671936035,3.77239990234375,0.5721634585623512,-0.681447683177284,3.842900037765503,0.02869094501842152,0.04054546356201172,0.011854518543590199,3.7639999389648438,3.7314000129699707,0.5581319880770129,-0.7147077944486995,3.789900064468384,0.028654531999067825,0.03970909118652344,0.01105455918745561,3.7111001014709473,3.6807000637054443,0.5420996784979565,-0.7547237304382972,3.7321999073028564,0.02850905331698331,0.03825447776100852,0.009745424444025213,3.6538000106811523,3.627000093460083,0.5007426848522154,-0.8204250934834345,3.684299945831299,0.02850905331698331,0.03745451840487393,0.008945465087890625,3.6059000492095947,3.5813000202178955,0.47042263166938575,-0.8498711649960531,3.648099899291992,0.028545379638671875,0.0371635610407049,0.008618181402033026,3.5696001052856445,3.5459001064300537,0.47285560159907875,-0.8566258915546503,3.6178998947143555,0.028836337002840908,0.03738177906383167,0.008545442060990767,3.538599967956543,3.5151000022888184,0.4490302980486579,-0.8864154832285727,3.588399887084961,0.028981815684925426,0.037854541431773796,0.008872725746848366,3.508699893951416,3.484299898147583,0.44894089777942736,-0.8703616358337443,3.5566999912261963,0.02941816503351385,0.03861817446621982,0.009200009432705965,3.475800037384033,3.450500011444092,0.46313673780532155,-0.8495050203931389,3.521399974822998,0.03007273240522905,0.03989089619029652,0.009818163785067472,3.438699960708618,3.4117000102996826,0.49523797518878243,-0.8042926694532442,3.4795000553131104,0.031127322803844105,0.042763623324307526,0.011636300520463423,3.393899917602539,3.3619000911712646,0.5249427148343508,-0.7487976940635663,3.430299997329712,0.03294545953924006,0.051199999722567474,0.018254540183327415,3.3396999835968018,3.2894999980926514,0.5487794586633339,-0.6770118712831872,3.3742001056671143,0.0348000092939897,0.3180000131780451,0.2832000038840554,3.2785000801086426,2.4997000694274902,1.2618545220462611,0.16207878654783725,3.3208999633789062,0.037199974060058594,0.15992728146639737,0.2832000038840554,3.218600034713745,2.8810999393463135,0.4898008367874803,-0.676247642667692
1C2C_4-1_60cyc,4.1768999099731445,0.027490962635387074,0.040109114213423294,0.012618151578036222,4.10129976272583,4.0665998458862305,0.6137113547232845,-0.6138423183085346,4.100900173187256,0.02829100868918679,0.0373818657614968,0.009090857072310015,4.023099899291992,3.9981000423431396,0.7346990965184523,-0.4109605351692607,4.080699920654297,0.02818176963112571,0.037127234719016335,0.008945465087890625,4.003200054168701,3.978600025177002,0.7206291438325552,-0.4373024462282138,4.063899993896484,0.028072703968394886,0.038945458152077415,0.010872754183682528,3.9867000579833984,3.9567999839782715,0.6141063925717529,-0.6054730311269636,4.01200008392334,0.02803637764670632,0.040145527232776985,0.012109149586070667,3.9349000453948975,3.901599884033203,0.581149182167807,-0.6540326001075623,3.952699899673462,0.028072703968394886,0.03989089619029652,0.011818192221901634,3.875499963760376,3.8429999351501465,0.594662945570079,-0.6385077301335857,3.911600112915039,0.02810911698774858,0.03952728618275036,0.011418169195001776,3.8343000411987305,3.8029000759124756,0.6080125159776685,-0.6115184526357891,3.8785998821258545,0.02810903029008345,0.039854483170942825,0.011745452880859375,3.801300048828125,3.7690000534057617,0.6118510784393512,-0.6110497983185055,3.836400032043457,0.028218182650479404,0.0400727011940696,0.011854518543590199,3.7588000297546387,3.7262001037597656,0.5876717114925524,-0.6594252874305484,3.7743000984191895,0.028072790666060013,0.03818182511763139,0.010109034451571379,3.6970999240875244,3.669300079345703,0.586192291668868,-0.6817355109525929,3.7179999351501465,0.027890898964621803,0.03679995103315874,0.008909052068536932,3.6412999629974365,3.61680006980896,0.5278180895053952,-0.7589821912376502,3.6744000911712646,0.02785457264293324,0.03636368838223544,0.008509115739302202,3.5978000164031982,3.574399948120117,0.5005171507996996,-0.794540576225613,3.6407999992370605,0.027818159623579544,0.036145470359108665,0.00832731073552912,3.564300060272217,3.5413999557495117,0.4944637707408201,-0.8050849300845688,3.6115000247955322,0.02785457264293324,0.03618179668079723,0.00832722403786399,3.534899950027466,3.51200008392334,0.46934396830213826,-0.8195552375753921,3.5820000171661377,0.02803637764670632,0.03643634102561257,0.00839996337890625,3.5048999786376953,3.481800079345703,0.4753927605772853,-0.8156377712310707,3.5490000247955322,0.028254595669833096,0.03683636405251243,0.008581768382679333,3.471299886703491,3.447700023651123,0.4662546982966477,-0.8250159599558913,3.5067999362945557,0.028618118979714134,0.03738177906383167,0.008763660084117542,3.428100109100342,3.4040000438690186,0.47697765828987676,-0.8212027925764676,3.4614999294281006,0.029127207669344814,0.039054523814808235,0.009927316145463423,3.3814001083374023,3.354099988937378,0.4704372796650545,-0.8246189329959717,3.4030001163482666,0.029818188060413708,0.04305458068847656,0.013236392628062855,3.321000099182129,3.284600019454956,0.4329149935238238,-0.8895725275927036,3.3447999954223633,0.032254565845836296,0.3072727376764471,0.2750181718306108,3.2560999393463135,2.499799966812134,0.8132077939299586,-0.9515311856762576,3.2481000423431396,0.03585459969260476,0.10541820526123047,0.2750181718306108,3.1494998931884766,2.958199977874756,0.27203361976355983,-0.9135873780774206
1C2C_4-2_60cyc,4.179500102996826,0.028218182650479404,0.04025459289550781,0.01203641024502841,4.101900100708008,4.06879997253418,0.5987565220597653,-0.6503040615612181,4.100800037384033,0.028072703968394886,0.036400014703924004,0.00832731073552912,4.023600101470947,4.000699996948242,0.6757038303777092,-0.5389828930134382,4.080900192260742,0.02785457264293324,0.03618188337846236,0.00832731073552912,4.004300117492676,3.9814000129699707,0.711516186942727,-0.4437828866890765,4.065299987792969,0.027818159623579544,0.03778180209073154,0.009963642467151989,3.988800048828125,3.961400032043457,0.5702257162570672,-0.6848568543362727,4.014500141143799,0.027672767639160156,0.039018197493119675,0.011345429853959517,3.9384000301361084,3.9072000980377197,0.5567233728163574,-0.6893777445387705,3.954400062561035,0.02778183330189098,0.038872718811035156,0.011090885509144176,3.878000020980835,3.8475000858306885,0.5614284010703303,-0.6960140242796569,3.9130001068115234,0.027745506980202415,0.03843636946244673,0.010690862482244318,3.836699962615967,3.807300090789795,0.5736613353822883,-0.6787802105425729,3.8803000450134277,0.02785457264293324,0.03883639248934659,0.010981819846413353,3.8036999702453613,3.7734999656677246,0.5572298753545638,-0.6999793843685147,3.840399980545044,0.027927225286310368,0.03930906815962358,0.01138184287331321,3.7636001110076904,3.732300043106079,0.548162188964574,-0.7188502995632904,3.7813000679016113,0.027890898964621803,0.03825456445867365,0.010363665494051847,3.7046000957489014,3.676100015640259,0.562172143902081,-0.7229756363188935,3.7191998958587646,0.027563615278764206,0.03599999167702415,0.008436376398259943,3.643399953842163,3.6201999187469482,0.520121446219636,-0.7797977993079117,3.674799919128418,0.02774542028253729,0.03563629497181286,0.007890874689275568,3.5985000133514404,3.5768001079559326,0.47586476439205355,-0.8401876798713634,3.6407999992370605,0.02770909396084872,0.035418163646351204,0.007709069685502486,3.5645999908447266,3.5434000492095947,0.4665282618646327,-0.851467733315495,3.6115000247955322,0.02778183330189098,0.03552731600674716,0.007745482704856179,3.535099983215332,3.5137999057769775,0.44690915578893115,-0.8647223854691424,3.5822999477386475,0.027890898964621803,0.03574544733220881,0.007854548367587004,3.5055999755859375,3.4839999675750732,0.4387969034695994,-0.8744874543742323,3.550299882888794,0.02818176963112571,0.03618179668079723,0.00800002704967152,3.4728000164031982,3.4507999420166016,0.4241540694590343,-0.8952600718914492,3.5085999965667725,0.02850905331698331,0.03669088537042791,0.008181832053444603,3.4302000999450684,3.4077000617980957,0.4405207971153696,-0.8709209642053546,3.463599920272827,0.028981815684925426,0.03825447776100852,0.009272662076083097,3.3838999271392822,3.3584001064300537,0.4491041032324529,-0.862281699722943,3.4040000438690186,0.03007273240522905,0.042727297002618965,0.012654564597389915,3.3213000297546387,3.2864999771118164,0.432173359708794,-0.8939701644817757,3.344899892807007,0.03305452520197088,0.3073090639981357,0.2742545387961648,3.253999948501587,2.499799966812134,0.8981791540783244,-0.8304923785327145,3.253499984741211,0.03585451299493963,0.10625457763671875,0.2742545387961648,3.154900074005127,2.9612998962402344,0.2606754944786327,-0.9179747043042026
1C2C_4-3_60cyc,4.17710018157959,0.027672854336825283,0.0396728515625,0.011999997225674715,4.10099983215332,4.067999839782715,0.5924732845958186,-0.6575944612992131,4.100299835205078,0.02749078924005682,0.035963578657670456,0.008472789417613636,4.024700164794922,4.001399993896484,0.7004292982892255,-0.4711930216522715,4.080399990081787,0.027418136596679688,0.03578177365389737,0.008363637057217684,4.005000114440918,3.9820001125335693,0.6916071466502632,-0.4788340461918654,4.0630998611450195,0.027199918573552914,0.03756358406760476,0.010363665494051847,3.988300085067749,3.9598000049591064,0.5897221774510103,-0.6427080635233873,4.010700225830078,0.02723641829057173,0.03883647918701172,0.011600060896439985,3.935800075531006,3.903899908065796,0.5621708044520073,-0.6793790408142333,3.9514999389648438,0.027236331592906605,0.03843636946244673,0.011200037869540129,3.8766000270843506,3.8457999229431152,0.5728594421104686,-0.6778447223697177,3.9110000133514404,0.027381810274991123,0.03818182511763139,0.01080001484264027,3.835700035095215,3.805999994277954,0.5650658371357274,-0.6841415502079049,3.8780999183654785,0.027418136596679688,0.03854543512517756,0.01112729852849787,3.8027000427246094,3.7720999717712402,0.5575733504389663,-0.7110977568947603,3.8380000591278076,0.027381810274991123,0.03898187117143111,0.011600060896439985,3.762700080871582,3.730799913406372,0.5630197739263462,-0.6962567747028925,3.77620005607605,0.027418223294344814,0.03759999708695845,0.010181773792613636,3.7007999420166016,3.672800064086914,0.5612585463050132,-0.7301517451835191,3.716599941253662,0.027163592251864346,0.03567270799116655,0.008509115739302202,3.641900062561035,3.618499994277954,0.5140030674995528,-0.7828087839269511,3.6730000972747803,0.02720000527121804,0.03520003232088956,0.00800002704967152,3.5982000827789307,3.576200008392334,0.470705922774093,-0.8390439915219217,3.6394999027252197,0.027236331592906605,0.03501814061945135,0.0077818090265447445,3.5645999908447266,3.5432000160217285,0.45789370538774343,-0.8618567400537223,3.610300064086914,0.02720000527121804,0.035054553638805046,0.007854548367587004,3.5355000495910645,3.5139000415802,0.4519587106264164,-0.8558453271090003,3.5810000896453857,0.027381810274991123,0.03538183732466264,0.00800002704967152,3.50570011138916,3.4837000370025635,0.44910739318909687,-0.8617602547550773,3.5487000942230225,0.02763635461980646,0.0357818603515625,0.008145505731756037,3.4727001190185547,3.4502999782562256,0.43259728147462556,-0.8796009092299979,3.5067999362945557,0.027963638305664062,0.03629086234352805,0.00832722403786399,3.4298999309539795,3.4070000648498535,0.4543324672687385,-0.85996958074761,3.461899995803833,0.02858179265802557,0.0381454120982777,0.00956361944025213,3.3833000659942627,3.3570001125335693,0.44625138471171805,-0.864806650051968,3.401900053024292,0.029781861738725143,0.04301816766912287,0.013236305930397728,3.319999933242798,3.283600091934204,0.42447957475811315,-0.9050668927521199,3.3434998989105225,0.03247269717129794,0.30683630163019354,0.27436360445889557,3.254199981689453,2.4997000694274902,0.9845958506866958,-0.6413146584941658,3.2500998973846436,0.035963578657670456,0.11039993979714134,0.27436360445889557,3.15120005607605,2.946500062942505,0.2228604475393926,-0.9652966533506824
1C2C_4-1_360cyc,4.168600082397461,0.030254537409002132,0.04789092323996804,0.017636385830965908,4.085400104522705,4.036900043487549,0.8097398446256181,-0.28209020935369766,4.0980000495910645,0.03098175742409446,0.04309090701016513,0.012109149586070667,4.012800216674805,3.9795000553131104,0.9181310511892741,-0.06336316595793479,4.079699993133545,0.03043634241277521,0.041927250948819245,0.011490908536044035,3.996000051498413,3.964400053024292,0.873962009425083,-0.13822803307713238,4.065299987792969,0.02999999306418679,0.04309090701016513,0.013090913945978338,3.982800006866455,3.9467999935150146,0.7056100724216874,-0.44985414058015927,4.017000198364258,0.02967279607599432,0.043818213722922585,0.014145417646928267,3.9354000091552734,3.8965001106262207,0.6570985944230654,-0.5362767203364358,3.9588000774383545,0.029636383056640625,0.04312732002951882,0.013490936972878197,3.8773000240325928,3.8401999473571777,0.6546164004156232,-0.5579155509013924,3.9165000915527344,0.0295273173939098,0.04221820831298828,0.01269089091907848,3.8352999687194824,3.8004000186920166,0.683259812769864,-0.5029426173402265,3.882999897003174,0.029345425692471592,0.04196357727050781,0.012618151578036222,3.802299976348877,3.7676000595092773,0.6858628094454727,-0.4926012372169599,3.8433001041412354,0.029309099370783024,0.0417091196233576,0.012400020252574574,3.762700080871582,3.728600025177002,0.6479877672376395,-0.5676303290005165,3.796999931335449,0.029199947010387074,0.04134542291814631,0.012145475907759233,3.7167000770568848,3.683300018310547,0.6355552836237317,-0.582835952821537,3.7451000213623047,0.02909088134765625,0.04058178988370029,0.011490908536044035,3.66510009765625,3.633500099182129,0.5968430255316526,-0.6478215879135916,3.6953001022338867,0.029163707386363636,0.03981824354691939,0.010654536160555754,3.6150999069213867,3.5857999324798584,0.5578970541589431,-0.7182879931201152,3.6566998958587646,0.02916362068869851,0.0394545468417081,0.010290926153009588,3.5764999389648438,3.5481998920440674,0.5622406476015123,-0.711654500598649,3.6249001026153564,0.02934551239013672,0.03960002552379261,0.010254513133655895,3.5441999435424805,3.5160000324249268,0.5536370507158936,-0.7154642702014238,3.5941998958587646,0.02956355701793324,0.0400727011940696,0.010509144176136364,3.5129001140594482,3.4839999675750732,0.5513525998390139,-0.7098397190618919,3.5615999698638916,0.030109058726917614,0.040872747247869316,0.010763688520951704,3.478800058364868,3.449199914932251,0.5452885664287727,-0.71877449482592,3.5262999534606934,0.030727213079279118,0.04207272963090376,0.011345516551624645,3.441800117492676,3.410599946975708,0.557723012257492,-0.6947712197129343,3.4860999584198,0.03167273781516335,0.04458176005970348,0.012909022244540129,3.3989999294281006,3.3635001182556152,0.587590265108714,-0.6393276007531972,3.439500093460083,0.03283639387650923,0.05083638971502131,0.017999995838512074,3.3492000102996826,3.2997000217437744,0.6152940256526938,-0.502702845245274,3.385499954223633,0.034399986267089844,0.3220727226950906,0.28767273642800073,3.2908999919891357,2.499799966812134,0.5383184805413458,-1.1684220923009239,3.323199987411499,0.03752725774591619,0.12159997766668146,0.28767273642800073,3.2200000286102295,2.988800048828125,0.5743131987948622,-0.5246552227883692
1C2C_4-2_360cyc,4.169899940490723,0.03181821649724787,0.04938177628950639,0.017563559792258522,4.082399845123291,4.03410005569458,0.8534226413286131,-0.16848550405640994,4.097499847412109,0.031381780450994316,0.04225444793701172,0.0108726674860174,4.011199951171875,3.981300115585327,0.8807667527309533,-0.13897592331696496,4.07919979095459,0.030654473738236862,0.04098172621293501,0.010327252474698153,3.9948999881744385,3.9665000438690186,0.8332765842414649,-0.21456093445924074,4.065800189971924,0.03010914542458274,0.041745532642711296,0.011636387218128551,3.9830000400543213,3.9509999752044678,0.6381489486972418,-0.5721490568334482,4.017499923706055,0.029636296358975498,0.04240001331676136,0.012763716957785866,3.936000108718872,3.900899887084961,0.583034703421459,-0.6672335299639731,3.9586000442504883,0.029563643715598366,0.041927250948819245,0.01236360723322088,3.8773000240325928,3.8433001041412354,0.5881604918015776,-0.6632249616887234,3.91729998588562,0.029272686351429333,0.04109087857333096,0.011818192221901634,3.8368000984191895,3.80430006980896,0.6249590034463555,-0.5999472130678276,3.8863000869750977,0.02934551239013672,0.04127277027476917,0.011927257884632458,3.8055999279022217,3.7727999687194824,0.6059229981862269,-0.6334631696423743,3.8464999198913574,0.029454491355202415,0.04149090160023083,0.01203641024502841,3.765500068664551,3.7323999404907227,0.5752016412634375,-0.6945739905136734,3.7941999435424805,0.029309099370783024,0.04069085554643111,0.011381756175648083,3.713599920272827,3.682300090789795,0.5649387774765703,-0.7162544224188441,3.7370998859405518,0.029199947010387074,0.03952719948508523,0.010327252474698153,3.6568000316619873,3.6284000873565674,0.5362420214978009,-0.7586965146115965,3.687700033187866,0.02923636002974077,0.03865458748557351,0.00941822745583274,3.607300043106079,3.581399917602539,0.502914889862546,-0.8147219475381524,3.6507999897003174,0.029309099370783024,0.03843636946244673,0.009127270091663708,3.570199966430664,3.545099973678589,0.5017942151740699,-0.8126858704804727,3.619999885559082,0.02941816503351385,0.03865450078790838,0.009236335754394531,3.539099931716919,3.513700008392334,0.5026061806507279,-0.7836934202647212,3.5903000831604004,0.02974544871937145,0.03923641551624645,0.009490966796875,3.508500099182129,3.4823999404907227,0.49956294290819,-0.7798827434676237,3.558199882507324,0.030290863730690697,0.04010902751575817,0.009818163785067472,3.474900007247925,3.4479000568389893,0.5098184294806415,-0.7758916137015595,3.5227999687194824,0.03105449676513672,0.041672706604003906,0.010618209838867188,3.4374001026153564,3.4082000255584717,0.5555231199038838,-0.6969873773616917,3.4807000160217285,0.03203634782270952,0.04487271742387251,0.012836369601162996,3.3926000595092773,3.357300043106079,0.609528391735749,-0.5855608243532378,3.4316999912261963,0.03367276625199751,0.05432727120139382,0.020654504949396305,3.339099884033203,3.2822999954223633,0.6527444088652361,-0.45954029834964993,3.3754000663757324,0.036072731018066406,0.31843636252663354,0.28236363150856714,3.27620005607605,2.4997000694274902,1.2486497269159862,0.15787985934728344,3.3192999362945557,0.03825456445867365,0.15901816974986682,0.28236363150856714,3.214099884033203,2.881999969482422,0.5753764204527051,-0.5497768535628631
1C2C_4-3_360cyc,4.167900085449219,0.030363603071732956,0.047490900213068184,0.017127297141335228,4.084400177001953,4.037300109863281,0.8357704324295092,-0.2133276569871403,4.09689998626709,0.030218124389648438,0.04098181291060014,0.010763688520951704,4.013800144195557,3.9842000007629395,0.8755663032803819,-0.16108472370853733,4.078999996185303,0.029709122397682884,0.039818156849254265,0.010109034451571379,3.997299909591675,3.9695000648498535,0.8031458510109952,-0.28293059339864923,4.062600135803223,0.02934551239013672,0.04116370461203835,0.011818192221901634,3.9818999767303467,3.949399948120117,0.6258915938634875,-0.5989052846004248,4.011000156402588,0.029018228704279118,0.04181827198375355,0.012800043279474432,3.9312000274658203,3.8959999084472656,0.5727272668266132,-0.6851440196269327,3.9535999298095703,0.02876359766179865,0.04112720489501953,0.01236360723322088,3.874500036239624,3.8405001163482666,0.5987612888463579,-0.6420315630283602,3.914400100708008,0.028727271340110085,0.04043639789928089,0.011709126559170809,3.835400104522705,3.8032000064849854,0.6096142660062408,-0.6331762177253006,3.882999897003174,0.028654531999067825,0.0407272685657848,0.012072736566716974,3.8041999340057373,3.7709999084472656,0.6220576725885837,-0.6095650460122868,3.841900110244751,0.02869094501842152,0.040763681585138496,0.012072736566716974,3.763000011444092,3.72979998588562,0.5944868960785727,-0.6510411477061524,3.789299964904785,0.02858179265802557,0.03989089619029652,0.011309103532270952,3.710700035095215,3.6796000003814697,0.5686635859290075,-0.7027344711790202,3.7334001064300537,0.028400074351917614,0.03865458748557351,0.010254513133655895,3.6552999019622803,3.6270999908447266,0.5434056124426125,-0.7482354766804624,3.6854000091552734,0.028472726995294743,0.037963607094504616,0.009490880099209871,3.607100009918213,3.5810000896453857,0.5046993608309324,-0.7923432603416845,3.6489999294281006,0.02858179265802557,0.03774538907137784,0.009163596413352272,3.5703999996185303,3.5452001094818115,0.49538901745492353,-0.8106078412652562,3.6184000968933105,0.02876368435946378,0.03792728077281605,0.009163596413352272,3.539299964904785,3.5141000747680664,0.49382224097744015,-0.8153288804787566,3.5887999534606934,0.02894540266557173,0.03836363012140447,0.00941822745583274,3.509200096130371,3.483299970626831,0.5069111983490318,-0.7871587553316552,3.55679988861084,0.029527230696244675,0.03930906815962358,0.009781837463378906,3.475600004196167,3.448699951171875,0.4973000509018747,-0.7975367022463322,3.521199941635132,0.030181798067959873,0.0407272685657848,0.010545470497824928,3.438199996948242,3.4091999530792236,0.5432507439748762,-0.7132856408304451,3.479300022125244,0.03123638846657493,0.043818213722922585,0.012581825256347656,3.393399953842163,3.358799934387207,0.5777095320014423,-0.647850413986752,3.4305999279022217,0.03298178586092862,0.053090875799005684,0.02010908993807706,3.339900016784668,3.284600019454956,0.6132087350311367,-0.5500325121732863,3.3759000301361084,0.0357818603515625,0.3186181675304066,0.2828363071788441,3.2774999141693115,2.4997000694274902,1.2331112725322328,0.11768973359171486,3.321000099182129,0.037127321416681465,0.160545522516424,0.2828363071788441,3.218899965286255,2.879499912261963,0.5390286160518302,-0.6052607129591845
1C2C_4-1_450cyc,4.167399883270264,0.032436370849609375,0.052908984097567474,0.020472613247958096,4.078199863433838,4.021900177001953,0.9129610682592395,-0.0510658137699469,4.098899841308594,0.033345482566139915,0.04778177087957209,0.014436288313432173,4.007199764251709,3.9674999713897705,0.9915089045296046,0.10148411629734966,4.080100059509277,0.03272732821377841,0.04600004716352983,0.013272718949751421,3.9900999069213867,3.9535999298095703,0.9267645924949642,-0.043794580292616736,4.065400123596191,0.03203643452037464,0.046727353876287285,0.014690919355912642,3.977299928665161,3.9368999004364014,0.7802872633792995,-0.3205992619819953,4.021299839019775,0.031345367431640625,0.04690907218239524,0.015563704750754616,3.9351000785827637,3.8922998905181885,0.7354814174230244,-0.40327572328191996,3.9642999172210693,0.031272714788263496,0.04603637348521839,0.0147636586969549,3.8782999515533447,3.8376998901367188,0.7108727761262198,-0.4656613574026012,3.9198999404907227,0.030945431102405895,0.04487271742387251,0.01392728632146662,3.8348000049591064,3.7964999675750732,0.7487107175937026,-0.3903682761732159,3.8861000537872314,0.030763626098632812,0.04425456307151101,0.013490936972878197,3.801500082015991,3.764400005340576,0.7442297012654819,-0.40428274658390295,3.8489999771118164,0.030690886757590553,0.04392727938565341,0.013236392628062855,3.7646000385284424,3.7281999588012695,0.6915899840849904,-0.5050013894777519,3.805500030517578,0.03065456043590199,0.043709061362526634,0.013054500926624645,3.7211999893188477,3.68530011177063,0.6536188249392854,-0.572511682949167,3.7574000358581543,0.03058182109485973,0.04338186437433416,0.012800043279474432,3.67330002784729,3.6380999088287354,0.6258206626541823,-0.6062947744177642,3.7084999084472656,0.030618147416548294,0.04298175464976917,0.01236360723322088,3.624300003051758,3.5903000831604004,0.6052370605667502,-0.6590107597657533,3.6670000553131104,0.030763626098632812,0.042800036343661224,0.01203641024502841,3.58240008354187,3.549299955368042,0.6039460102933754,-0.6478664664497575,3.6333000659942627,0.031018170443448154,0.042945515025745735,0.011927344582297585,3.5480000972747803,3.515199899673462,0.6025580935198266,-0.6446906546847564,3.6015000343322754,0.031272714788263496,0.043454517017711296,0.012181802229447798,3.515500068664551,3.4820001125335693,0.6080311353349463,-0.6279507764587486,3.5683999061584473,0.03181812979958274,0.04436362873424183,0.01254549893465909,3.4809000492095947,3.4463999271392822,0.6044260559741329,-0.6232856320577027,3.532399892807007,0.03247269717129794,0.04578174244273792,0.013309045271439985,3.4430999755859375,3.4065001010894775,0.6250330517403753,-0.5804880404190906,3.493000030517578,0.033454548228870735,0.04865455627441406,0.015200008045543324,3.4010000228881836,3.3592000007629395,0.6553881115793769,-0.505730508297876,3.446899890899658,0.03469085693359375,0.05527270923961292,0.020581852306019176,3.3515000343322754,3.2948999404907227,0.6727165704005474,-0.39317259900483137,3.3924999237060547,0.036145383661443535,0.32458175312389026,0.2884363694624467,3.293100118637085,2.4999001026153564,0.31655117965060986,-1.3110321962138025,3.325900077819824,0.039090936834161934,0.1175636811689897,0.2884363694624467,3.218400001525879,3.0025999546051025,0.6422482193109813,-0.4167280402715199
1C2C_4-2_450cyc,4.166399955749512,0.03389081087979404,0.05421811884099787,0.020327307961203835,4.073200225830078,4.017300128936768,1.018897102299222,0.22016065057328582,4.097099781036377,0.03363626653497869,0.046436309814453125,0.012800043279474432,4.0046000480651855,3.969399929046631,1.005521169746481,0.15872040078143623,4.079100131988525,0.03287280689586292,0.04458184675736861,0.011709039861505682,3.9886999130249023,3.9565000534057617,0.8787408553860081,-0.12022121490418991,4.0644001960754395,0.03185462951660156,0.04538189281116833,0.013527263294566761,3.976799964904785,3.9395999908447266,0.7250278161388533,-0.40280595186294255,4.01639986038208,0.031272714788263496,0.0453818061135032,0.014109091325239702,3.9303998947143555,3.8915998935699463,0.6341070831402995,-0.5758993373036092,3.9583001136779785,0.03101825714111328,0.04440004175359553,0.013381784612482244,3.872999906539917,3.836199998855591,0.6317641118455062,-0.5921344833269147,3.917099952697754,0.030763626098632812,0.04349093003706499,0.012727303938432173,3.8324999809265137,3.797499895095825,0.6656917019321587,-0.5266332472699609,3.8857998847961426,0.030799952420321377,0.04352725635875355,0.012727303938432173,3.801100015640259,3.7660999298095703,0.6340608724648613,-0.5844334614568973,3.8457000255584717,0.03065456043590199,0.04352725635875355,0.012872695922851562,3.761399984359741,3.7260000705718994,0.6311621660048996,-0.5937211716493205,3.7957000732421875,0.03050908175381747,0.042836362665349785,0.012327280911532316,3.7118000984191895,3.6779000759124756,0.6148831085466742,-0.6206680207124347,3.7414000034332275,0.03050908175381747,0.041999990289861504,0.011490908536044035,3.6575000286102295,3.6259000301361084,0.5792659856653861,-0.6932911200859109,3.6912999153137207,0.03050908175381747,0.04127268357710405,0.010763601823286577,3.6073999404907227,3.5778000354766846,0.5625360990890191,-0.7096179566861331,3.6530001163482666,0.03083636543967507,0.04123644395308061,0.01040007851340554,3.56820011138916,3.539599895477295,0.5394167997658768,-0.7333934008173673,3.6214001178741455,0.03123638846657493,0.04163638028231534,0.010399991815740412,3.5355000495910645,3.5069000720977783,0.5380191183997899,-0.7428703637531129,3.5910000801086426,0.031563672152432526,0.04240001331676136,0.010836341164328835,3.504199981689453,3.474400043487549,0.5591179883597108,-0.6951207424023904,3.558199882507324,0.032181739807128906,0.04367264834317294,0.011490908536044035,3.4697000980377197,3.4381000995635986,0.5866211108444958,-0.6332454032682646,3.52239990234375,0.03294545953924006,0.04581815546209162,0.012872695922851562,3.43179988861084,3.396399974822998,0.6651338457782453,-0.4766207077377822,3.4809999465942383,0.034327246926047585,0.05047269300981001,0.01614544608376243,3.3866000175476074,3.3422000408172607,0.7042659114423243,-0.37985974681041856,3.4316000938415527,0.035272771661931816,0.06360001997514204,0.028327248313210228,3.3345999717712402,3.256700038909912,0.7935962494950463,-0.1461270686719609,3.375699996948242,0.03709090839732777,0.3185091018676758,0.281418193470348,3.273699998855591,2.499799966812134,1.4095960278960047,0.6845075438650401,3.317500114440918,0.038290977478027344,0.1656727357344194,0.281418193470348,3.2121999263763428,2.8619000911712646,0.7025267910109098,-0.31905225221346534
1C2C_4-3_450cyc,4.165999889373779,0.03130912780761719,0.051163586703213776,0.019854458895596592,4.079899787902832,4.025300025939941,0.9935127560931117,0.1621498583051082,4.096700191497803,0.03207276084206321,0.0442909760908647,0.01221821524880149,4.008500099182129,3.974900007247925,0.9425059997779728,-0.015546254955500771,4.078999996185303,0.031127236106178978,0.04287268898703835,0.011745452880859375,3.9934000968933105,3.9611001014709473,0.8999407821989197,-0.06687175177391946,4.062300205230713,0.0305091684514826,0.043709148060191765,0.013199979608709162,3.9783999919891357,3.9421000480651855,0.6972598113410531,-0.46981390142958457,4.01200008392334,0.030145471746271305,0.04410908438942649,0.013963612643155184,3.9291000366210938,3.890700101852417,0.633949139599207,-0.5820532028089773,3.954900026321411,0.02974544871937145,0.04323638569224964,0.013490936972878197,3.8731000423431396,3.8359999656677246,0.6718182071909989,-0.5148015868279758,3.9149999618530273,0.029818188060413708,0.04236360029740767,0.012545412236993963,3.8329999446868896,3.7985000610351562,0.6689478838977416,-0.5299555403530483,3.882999897003174,0.029636296358975498,0.04236360029740767,0.012727303938432173,3.801500082015991,3.7664999961853027,0.6629915934475447,-0.5351995442957587,3.841900110244751,0.029709122397682884,0.04221820831298828,0.012509085915305397,3.760200023651123,3.725800037384033,0.6314841057290631,-0.6021690996139895,3.792099952697754,0.029563643715598366,0.04149090160023083,0.011927257884632458,3.7107999324798584,3.677999973297119,0.6001764462211576,-0.6618780269240356,3.7390999794006348,0.029490904374556107,0.040836334228515625,0.011345429853959517,3.6579999923706055,3.626800060272217,0.5804756944141007,-0.6889463365243831,3.690200090408325,0.029454578052867542,0.040145527232776985,0.010690949179909447,3.6092000007629395,3.5797998905181885,0.5600691520599197,-0.706279216269778,3.6524999141693115,0.02967270937832919,0.039927222511985085,0.010254513133655895,3.5708999633789062,3.5427000522613525,0.5509238422935913,-0.7235421676716993,3.6210999488830566,0.029890927401455967,0.04018176685680042,0.01029083945534446,3.5388998985290527,3.5106000900268555,0.5518443836936792,-0.7191287145051337,3.5906999111175537,0.03039992939342152,0.04098181291060014,0.010581883517178621,3.5071001052856445,3.4779999256134033,0.5406991426744465,-0.7308987281484964,3.557800054550171,0.030763626098632812,0.041927250948819245,0.011163624850186434,3.4732000827789307,3.442500114440918,0.5808992511673066,-0.6653741467819607,3.522200107574463,0.031563672152432526,0.043745474381880325,0.012181802229447798,3.4354000091552734,3.401900053024292,0.6174266266144888,-0.580934004820806,3.4811999797821045,0.03279998085715554,0.04785451022061435,0.015054529363458807,3.3910000324249268,3.349600076675415,0.672667902520145,-0.4616530590378507,3.432800054550171,0.034327333623712715,0.058654525063254616,0.024327191439541904,3.338399887084961,3.2715001106262207,0.7159408574245083,-0.3305398297817712,3.3785998821258545,0.03672721169211648,0.31959993189031427,0.2828727201981978,3.277600049972534,2.4997000694274902,1.1411834308056754,-0.0682756165782803,3.3203001022338867,0.03752734444358132,0.15359999916770242,0.2828727201981978,3.217099905014038,2.897900104522705,0.6681793630727222,-0.38954636565380607
1C2C_4-1_540cyc,4.156000137329102,0.03650908036665483,0.06130912087180398,0.024800040505149147,4.055600166320801,3.9874000549316406,1.0034451990803548,0.1653911790552529,4.098800182342529,0.03850919550115412,0.05858187241987749,0.020072676918723366,3.9928998947143555,3.937700033187866,1.0654584150426702,0.22329423824235883,4.080699920654297,0.03770906274968928,0.05650910464200107,0.01880004189231179,3.9769999980926514,3.925299882888794,1.0546541314918478,0.19755259301909334,4.068999767303467,0.03665447235107422,0.05603625557639382,0.019381783225319603,3.9681999683380127,3.914900064468384,0.9743980239007959,0.04173717017448375,4.038899898529053,0.036072731018066406,0.05563631924715909,0.019563588229092686,3.93969988822937,3.8859000205993652,0.8569407136498379,-0.2157946732950018,3.996299982070923,0.03570912101052024,0.055018164894797585,0.019309043884277344,3.898099899291992,3.8450000286102295,0.7889928043640642,-0.3550490442561509,3.946199893951416,0.03501814061945135,0.05349089882590554,0.01847275820645419,3.849900007247925,3.799099922180176,0.7794429880113248,-0.38347318757690774,3.9063000679016113,0.03458187796852805,0.05207278511740945,0.017490907148881393,3.811199903488159,3.7630999088287354,0.73746709106993,-0.4715301496970983,3.8752999305725098,0.03483633561567827,0.05181815407492898,0.01698181845925071,3.7795000076293945,3.732800006866455,0.6944612972604924,-0.5451823923775083,3.8478000164031982,0.03469094363125888,0.051963632757013496,0.017272689125754616,3.7523999214172363,3.704900026321411,0.6742254672473982,-0.570462642529304,3.8173999786376953,0.03469094363125888,0.05218185078014027,0.017490907148881393,3.7219998836517334,3.6738998889923096,0.6475884281972762,-0.6157975444531978,3.783799886703491,0.03465453061190518,0.05239998210560192,0.01774545149369673,3.688499927520752,3.639699935913086,0.6405217152342818,-0.6157664602071184,3.7476999759674072,0.03476359627463601,0.052581787109375,0.01781819083473899,3.652100086212158,3.603100061416626,0.6259974668996897,-0.6438251005900906,3.7095000743865967,0.03498181429776279,0.05272726579145952,0.01774545149369673,3.613300085067749,3.564500093460083,0.6142405673010384,-0.6555884021442502,3.6730000972747803,0.035054553638805046,0.05269093946977095,0.017636385830965908,3.5766000747680664,3.52810001373291,0.6223056070346499,-0.6424999461479253,3.6391000747680664,0.035345511002974075,0.05298181013627486,0.01763629913330078,3.5418999195098877,3.4934000968933105,0.6247815091475248,-0.6432959830174227,3.605799913406372,0.03559996865012429,0.05352722514759411,0.017927256497469814,3.5078999996185303,3.4586000442504883,0.6415748918650485,-0.6062434205968961,3.571500062942505,0.03599999167702415,0.054181879216974434,0.018181887539950283,3.4725000858306885,3.422499895095825,0.6497843912544435,-0.5865017789137816,3.5346999168395996,0.03658181970769709,0.05552725358442827,0.01894543387673118,3.4340999126434326,3.381999969482422,0.6634962772639907,-0.540508492908454,3.496999979019165,0.03749093142422763,0.13418180292302911,0.0966908714988015,3.393899917602539,3.128000020980835,0.31346740591236416,-0.9083197280795186,3.4583001136779785,0.03869091380726208,0.06610913710160689,0.0966908714988015,3.351900100708008,3.2764999866485596,0.5618853016026595,-0.6333081046119546
1C2C_4-2_540cyc,4.165200233459473,0.03585468639026989,0.05996374650435014,0.024109060114080257,4.0665998458862305,4.00029993057251,1.240594090464689,0.8144672946707412,4.096700191497803,0.03581827337091619,0.05105460773814808,0.01523633436723189,3.998199939727783,3.9563000202178955,1.217506086987357,0.7299016751594305,4.078800201416016,0.03487283533269709,0.04847283796830611,0.01360000263560902,3.9828999042510986,3.945499897003174,1.0186933140779364,0.24831799623034323,4.06279993057251,0.03367267955433239,0.04883636127818714,0.01516368172385476,3.9702000617980957,3.928499937057495,0.8158074794578598,-0.19319699737133345,4.016900062561035,0.033454548228870735,0.0485818169333718,0.015127268704501066,3.9249000549316406,3.8833000659942627,0.6781094368039241,-0.49067280762107,3.9600000381469727,0.03279998085715554,0.04716361652721058,0.014363635670055042,3.869800090789795,3.8303000926971436,0.6766471972957339,-0.5060550874644085,3.9184999465942383,0.03272724151611328,0.04614543914794922,0.013418197631835938,3.8285000324249268,3.791599988937378,0.6862772485477215,-0.49464767317224734,3.887399911880493,0.032399957830255684,0.04607269980690696,0.013672741976651278,3.79830002784729,3.760699987411499,0.6950677988715543,-0.46372750247018324,3.8485000133514404,0.03258184953169389,0.04607269980690696,0.013490850275213068,3.7588999271392822,3.7218000888824463,0.6460359204091893,-0.5691478738202154,3.800600051879883,0.032363631508567116,0.045527284795587715,0.013163653287020597,3.7116000652313232,3.6754000186920166,0.6368866958209054,-0.583411578161984,3.747499942779541,0.032327218489213425,0.04487271742387251,0.01254549893465909,3.658600091934204,3.6240999698638916,0.6176451965609981,-0.613708059021215,3.6967999935150146,0.032254565845836296,0.04425456307151101,0.011999997225674715,3.608099937438965,3.5750999450683594,0.6235139358880527,-0.5865098840709804,3.6570000648498535,0.03269091519442471,0.04432730241255327,0.011636387218128551,3.5671000480651855,3.535099983215332,0.6112471955537427,-0.6059526106430813,3.6245999336242676,0.03276365453546697,0.044727238741787995,0.011963584206321022,3.5344998836517334,3.5016000270843506,0.6536301796054913,-0.5045953735923905,3.5938000679016113,0.033418221907182175,0.04592730782248757,0.012509085915305397,3.5018999576568604,3.4674999713897705,0.6609030065464977,-0.4760244591098739,3.5611000061035156,0.0338181582364169,0.047490900213068184,0.013672741976651278,3.468100070953369,3.430500030517578,0.7457966484841771,-0.29363704155196624,3.525899887084961,0.03469085693359375,0.05054543235085227,0.015854575417258522,3.430500030517578,3.386899948120117,0.8659478894802064,-0.017540623680993406,3.4851999282836914,0.036036317998712715,0.05625456029718572,0.02021824229847301,3.3861000537872314,3.3304998874664307,0.9021639380108666,0.07329856034559024,3.4367001056671143,0.0373818657614968,0.07167278636585582,0.03429092060435902,3.333899974822998,3.2395999431610107,0.8925412745359406,0.07543527799489835,3.3812999725341797,0.03949087316339666,0.3205454566261985,0.2810545834628018,3.272700071334839,2.499799966812134,1.2512395807017878,0.27807134767047614,3.3231000900268555,0.039854569868607956,0.16541819138960404,0.2810545834628018,3.2135000228881836,2.8682000637054443,0.8041681205965457,-0.13189656126712856
1C2C_4-3_540cyc,4.164299964904785,0.0338545712557706,0.05567273226651279,0.021818161010742188,4.071199893951416,4.011199951171875,1.0808672446861898,0.36890764694688905,4.096399784088135,0.03352720087224787,0.047454487193714485,0.01392728632146662,4.004199981689453,3.96589994430542,1.0926999859150814,0.38063452464432235,4.078700065612793,0.03276365453546697,0.045527284795587715,0.012763630260120739,3.988600015640259,3.9535000324249268,0.9413963737223646,0.03241116956645307,4.061100006103516,0.03203634782270952,0.04610911282626065,0.014072765003551136,3.9730000495910645,3.934299945831299,0.7294093189995241,-0.41477502191454363,4.01170015335083,0.03130912780761719,0.04603646018288352,0.014727332375266335,3.925600051879883,3.8850998878479004,0.6798695741034898,-0.5042155594577333,3.955199956893921,0.031199975447221237,0.04498178308660334,0.013781807639382103,3.8694000244140625,3.8315000534057617,0.6595095279333871,-0.5502116914708273,3.9154999256134033,0.030763626098632812,0.04385454004461115,0.013090913945978338,3.830899953842163,3.7948999404907227,0.6904430727567167,-0.48955363924273865,3.8833999633789062,0.03083636543967507,0.04389086636629971,0.013054500926624645,3.7985999584198,3.762700080871582,0.6785256234656621,-0.5221988119505778,3.8433001041412354,0.030727299776944248,0.04378188740123402,0.013054587624289772,3.7588000297546387,3.722899913787842,0.6570006115007289,-0.5539985392260256,3.794800043106079,0.030690886757590553,0.04319997267289595,0.012509085915305397,3.710400104522705,3.6760001182556152,0.6176041152140479,-0.6225801430029669,3.7425999641418457,0.03050908175381747,0.042545405301180755,0.012036323547363281,3.6586999893188477,3.6256000995635986,0.6041057598945246,-0.6371905456889642,3.6933000087738037,0.030872691761363636,0.04221820831298828,0.011345516551624645,3.6084001064300537,3.577199935913086,0.5705434074778571,-0.7026071101394544,3.654599905014038,0.030945431102405895,0.04214538227428089,0.011199951171875,3.569499969482422,3.5387001037597656,0.5951730405801516,-0.6490721638272823,3.6226000785827637,0.031418193470348015,0.04261823133988814,0.011200037869540129,3.5362000465393066,3.5053999423980713,0.5798345899059992,-0.675576336057647,3.591900110244751,0.0317818901755593,0.04338186437433416,0.011599974198774858,3.504499912261963,3.472599983215332,0.5870739564768148,-0.6519140089584683,3.5592000484466553,0.032254565845836296,0.04487271742387251,0.012618151578036222,3.4704999923706055,3.435800075531006,0.6585214294267797,-0.495306220422421,3.5237998962402344,0.033272656527432526,0.04723635586825284,0.013963699340820312,3.432300090789795,3.393899917602539,0.7022910094872817,-0.3925497649287295,3.4832000732421875,0.03454546494917436,0.052218177101828835,0.017672712152654476,3.388200044631958,3.339600086212158,0.7708176928688035,-0.23784347306688147,3.4351999759674072,0.036218209700150925,0.06520002538507635,0.028981815684925426,3.335599899291992,3.2558999061584473,0.7860752811615646,-0.17977160377317913,3.38100004196167,0.03669088537042791,0.3204363909634677,0.2837455055930398,3.280100107192993,2.499799966812134,1.0808065968383402,-0.1727940096718048,3.3224000930786133,0.03840004314075817,0.15545454892245206,0.2837455055930398,3.2167999744415283,2.89490008354187,0.7611902450451135,-0.22124353584280954
1C2C_4-1_630cyc,4.153800010681152,0.03974550420587713,0.06585450605912642,0.02610900185324929,4.04449987411499,3.9727001190185547,0.9284820809600227,-0.028345073570998025,4.098999977111816,0.04050905054265803,0.06312725760719994,0.022618207064541904,3.987600088119507,3.9254000186920166,1.102551105957855,0.327217196020519,4.080699920654297,0.03989089619029652,0.06083635850386186,0.020945462313565342,3.9709999561309814,3.9133999347686768,1.0869589551110932,0.28987221584454703,4.068299770355225,0.039563525806773796,0.06021811745383523,0.020654591647061436,3.9595000743865967,3.9026999473571777,0.9811453236267098,0.05688660828441572,4.0432000160217285,0.03861817446621982,0.059563636779785156,0.020945462313565342,3.937000036239624,3.8794000148773193,0.857012091629094,-0.20822617508092156,4.01170015335083,0.038072759454900566,0.05949098413640803,0.021418224681507458,3.9070000648498535,3.848099946975708,0.7694587023344932,-0.38947471860760796,3.967400074005127,0.03781821511008523,0.05901822176846591,0.02120000665838068,3.8633999824523926,3.8050999641418457,0.7058608213314558,-0.5209376142236715,3.926300048828125,0.03756367076526989,0.057890892028808594,0.020327221263538708,3.822999954223633,3.7671000957489014,0.6774616139050684,-0.582555091489994,3.8945000171661377,0.03734545274214311,0.05723641135475852,0.019890958612615414,3.791800022125244,3.7370998859405518,0.6829333106299771,-0.5622357012735817,3.8696000576019287,0.037054582075639206,0.05661817030473189,0.019563588229092686,3.767699956893921,3.713900089263916,0.6691825109416341,-0.5817765520574927,3.846299886703491,0.037127234719016335,0.056909040971235794,0.01978180625221946,3.7441999912261963,3.6898000240325928,0.6542848275872373,-0.5993327159451054,3.819999933242798,0.037018169056285515,0.05712725899436257,0.02010908993807706,3.7181999683380127,3.662899971008301,0.6436086653947481,-0.6102317832463182,3.7906999588012695,0.037127234719016335,0.05727273767644709,0.020145502957430752,3.6886000633239746,3.63319993019104,0.6234027387581718,-0.6471988959236952,3.758699893951416,0.03709090839732777,0.05745454268022017,0.0203636342828924,3.6566998958587646,3.6006999015808105,0.6153723134647757,-0.6536109195542337,3.723599910736084,0.03734545274214311,0.057818152687766335,0.020472699945623226,3.6208999156951904,3.5645999908447266,0.6085574235062325,-0.6661436389910702,3.6868999004364014,0.03752725774591619,0.05799995769153942,0.020472699945623226,3.583699941635132,3.527400016784668,0.6198037826517712,-0.658223936092535,3.6514999866485596,0.03800002011385831,0.05829091505570845,0.020290894941850143,3.546999931335449,3.4911999702453613,0.6171810768101746,-0.6657469722274176,3.6178998947143555,0.03789086775346236,0.05825450203635476,0.0203636342828924,3.513700008392334,3.45770001411438,0.6485082972742822,-0.60322834173739,3.5845000743865967,0.03836363012140447,0.05869093808260831,0.020327307961203835,3.4790000915527344,3.423099994659424,0.6378524006512414,-0.6127440744792136,3.551100015640259,0.03883639248934659,0.1256000345403498,0.08676364205100319,3.4442999362945557,3.205699920654297,0.39503652101711645,-0.8185748994649757,3.5183000564575195,0.039127263155850495,0.06509095972234552,0.08676364205100319,3.4107000827789307,3.3392999172210693,0.5912701509623364,-0.6289574551103829
1C2C_4-2_630cyc,4.163000106811523,0.03672738508744673,0.06600007143887607,0.029272686351429333,4.061999797821045,3.9814999103546143,1.525202405743232,1.646083537399127,4.095799922943115,0.037199974060058594,0.056109081615101204,0.018909107555042614,3.993499994277954,3.941499948501587,1.5121913237646607,1.6034137954633074,4.078100204467773,0.03672738508744673,0.05250913446599787,0.015781749378551136,3.977099895477295,3.9337000846862793,1.1709653133210858,0.6481857938588855,4.0609002113342285,0.035490989685058594,0.052400068803267044,0.01690907911820845,3.9632999897003174,3.916800022125244,0.9071007759305356,0.02145475941130881,4.015900135040283,0.03458187796852805,0.05105460773814808,0.01647272976962003,3.920799970626831,3.875499963760376,0.7714932035709079,-0.29833112317913946,3.960400104522705,0.03378183191472834,0.04967273365367542,0.015890901738947086,3.867500066757202,3.8238000869750977,0.7959377114327929,-0.2484605000006228,3.919100046157837,0.03396363691850142,0.04872729561545632,0.0147636586969549,3.825700044631958,3.785099983215332,0.7863505961145859,-0.27392581541727123,3.888000011444092,0.0334908745505593,0.04781818389892578,0.014327309348366478,3.7959001064300537,3.756500005722046,0.741546843197222,-0.3753134089025676,3.849600076675415,0.03392731059681286,0.048327272588556465,0.014399961991743608,3.7562999725341797,3.7167000770568848,0.7175115491808416,-0.4276729062472415,3.803499937057495,0.03385448455810547,0.04807272824374112,0.014218243685635653,3.710400104522705,3.671299934387207,0.7018619195959739,-0.456417589308141,3.752700090408325,0.03363635323264382,0.047709118236194954,0.014072765003551136,3.6602001190185547,3.621500015258789,0.7097502705426372,-0.4107892558161601,3.7021000385284424,0.03363635323264382,0.04738183455033736,0.013745481317693537,3.609600067138672,3.5717999935150146,0.7353142541531773,-0.35278923928912986,3.6610000133514404,0.034254507585005325,0.04727276888760654,0.013018261302601208,3.566800117492676,3.5309998989105225,0.6884030399724004,-0.45389925857487157,3.627700090408325,0.034436399286443535,0.04767279191450639,0.013236392628062855,3.5329999923706055,3.4965999126434326,0.7089601896337963,-0.4013464828371025,3.596400022506714,0.03461820429021662,0.049345449967817825,0.014727245677601208,3.501199960708618,3.460700035095215,0.8355507821651943,-0.08756885705460782,3.563800096511841,0.035309097983620384,0.0505455190485174,0.015236421064897017,3.4667000770568848,3.424799919128418,0.8146045658009581,-0.1429374526965561,3.528700113296509,0.03669097206809304,0.05465455488725142,0.017963582819158382,3.427799940109253,3.3784000873565674,0.9352778030171455,0.1461910158989035,3.4893999099731445,0.03672721169211648,0.06174538352272727,0.025018171830610794,3.388400077819824,3.3196001052856445,1.1275549151541822,0.6443829959045342,3.441800117492676,0.0377091494473544,0.07756371931596236,0.039854569868607956,3.338099956512451,3.2284998893737793,1.0464524096117238,0.4386187688930008,3.387200117111206,0.04061820290305398,0.3227272900668057,0.28210908716375177,3.2755000591278076,2.4997000694274902,1.111873838725468,-0.05429683870023627,3.328000068664551,0.04036365855823864,0.1618182442405007,0.28210908716375177,3.2170000076293945,2.882999897003174,0.8950189856044319,0.04825795746319539
1C2C_4-3_630cyc,4.16349983215332,0.034072702581232246,0.06014537811279297,0.026072675531560726,4.069799900054932,3.9981000423431396,1.3315809425088834,1.066636007861275,4.09660005569458,0.03487274863503196,0.051345478404651985,0.01647272976962003,4.000699996948242,3.955399990081787,1.2831204807953134,0.9091352591683766,4.07889986038208,0.034327246926047585,0.04898175326260654,0.014654506336558949,3.984499931335449,3.944200038909912,1.0675892079360805,0.3508596953716454,4.061500072479248,0.033272743225097656,0.04909090562300249,0.01581816239790483,3.9700000286102295,3.926500082015991,0.8338960233184789,-0.1778446645358449,4.014500141143799,0.03276365453546697,0.048581903631036934,0.015818249095569958,3.9244000911712646,3.8808999061584473,0.7258313373979588,-0.4125851424386586,3.958699941635132,0.03210908716375178,0.04723635586825284,0.015127268704501066,3.8703999519348145,3.8287999629974365,0.749632105815648,-0.36801904434882937,3.9179000854492188,0.03192728215997869,0.04614552584561435,0.014218243685635653,3.8301000595092773,3.7909998893737793,0.7643186895038881,-0.33857305860382114,3.8857998847961426,0.03199993480335583,0.04578174244273792,0.013781807639382103,3.797800064086914,3.7599000930786133,0.7258782663422039,-0.4297830370485931,3.8471999168395996,0.03174539045854048,0.0456726767800071,0.01392728632146662,3.7599000930786133,3.72160005569458,0.7182211158232185,-0.42983039117743305,3.801500082015991,0.03185454281893643,0.04527274045077237,0.013418197631835938,3.713900089263916,3.677000045776367,0.6688539484378825,-0.5334294803485795,3.75219988822937,0.03192719546231357,0.04483630440451882,0.012909108942205256,3.664400100708008,3.6289000511169434,0.6257067743812863,-0.6107033050538138,3.7026000022888184,0.03196360848166726,0.04458184675736861,0.01261823827570135,3.6147000789642334,3.5799999237060547,0.624369866599908,-0.599898152322369,3.6614999771118164,0.03203634782270952,0.044618173079057175,0.012581825256347656,3.5734000205993652,3.538800001144409,0.6564356971927062,-0.5172448829944014,3.628499984741211,0.03218182650479404,0.044799978082830254,0.012618151578036222,3.5399999618530273,3.5053000450134277,0.6679290492557469,-0.4987892968521135,3.597599983215332,0.0328727201981978,0.04596363414417614,0.013090913945978338,3.507200002670288,3.4711999893188477,0.6795715348416049,-0.46134918653442947,3.565000057220459,0.03323641690340909,0.047490900213068184,0.01425448330965909,3.473599910736084,3.4344000816345215,0.7546887376451247,-0.28776940250170213,3.5297000408172607,0.0341818549416282,0.04992727799849077,0.01574542305686257,3.435699939727783,3.392400026321411,0.8069544767669532,-0.17448007669069643,3.490799903869629,0.035127206282182175,0.05549084056507458,0.0203636342828924,3.394200086593628,3.338200092315674,0.9358484240938282,0.1453179423707338,3.4442999362945557,0.03629086234352805,0.06614546342329546,0.0298546010797674,3.3445000648498535,3.262399911880493,0.8943125809618673,0.06205839249061684,3.3912999629974365,0.03774547576904297,0.3242181431163441,0.28647266734730115,3.2874999046325684,2.4997000694274902,0.6665876122635687,-0.8908497443006196,3.3315999507904053,0.03956361250443892,0.14825456792658026,0.28647266734730115,3.2228000164031982,2.9238998889923096,0.8330935329581036,-0.08882872959415744
1C2C_4-1_90cyc,4.175600051879883,0.02752737565474077,0.040872747247869316,0.013345371593128551,4.099899768829346,4.063199996948242,0.6471837967150862,-0.5580420635814733,4.099899768829346,0.028472726995294743,0.037854454734108665,0.009381727738813921,4.021599769592285,3.995800018310547,0.7559507768237869,-0.36889368397536293,4.0802001953125,0.02829100868918679,0.03752734444358132,0.009236335754394531,4.002399921417236,3.9769999980926514,0.742400881696373,-0.39242700436202815,4.063799858093262,0.02825450897216797,0.03934539448131214,0.011090885509144176,3.9860999584198,3.9556000232696533,0.6173599835424534,-0.6013521274741636,4.01230001449585,0.028181856328790836,0.04050913724032315,0.012327280911532316,3.934799909591675,3.900899887084961,0.5885000665613068,-0.6455282110586049,3.953000068664551,0.028072790666060013,0.04021817987615412,0.012145389210094105,3.8757998943328857,3.842400074005127,0.6144858680018979,-0.6108639004241829,3.912100076675415,0.028181856328790836,0.03974550420587713,0.011563647877086292,3.8345999717712402,3.802799940109253,0.6189545509774648,-0.601784245903128,3.879300117492676,0.028218182650479404,0.040000048550692474,0.011781865900213068,3.8017001152038574,3.7692999839782715,0.606544162890793,-0.6243202468269877,3.837100028991699,0.028218182650479404,0.04029091921719638,0.012072736566716974,3.759500026702881,3.726300001144409,0.6126486555642412,-0.612435084871433,3.777400016784668,0.02803637764670632,0.03858184814453125,0.010545470497824928,3.7002999782562256,3.671299934387207,0.6032669984289764,-0.6495013831184453,3.7204999923706055,0.027818159623579544,0.037054582075639206,0.00923642245205966,3.6440000534057617,3.6185998916625977,0.528060676692195,-0.7616476873132871,3.6763999462127686,0.02774542028253729,0.03658181970769709,0.008836399425159801,3.600100040435791,3.5757999420166016,0.5201301501285434,-0.7596192387574021,3.6422998905181885,0.027890898964621803,0.03639992800625888,0.008509029041637074,3.5655999183654785,3.5422000885009766,0.491728320049857,-0.7997424080895512,3.612799882888794,0.027927225286310368,0.03654540668834339,0.008618181402033026,3.5360000133514404,3.5123000144958496,0.49029423039866527,-0.79044814788868,3.583199977874756,0.028145443309437145,0.03679995103315874,0.00865450772372159,3.5058000087738037,3.4820001125335693,0.46715945811374915,-0.8226547147929533,3.55049991607666,0.028363574634898792,0.037163647738370026,0.008800073103471235,3.4725000858306885,3.4482998847961426,0.4682240667586133,-0.8180010532298918,3.5099000930786133,0.028800010681152344,0.03778188878839666,0.008981878107244318,3.4307000637054443,3.4059998989105225,0.4743851213204159,-0.8311068356425797,3.4646999835968018,0.029345425692471592,0.03952728618275036,0.010181860490278765,3.384000062942505,3.3559999465942383,0.47015862489020444,-0.8320486035926851,3.408600091934204,0.03003640608354048,0.04392727938565341,0.013890873302112926,3.3259999752044678,3.2878000736236572,0.4497014612054279,-0.8644696852313163,3.34879994392395,0.03279998085715554,0.3086908513849432,0.27589087052778766,3.2585999965667725,2.4999001026153564,0.8766606388811581,-0.8144612344374575,3.2790000438690186,0.036290949041193184,0.11134546453302557,0.27589087052778766,3.1791999340057373,2.9728000164031982,0.30413975511265845,-0.8820581027155194
1C2C_4-2_90cyc,4.178100109100342,0.02858179265802557,0.04098181291060014,0.012400020252574574,4.0995001792907715,4.065400123596191,0.5875494036821187,-0.6734364918470486,4.100100040435791,0.028327248313210228,0.03683636405251243,0.008509115739302202,4.022200107574463,3.998800039291382,0.699600313504258,-0.48770813655538214,4.080399990081787,0.028036290949041195,0.03650908036665483,0.008472789417613636,4.003300189971924,3.9800000190734863,0.7084695594407029,-0.45509928025411384,4.065199851989746,0.027927225286310368,0.038108999078924004,0.010181773792613636,3.9883999824523926,3.960400104522705,0.5768695712404794,-0.6630761271509398,4.014800071716309,0.027890898964621803,0.03934548117897727,0.011454582214355469,3.9381000995635986,3.906599998474121,0.5497799732847362,-0.7041101564737229,3.9547998905181885,0.027963638305664062,0.039127263155850495,0.011163624850186434,3.8778998851776123,3.8471999168395996,0.5459560888362051,-0.729008823372244,3.9135000705718994,0.027890898964621803,0.03872732682661577,0.010836427861993963,3.8368000984191895,3.806999921798706,0.5745589529956004,-0.6768589515615027,3.881200075149536,0.028000051325017757,0.039090936834161934,0.011090885509144176,3.8041999340057373,3.773699998855591,0.5504370224553581,-0.7144642381896138,3.841399908065796,0.027999964627352627,0.03949087316339666,0.011490908536044035,3.764400005340576,3.732800006866455,0.5518711860987748,-0.7132582379074899,3.7836999893188477,0.027963638305664062,0.03861817446621982,0.010654536160555754,3.7067999839782715,3.677500009536743,0.5588259542392492,-0.7220358512952076,3.7211999893188477,0.02770909396084872,0.036327275362881745,0.008618181402033026,3.6449999809265137,3.621299982070923,0.5176719987896383,-0.7842656447143992,3.6761999130249023,0.02763635461980646,0.03574544733220881,0.008109092712402344,3.6001999378204346,3.577899932861328,0.4928201617567083,-0.8091200170232384,3.641900062561035,0.027818246321244675,0.03560005534778942,0.0077818090265447445,3.5653998851776123,3.5439999103546143,0.4578395928132072,-0.8696863226465243,3.612499952316284,0.027854485945268112,0.03570903431285511,0.007854548367587004,3.535900115966797,3.5143001079559326,0.44228391503814485,-0.8717073533371935,3.583199977874756,0.027963638305664062,0.03596366535533558,0.00800002704967152,3.5062999725341797,3.484299898147583,0.44201991257923756,-0.8748541233317852,3.551300048828125,0.028218182650479404,0.03643634102561257,0.008218158375133167,3.4737000465393066,3.4511001110076904,0.44818567803376663,-0.856500241482554,3.511199951171875,0.028727271340110085,0.037054495377974075,0.00832722403786399,3.4321999549865723,3.4093000888824463,0.4440971043720294,-0.884825715410384,3.4665000438690186,0.029309099370783024,0.03876365314830433,0.009454553777521307,3.3859000205993652,3.3598999977111816,0.43519141512223236,-0.8848461437117576,3.4089999198913574,0.03050908175381747,0.043672735040838066,0.013163653287020597,3.3250999450683594,3.2888998985290527,0.42725381094942266,-0.8925771941578993,3.3485000133514404,0.03312726454301314,0.30861819874156604,0.2754909341985529,3.2574000358581543,2.499799966812134,0.9543355003063799,-0.6925942008592658,3.2816998958587646,0.036145383661443535,0.11545450037175958,0.2754909341985529,3.182300090789795,2.964200019836426,0.2946801809055042,-0.8861455444806956
1C2C_4-3_90cyc,4.1753997802734375,0.02785439924760298,0.04036348516290838,0.012509085915305397,4.098800182342529,4.0644001960754395,0.6081671484508565,-0.6326454431915951,4.099400043487549,0.027636441317471592,0.036400014703924004,0.008763573386452415,4.023399829864502,3.999300003051758,0.7324911158182458,-0.4098504949083024,4.079999923706055,0.027563615278764206,0.036072731018066406,0.008509115739302202,4.004199981689453,3.980799913406372,0.7137115970882847,-0.446924029332711,4.06279993057251,0.027418136596679688,0.03789086775346236,0.010472731156782671,3.9874000549316406,3.9586000442504883,0.588342767499043,-0.6502074065527004,4.010499954223633,0.027418136596679688,0.039054523814808235,0.011636387218128551,3.9351000785827637,3.90310001373291,0.5491494382064466,-0.7126426335790765,3.9516000747680664,0.027345483953302555,0.03872732682661577,0.01138184287331321,3.8763999938964844,3.845099925994873,0.5668545295287936,-0.6864521538062247,3.91129994392395,0.027381810274991123,0.03832721710205078,0.01094540682705966,3.8359999656677246,3.8059000968933105,0.5823390260964022,-0.6649867427105352,3.878999948501587,0.027527288957075638,0.03876365314830433,0.011236364191228693,3.803299903869629,3.77239990234375,0.551212912879541,-0.7087506040419242,3.8387999534606934,0.027454549616033382,0.03916358947753906,0.011709039861505682,3.7632999420166016,3.731100082397461,0.5634377957115247,-0.6930645345534496,3.778899908065796,0.027381810274991123,0.037963607094504616,0.010581796819513494,3.7035999298095703,3.674499988555908,0.5783129469836287,-0.6829963994656212,3.718600034713745,0.027309070933948864,0.03589092601429333,0.00858185508034446,3.6435000896453857,3.6198999881744385,0.49670635179778966,-0.8330919692494829,3.6745998859405518,0.027236331592906605,0.03538175062699751,0.00814541903409091,3.5996999740600586,3.5773000717163086,0.4760825079629141,-0.8317731666416996,3.640899896621704,0.027309070933948864,0.03527268496426669,0.007963614030317827,3.5657999515533447,3.5439000129699707,0.4591642010967049,-0.8493507756760157,3.6115000247955322,0.027345483953302555,0.035272771661931816,0.007927287708629261,3.53629994392395,3.5144999027252197,0.44035442405223046,-0.878920903560334,3.5820999145507812,0.02752720225941051,0.03559996865012429,0.008072766390713778,3.5064001083374023,3.4842000007629395,0.42980427679097777,-0.8906560347509167,3.550100088119507,0.027745506980202415,0.03603640469637784,0.008290897716175426,3.47379994392395,3.4509999752044678,0.43271768225655977,-0.8804163466778294,3.5097999572753906,0.02818176963112571,0.03669088537042791,0.008509115739302202,3.432300090789795,3.408900022506714,0.44438394890304,-0.8696090965262102,3.465100049972534,0.028800010681152344,0.03854543512517756,0.009745424444025213,3.3859000205993652,3.359100103378296,0.4472755940147547,-0.8591257153600873,3.4075000286102295,0.03003640608354048,0.043818213722922585,0.013781807639382103,3.324899911880493,3.2869999408721924,0.42302370275496737,-0.902040674103481,3.3475000858306885,0.03316367756236683,0.30829091505570844,0.2751272374933416,3.2562999725341797,2.4997000694274902,1.052466188904722,-0.4696943285550157,3.2818000316619873,0.03589092601429333,0.11923633922230113,0.2751272374933416,3.1830999851226807,2.953900098800659,0.2598349469050754,-0.9279316400628788
1C2C_4-2_720cyc,4.160699844360352,0.037127234719016335,0.0710181322964755,0.03389089757745916,4.058599948883057,3.965399980545044,1.7203559533797645,2.242426567878698,4.09499979019165,0.03923632881858132,0.06105448982932351,0.021818161010742188,3.9870998859405518,3.9270999431610107,1.6539042502180354,2.0307761809748737,4.077600002288818,0.03734545274214311,0.05745454268022017,0.02010908993807706,3.974900007247925,3.919600009918213,1.4574081678728448,1.4749398554346307,4.058599948883057,0.037127234719016335,0.05639995228160511,0.01927271756258878,3.9565000534057617,3.9035000801086426,1.0355924167935353,0.32391279333960865,4.014800071716309,0.036145470359108665,0.0551636435768821,0.019018173217773438,3.9154000282287598,3.863100051879883,0.9196932196780201,0.04443709770084592,3.9605000019073486,0.03549090298739346,0.05316361514004794,0.017672712152654476,3.8629000186920166,3.814300060272217,0.8967966214080092,-0.022120102077942683,3.919600009918213,0.035163619301535866,0.05109093405983665,0.01592731475830078,3.8229000568389893,3.779099941253662,0.8650826260633929,-0.11409766497476781,3.8877999782562256,0.03487274863503196,0.051054521040482956,0.016181772405450993,3.7918999195098877,3.7474000453948975,0.9065643922232789,-0.0001436995399606289,3.8503000736236572,0.03465453061190518,0.05018182234330611,0.015527291731400923,3.755000114440918,3.7123000621795654,0.8151872708025417,-0.2139428966045709,3.8055999279022217,0.0348000092939897,0.050254561684348366,0.015454552390358665,3.70989990234375,3.6673998832702637,0.7867569774525982,-0.2757716719520409,3.7572999000549316,0.03469085693359375,0.050327214327725495,0.015636357394131748,3.661900043487549,3.6189000606536865,0.7965130437625182,-0.22837314986449808,3.7086000442504883,0.03472726995294744,0.05007275668057529,0.01534548672762784,3.613100051879883,3.5708999633789062,0.7885049480794921,-0.23605795090081916,3.6665000915527344,0.03570912101052024,0.05072732405229048,0.01501820304177024,3.5683000087738037,3.5269999504089355,0.7848387150743606,-0.25883522080472066,3.6322999000549316,0.03585451299493963,0.05163634907115589,0.015781836076216263,3.5336999893188477,3.490299940109253,0.8622776774184208,-0.046571086879141355,3.601099967956543,0.03556364232843572,0.05272726579145952,0.017163623463023792,3.5032999515533447,3.4560999870300293,0.9746906478483798,0.2359016503117055,3.56820011138916,0.036400014703924004,0.05530912225896662,0.018909107555042614,3.468100070953369,3.416100025177002,1.0510643442301966,0.4357571438793033,3.532599925994873,0.03669088537042791,0.05898180874911221,0.022290923378684303,3.4316999912261963,3.3703999519348145,1.1951857674267923,0.8157077544142157,3.493299961090088,0.037199974060058594,0.0650908730246804,0.027890898964621803,3.3910000324249268,3.314300060272217,1.2383969938665063,0.9347831479121331,3.4465999603271484,0.0387999794699929,0.08109092712402344,0.04229094765403054,3.339900016784668,3.223599910736084,1.1444052258392858,0.6725539279971668,3.3919999599456787,0.039818156849254265,0.3244363611394709,0.2846182042902166,3.2825000286102295,2.499799966812134,0.7143105881584606,-0.7975934965320559,3.3308000564575195,0.04032733223655007,0.15163638375022195,0.2846182042902166,3.219899892807007,2.913800001144409,0.9792716378496792,0.22764460148054644
1C2C_4-3_720cyc,4.1616997718811035,0.03632718866521662,0.0650544600053267,0.028727271340110085,4.061800003051758,3.982800006866455,1.4245504609132185,1.3265324827122233,4.095900058746338,0.036218209700150925,0.05570914528586648,0.019490935585715553,3.996299982070923,3.942699909210205,1.4615995436924896,1.435489449362633,4.078199863433838,0.036218123002485794,0.05298181013627486,0.016763687133789062,3.978600025177002,3.932499885559082,1.1605978257032332,0.6025321332607865,4.059199810028076,0.03501814061945135,0.05254537409002131,0.017527233470569958,3.962899923324585,3.9147000312805176,0.9067086265742728,-0.024610809402140887,4.013999938964844,0.033418135209517044,0.051163586703213776,0.01774545149369673,3.922100067138672,3.873300075531006,0.8506959258056942,-0.14042786378219674,3.9595999717712402,0.033418135209517044,0.04992727799849077,0.01650914278897372,3.8677000999450684,3.8222999572753906,0.8177417148038861,-0.22562242578744485,3.918600082397461,0.03309093822132458,0.04807272824374112,0.014981790022416548,3.8276000022888184,3.786400079727173,0.8089052419959121,-0.26356125984628465,3.885999917984009,0.03276356783780185,0.04789083654230291,0.015127268704501066,3.7959001064300537,3.754300117492676,0.8368093121024324,-0.19598189035512226,3.847599983215332,0.03279998085715554,0.047599965875799004,0.014799985018643465,3.7574000358581543,3.7167000770568848,0.7890683932824523,-0.2956888235926449,3.803800106048584,0.032363718206232246,0.04694548520174893,0.014581766995516691,3.7147998809814453,3.6747000217437744,0.7445247350043089,-0.36602913198954834,3.7572999000549316,0.03272724151611328,0.047454487193714485,0.014727245677601208,3.66729998588562,3.626800060272217,0.7220329420851023,-0.41105669336537787,3.7093000411987305,0.03316367756236683,0.04756363955411044,0.014399961991743608,3.6180999279022217,3.5785000324249268,0.696661668005109,-0.45467729201365437,3.6672000885009766,0.03298187255859375,0.04741824756969105,0.014436375011097301,3.5764999389648438,3.536799907684326,0.7519619812783481,-0.3263573500834802,3.63319993019104,0.03378183191472834,0.04829085956920277,0.014509027654474432,3.540299892425537,3.5004000663757324,0.752690700476399,-0.3193747132258542,3.601900100708008,0.034254594282670456,0.049345449967817825,0.015090855685147371,3.507699966430664,3.466200113296509,0.7789429750847159,-0.25455186501390337,3.5690999031066895,0.03490907495672053,0.051018108021129265,0.016109033064408737,3.473099946975708,3.428800106048584,0.819158324724075,-0.1529945942302393,3.5329999923706055,0.035236358642578125,0.054109053178267044,0.01887269453568892,3.4361000061035156,3.384200096130371,0.9699240193574526,0.21755517934741642,3.49399995803833,0.036254536021839485,0.059527223760431465,0.023272687738591976,3.3942999839782715,3.3303000926971436,1.0486597342943536,0.421083714208923,3.4481000900268555,0.03709090839732777,0.07098189267245206,0.03389098427512429,3.346100091934204,3.2528998851776123,1.036456992916388,0.4006692635541391,3.3958001136779785,0.039018197493119675,0.32581823522394354,0.28680003773082385,3.2885000705718994,2.499799966812134,0.5596615121839668,-1.0081468018823516,3.3348000049591064,0.039745417508212005,0.14301820234818893,0.28680003773082385,3.2255001068115234,2.941499948501587,0.8901133895393434,0.03308614012685629
1C2C_4-2_810cyc,4.154399871826172,0.03861808776855469,0.07927270369096236,0.04065461592240767,4.0482001304626465,3.9363999366760254,1.9069320565233876,2.846547663959149,4.094200134277344,0.04225462133234197,0.07112728465687145,0.028872663324529476,3.9779999256134033,3.8986001014709473,1.7912416979137051,2.445716925809152,4.077300071716309,0.04061820290305398,0.06665455211292613,0.026036349209872158,3.96560001373291,3.8940000534057617,1.5811224721926205,1.8144900346533772,4.059000015258789,0.0397818305275657,0.06552730907093395,0.025745478543368252,3.9495999813079834,3.8787999153137207,1.3183809332529655,1.0541411478048044,4.022799968719482,0.03970909118652344,0.06327273628928444,0.02356364510276101,3.913599967956543,3.84879994392395,1.09435555045063,0.43859681877445933,3.9737000465393066,0.03869091380726208,0.06090909784490412,0.022218184037642044,3.867300033569336,3.8062000274658203,1.051300733276058,0.32053126393580245,3.928999900817871,0.03843636946244673,0.058690851384943184,0.02025448192249645,3.8232998847961426,3.7676000595092773,1.0448372250750073,0.2898373715486873,3.8933000564575195,0.03778180209073154,0.057018193331631745,0.01923639124090021,3.789400100708008,3.7365000247955322,1.0027868312236519,0.1982871546253886,3.8596999645233154,0.037199974060058594,0.056763648986816406,0.019563674926757812,3.7574000358581543,3.7035999298095703,0.9583662985271867,0.10759606163567126,3.8248000144958496,0.037236387079412285,0.057018193331631745,0.01978180625221946,3.722399950027466,3.6679999828338623,0.8979079376455893,-0.02589574790959759,3.786799907684326,0.03767273642800071,0.05759993466463956,0.01992719823663885,3.683199882507324,3.6284000873565674,0.8620167112230248,-0.10749912281749063,3.7464001178741455,0.0377091494473544,0.057818239385431465,0.02010908993807706,3.642699956893921,3.587399959564209,0.8514722565583759,-0.12247307178621192,3.704400062561035,0.037963693792169746,0.05861819874156605,0.020654504949396305,3.5999999046325684,3.5432000160217285,0.9026985306547534,0.006461126553980012,3.6663999557495117,0.03800002011385831,0.058727264404296875,0.020727244290438564,3.5618999004364014,3.5048999786376953,0.9455579598425733,0.11684715177405369,3.6335999965667725,0.03883639248934659,0.059599963101473724,0.020763570612127132,3.5267999172210693,3.4697000980377197,0.9392340612297418,0.11071683442849656,3.6013998985290527,0.039200002496892754,0.06127270785245029,0.02207270535555753,3.4935998916625977,3.4328999519348145,1.002373837445544,0.2729183652700642,3.5664000511169434,0.040000048550692474,0.06370908563787286,0.023709037087180397,3.456399917602539,3.391200065612793,1.0571261930694098,0.4154245168960182,3.5292000770568848,0.03989089619029652,0.06618187644264915,0.026290980252352627,3.4195001125335693,3.3471999168395996,1.137679732646321,0.6327750019049225,3.4888999462127686,0.04021817987615412,0.07330903139981357,0.03309085152365945,3.3782999515533447,3.2873001098632812,1.2587793011193495,0.9773930557349249,3.445199966430664,0.04094539989124645,0.22843638333407315,0.1874909834428267,3.3326001167297363,2.816999912261963,0.3049808197878175,-0.8692860648865794,3.396899938583374,0.04250907897949219,0.11112724650989879,0.1874909834428267,3.2799999713897705,3.0913000106811523,1.0173812446872337,0.39581108153304045
1C2C_4-3_810cyc,4.156199932098389,0.03869091380726208,0.0719999833540483,0.033309069546786224,4.049799919128418,3.958199977874756,1.6129741294502185,1.8978382082528196,4.0945000648498535,0.03829089078036221,0.06269090825861151,0.02440001747824929,3.9892001152038574,3.922100067138672,1.6157383069912223,1.888564584219572,4.077499866485596,0.03818173841996626,0.059527223760431465,0.0213454853404652,3.9725000858306885,3.913800001144409,1.3394068870460283,1.074690997766023,4.057700157165527,0.03698184273459695,0.058654611760919746,0.0216727690263228,3.9560000896453857,3.896399974822998,1.0825595118779556,0.3963382468534524,4.017099857330322,0.03592725233598189,0.056836301630193535,0.020909049294211647,3.918299913406372,3.86080002784729,0.9668069780506093,0.10714200234263238,3.965399980545044,0.03581818667325107,0.05523638291792436,0.019418196244673294,3.8668999671936035,3.813499927520752,0.9335775218746352,0.011784620126502166,3.9230000972747803,0.03458187796852805,0.05265461314808239,0.018072735179554333,3.827899932861328,3.7781999111175537,0.9694099880867854,0.0932857607268085,3.8877999782562256,0.03465453061190518,0.05167276209050959,0.017018231478604404,3.7925000190734863,3.745699882507324,0.9434269648617417,0.030215139104230904,3.8513998985290527,0.03436357324773615,0.05152719671075994,0.017163623463023792,3.7569000720977783,3.709700107574463,0.8599042786524098,-0.1545058925070455,3.813499927520752,0.03436357324773615,0.05134539170698686,0.01698181845925071,3.7190001010894775,3.672300100326538,0.7810136290982953,-0.3200166579111432,3.773099899291992,0.034327246926047585,0.052072698419744316,0.01774545149369673,3.6786999702453613,3.6298999786376953,0.8108865155821248,-0.23843636971678617,3.7298998832702637,0.035236358642578125,0.05265452645041726,0.017418167807839134,3.632999897003174,3.585099935531616,0.7485850008816801,-0.36871885116898895,3.6874001026153564,0.03469094363125888,0.052218177101828835,0.017527233470569958,3.5920000076293945,3.543800115585327,0.8027699971581338,-0.243903000923956,3.6512999534606934,0.034181768243963066,0.05287274447354404,0.018690976229580967,3.557300090789795,3.5058999061584473,0.9446218321382339,0.1125879274387005,3.6196999549865723,0.036145470359108665,0.054036313837224785,0.017890843478116123,3.5202999114990234,3.471100091934204,0.8310236729326738,-0.16139576970172032,3.5871999263763428,0.036145470359108665,0.0551636435768821,0.019018173217773438,3.487799882888794,3.435499906539917,0.8944200831645586,-0.002113897620344307,3.5508999824523926,0.036945429715243255,0.05825450203635476,0.021309072321111507,3.4493000507354736,3.390700101852417,0.9853555319281635,0.22999498333258028,3.512200117111206,0.03727280009876598,0.06214549324729226,0.02487269314852628,3.4096999168395996,3.3413000106811523,1.1079490525074978,0.5547093126765286,3.469399929046631,0.03858176144686612,0.06916358254172585,0.03058182109485973,3.363300085067749,3.2792000770568848,1.1235061131904742,0.6028455660968599,3.422499895095825,0.04003628817471591,0.2825454365123402,0.2425091483376243,3.3124001026153564,2.6454999446868896,0.14302888027747165,-0.9037097021799436,3.365799903869629,0.0400727011940696,0.1241090947931463,0.2425091483376243,3.2555999755859375,3.0244998931884766,0.9490422238378303,0.2047546351926508
1C2C_4-2_840cyc,4.153299808502197,0.043636322021484375,0.08298171650279652,0.03934539448131214,4.033299922943115,3.925100088119507,1.6394244329781023,1.9992929277093214,4.096399784088135,0.04621809179132635,0.07796356894753197,0.03174547715620561,3.9693000316619873,3.881999969482422,1.6446510270218835,1.9723581226433788,4.078400135040283,0.046618201515891335,0.07400001179088246,0.027381810274991123,3.950200080871582,3.8749001026153564,1.4357437351168387,1.346152802023867,4.064199924468994,0.04523632743141868,0.07210904901677911,0.02687272158536044,3.9398000240325928,3.8659000396728516,1.2676244435588082,0.8918512590500471,4.0391998291015625,0.0443999550559304,0.07058178294788707,0.026181827891956676,3.917099952697754,3.845099925994873,1.0917154078654663,0.4289965172022825,4.004700183868408,0.044000105424360794,0.06956369226629083,0.025563586841930042,3.883699893951416,3.8134000301361084,0.9608700804283666,0.10084597477837676,3.9611001014709473,0.04287277568470348,0.06752733750776811,0.024654561823064632,3.8431999683380127,3.775399923324585,0.8964423624805551,-0.06188565672609947,3.921799898147583,0.042472665960138496,0.06621811606667259,0.023745450106534092,3.805000066757202,3.7397000789642334,0.8766081948793704,-0.10908452075812747,3.891200065612793,0.04247275265780362,0.0648000023581765,0.022327249700372868,3.774399995803833,3.7130000591278076,0.80321397809376,-0.2738849537180865,3.866499900817871,0.04229086095636541,0.06490906802090732,0.022618207064541904,3.750200033187866,3.687999963760376,0.8061841846791172,-0.25479619533564746,3.8417999744415283,0.04221820831298828,0.065418156710538,0.023199948397549717,3.7256999015808105,3.661900043487549,0.8019280508162828,-0.24904591446837365,3.813999891281128,0.04207272963090376,0.0647635893388228,0.022690859707919033,3.6982998847961426,3.6359000205993652,0.7390248368707482,-0.38606033068972856,3.783099889755249,0.04236360029740767,0.06563628803599965,0.023272687738591976,3.666599988937378,3.60260009765625,0.7465927582439479,-0.36145667505463397,3.749799966812134,0.04210905595259233,0.0663635947487571,0.024254538796164772,3.634000062942505,3.5673000812530518,0.795431093660259,-0.24824664088846182,3.713599920272827,0.04236360029740767,0.06676361777565697,0.02440001747824929,3.597100019454956,3.5299999713897705,0.8040229615610966,-0.22835178184431193,3.6775999069213867,0.04290901530872692,0.06687268343838779,0.023963668129660866,3.5596001148223877,3.4937000274658203,0.7902319419003356,-0.26408732149618563,3.6433000564575195,0.042727297002618965,0.06763640317049893,0.02490910616787997,3.5257999897003174,3.4572999477386475,0.8765331203273694,-0.05925728368515104,3.6106998920440674,0.043454517017711296,0.06839994950727983,0.02494543248956854,3.4911999702453613,3.422600030899048,0.878020863601423,-0.04716245344340342,3.578000068664551,0.04421823674982244,0.06981823661110619,0.025599999861283737,3.456399917602539,3.385999917984009,0.880988944586557,-0.028908887601945654,3.544800043106079,0.04483639110218395,0.1461091475053267,0.10127275640314276,3.4214999675750732,3.1429998874664307,0.45718837387865635,-0.739531409162669,3.5116000175476074,0.045745502818714485,0.07887276736172763,0.10127275640314276,3.3857998847961426,3.2946999073028564,0.8437165438411113,-0.03894817452423727
1C2C_4-3_840cyc,4.153500080108643,0.04058178988370029,0.07530914653431285,0.03472735665061257,4.041900157928467,3.9463999271392822,1.6115664750114191,1.8952893319302628,4.095300197601318,0.041090965270996094,0.06730911948464134,0.02621815421364524,3.982300043106079,3.9102001190185547,1.52631834207589,1.5846575759185884,4.078499794006348,0.04036357186057351,0.06429082697088068,0.023927255110307175,3.9674999713897705,3.901700019836426,1.3612581128249202,1.1112577901629939,4.062300205230713,0.03963643854314631,0.06349095431241122,0.023854515769264915,3.9532999992370605,3.887700080871582,1.121986417682953,0.46897625236582385,4.0278000831604,0.03778188878839666,0.06116364218971946,0.0233817534013228,3.9238998889923096,3.859600067138672,1.0322695437095002,0.2498732559881054,3.9820001125335693,0.03760008378462358,0.059818181124600495,0.022218097339976917,3.8785998821258545,3.817500114440918,0.9783888248648532,0.10563052429089392,3.9354000091552734,0.03727271340110085,0.05719999833540483,0.019927284934303978,3.832900047302246,3.77810001373291,0.9512110763204135,0.02722922381336046,3.897599935531616,0.03647266734730114,0.055090904235839844,0.018618236888538708,3.797300100326538,3.7460999488830566,0.8666329696607987,-0.17032376054952314,3.8657000064849854,0.03672729838978161,0.05538186160000888,0.018654563210227272,3.764699935913086,3.713399887084961,0.7998771148482021,-0.3048075414825844,3.835400104522705,0.03680003773082386,0.055963689630681816,0.019163651899857956,3.7342000007629395,3.68149995803833,0.7684500984217487,-0.3591227152474086,3.802000045776367,0.036400014703924004,0.05589095028963956,0.019490935585715553,3.701900005340576,3.6482999324798584,0.7636649836769771,-0.3607679701221018,3.765700101852417,0.03618188337846236,0.05621823397549716,0.0200363505970348,3.6661999225616455,3.6110999584198,0.7887191731761235,-0.29615905920959085,3.7263998985290527,0.0371635610407049,0.05698178031227805,0.019818219271573154,3.6242001056671143,3.569700002670288,0.7507801792990139,-0.3794146517291397,3.6877999305725098,0.03658181970769709,0.056799975308504974,0.020218155600807884,3.5871999263763428,3.531599998474121,0.8137100339894408,-0.22284710474832048,3.653599977493286,0.03752725774591619,0.05745454268022017,0.019927284934303978,3.5504000186920166,3.4955999851226807,0.802655780473476,-0.2495776374750278,3.6217000484466553,0.038109085776589134,0.05869093808260831,0.020581852306019176,3.516900062561035,3.4602999687194824,0.8311513969020559,-0.17062665595981086,3.588200092315674,0.038109085776589134,0.059745528481223366,0.02163644270463423,3.4834001064300537,3.4238998889923096,0.8829343854365549,-0.049136262697353494,3.5524001121520996,0.03876365314830433,0.06221823258833452,0.023454579440030186,3.4458000659942627,3.3812999725341797,0.9584100825770909,0.14848494042272486,3.5144999027252197,0.03949087316339666,0.06505454670299184,0.02556367353959517,3.405900001525879,3.335599899291992,1.0256323908411373,0.3265951987198705,3.473299980163574,0.040036374872381035,0.16781815615567294,0.1277817812832919,3.3631999492645264,3.0118000507354736,0.30424706957905845,-0.8841822915155801,3.4316999912261963,0.04156364094127308,0.08650909770618785,0.1277817812832919,3.3173999786376953,3.1937999725341797,0.9713822786369404,0.3013275230313388
1C2C_4-3_855cyc,4.150199890136719,0.04163638028231534,0.07719993591308594,0.0355635556307706,4.035699844360352,3.9379000663757324,1.5878962512954322,1.8291186862704691,4.095799922943115,0.043636322021484375,0.07185450467196378,0.028218182650479404,3.975800037384033,3.898200035095215,1.5035657257959711,1.5079300594069105,4.079100131988525,0.042109142650257454,0.06829097054221413,0.026181827891956676,3.9632999897003174,3.8912999629974365,1.4002484275426912,1.219985279440131,4.065299987792969,0.0407272685657848,0.06676361777565697,0.026036349209872158,3.9532999992370605,3.881700038909912,1.194704599390368,0.6670149826031833,4.035399913787842,0.04098181291060014,0.06556363539262251,0.024581822482022373,3.9226999282836914,3.85509991645813,1.007406727139909,0.17711841892686664,3.9965999126434326,0.03989089619029652,0.06338180195201527,0.02349090576171875,3.886899948120117,3.8222999572753906,0.9405366540695049,0.005995054804551536,3.9495999813079834,0.03861817446621982,0.0607636191628196,0.02214544469659979,3.843400001525879,3.7825000286102295,0.9340418080131521,-0.0035776877075708313,3.9102001190185547,0.03865458748557351,0.059890920465642754,0.021236332980069248,3.8039000034332275,3.745500087738037,0.8568117291968224,-0.18973182037132208,3.880000114440918,0.03832730379971591,0.05858187241987749,0.020254568620161575,3.774600028991699,3.718899965286255,0.7894264317025319,-0.34543556460017477,3.8541998863220215,0.03825447776100852,0.05909087441184304,0.02083639665083452,3.749000072479248,3.691699981689453,0.7849029330933277,-0.3356481389677355,3.8266000747680664,0.03858184814453125,0.059745441783558235,0.02116359363902699,3.7204999923706055,3.6623001098632812,0.7570824227463616,-0.3870312151371569,3.796099901199341,0.038109085776589134,0.05923635309392756,0.021127267317338425,3.6912999153137207,3.63319993019104,0.7395058763135227,-0.4210688748381739,3.7627999782562256,0.03836363012140447,0.0601090517911044,0.02174542166969993,3.6572999954223633,3.5975000858306885,0.7508537173331099,-0.3823455223187717,3.726900100708008,0.03836363012140447,0.06058181415904652,0.022218184037642044,3.6214001178741455,3.56030011177063,0.7813199458734599,-0.30704219502596786,3.6910998821258545,0.03839995644309304,0.06032726981423118,0.021927313371138138,3.5855000019073486,3.5251998901367188,0.7807589436601208,-0.3046682363493156,3.6577999591827393,0.03938180750066584,0.06138177351518111,0.02199996601451527,3.549499988555908,3.489000082015991,0.7777888324883602,-0.3060698115367346,3.6252999305725098,0.039745417508212005,0.062399950894442474,0.02265453338623047,3.5160000324249268,3.453700065612793,0.8066395837565157,-0.23282155842998264,3.5927000045776367,0.03970909118652344,0.06265458193692294,0.022945490750399502,3.4835000038146973,3.4203999042510986,0.8264072108791551,-0.19317440623499937,3.5589001178741455,0.04061820290305398,0.06534550406716087,0.024727301164106888,3.447200059890747,3.379199981689453,0.9254604761814977,0.04705821387455389,3.522700071334839,0.04167279330166904,0.13836366480047052,0.0966908714988015,3.408099889755249,3.142199993133545,0.3940553682539725,-0.7734482045765834,3.4846999645233154,0.0413818359375,0.07472723180597479,0.0966908714988015,3.3708999156951904,3.2792000770568848,0.9687686389354674,0.2775399001345158
1C2C_4-3_870cyc,4.14709997177124,0.043599909002130684,0.08192729949951172,0.038327390497381035,4.027200222015381,3.921799898147583,1.5984067236853639,1.8633719804945237,4.09660005569458,0.04600004716352983,0.07694547826593573,0.030945431102405895,3.970099925994873,3.884999990463257,1.530844735571909,1.5961392094532663,4.079899787902832,0.04570900310169567,0.07312722639604048,0.027418223294344814,3.954200029373169,3.8787999153137207,1.3632835379042858,1.1058417179523765,4.067200183868408,0.044654586098410866,0.07174552570689809,0.027090939608487217,3.9444000720977783,3.8698999881744385,1.1895556904326439,0.6435179229099623,4.042099952697754,0.043672735040838066,0.07043630426580255,0.02676356922496449,3.921999931335449,3.848400115966797,1.0686678219561694,0.34291696780215686,4.01170015335083,0.04214546897194602,0.06847277554598721,0.026327306574041195,3.8958001136779785,3.8234000205993652,0.9807016291932412,0.13533833421483754,3.9707999229431152,0.04145448858087713,0.06723629344593395,0.02578180486505682,3.856800079345703,3.785900115966797,0.9089189216050931,-0.044288318928942694,3.9312000274658203,0.040872747247869316,0.06549089605158026,0.024618148803710938,3.8187999725341797,3.7511000633239746,0.8610930905981092,-0.16837416554491336,3.899600028991699,0.04069094224409624,0.06443639235063033,0.023745450106534092,3.7876999378204346,3.722399950027466,0.850370274731212,-0.19179215898954283,3.874799966812134,0.040909073569557884,0.06392730366099965,0.02301823009144176,3.7623000144958496,3.6989998817443848,0.800235863801351,-0.2966035437689598,3.85260009765625,0.040836420926180755,0.06363643299449574,0.022800012068314987,3.740299940109253,3.6775999069213867,0.7620123659580976,-0.3768512724042754,3.828700065612793,0.041018225929953835,0.06414552168412642,0.023127295754172585,3.71589994430542,3.6522998809814453,0.7408959624281356,-0.41067649945197315,3.8015999794006348,0.040909073569557884,0.06432723999023438,0.02341816642067649,3.6891000270843506,3.6247000694274902,0.7336376381824454,-0.4185352758238978,3.772599935531616,0.04047272422096946,0.0648000023581765,0.02432727813720703,3.66129994392395,3.594399929046631,0.7753520582146001,-0.3156590791867031,3.7409000396728516,0.040945486588911575,0.0652727647261186,0.02432727813720703,3.6282999515533447,3.5613999366760254,0.7538283589611255,-0.3561300359379218,3.7072999477386475,0.040763594887473366,0.06545456972989169,0.024690974842418324,3.5952000617980957,3.5272998809814453,0.7840756640389046,-0.28565765325323333,3.673799991607666,0.04178177226673473,0.06585450605912642,0.02407273379239169,3.5589001178741455,3.4927000999450684,0.743558243136591,-0.38266092847459277,3.6412999629974365,0.04149090160023083,0.06665455211292613,0.025163650512695312,3.5271999835968018,3.4579999446868896,0.8171477744534283,-0.21540129792368834,3.6101999282836914,0.041854511607776985,0.06730903278697621,0.02545452117919922,3.4951000213623047,3.425100088119507,0.8510569853836355,-0.1375677914281721,3.5789999961853027,0.04243633963844993,0.12861815365878018,0.08618181402033026,3.4623000621795654,3.2253000736236572,0.4645795717247203,-0.6777607981020877,3.546299934387207,0.04338177767666904,0.07181817835027521,0.08618181402033026,3.427000045776367,3.34879994392395,0.8804925765514107,0.023241796086183264
1C2C_4-1_120cyc,4.174099922180176,0.027890812266956676,0.041563554243607956,0.013672741976651278,4.097400188446045,4.059800148010254,0.6519787281428022,-0.5696201721295568,4.0991997718811035,0.02850896661931818,0.0381454120982777,0.009636445478959517,4.0208001136779785,3.99429988861084,0.778221891507418,-0.3328482183172419,4.079999923706055,0.02843631397594105,0.037854541431773796,0.00941822745583274,4.001800060272217,3.9758999347686768,0.7709245934588949,-0.33849486568633314,4.063700199127197,0.028254595669833096,0.03963643854314631,0.01138184287331321,3.9860000610351562,3.954699993133545,0.6336435550629542,-0.5676169089906411,4.012499809265137,0.028218095952814274,0.040799921209161934,0.012581825256347656,3.9349000453948975,3.9003000259399414,0.600169256602594,-0.6298113744127316,3.9535000324249268,0.028254595669833096,0.04050913724032315,0.012254541570490057,3.8757998943328857,3.842099905014038,0.6082566828989047,-0.6217683062309405,3.9128000736236572,0.028254595669833096,0.039927309209650215,0.011672713539817116,3.835099935531616,3.802999973297119,0.6272393540000362,-0.5913587098577744,3.8798999786376953,0.02818176963112571,0.04018185355446555,0.012000083923339844,3.8024001121520996,3.769399881362915,0.6223115082251464,-0.5988829104481392,3.8376998901367188,0.028327248313210228,0.04036357186057351,0.012036323547363281,3.7597999572753906,3.7267000675201416,0.6062428005922068,-0.6273097580459064,3.780600070953369,0.02810911698774858,0.03898187117143111,0.010872754183682528,3.7032999992370605,3.6733999252319336,0.6092806636356098,-0.6299856002551456,3.723299980163574,0.02785457264293324,0.03738177906383167,0.009527206420898438,3.646699905395508,3.620500087738037,0.5445462189337454,-0.7356243285072726,3.678499937057495,0.027890898964621803,0.036872690374200996,0.008981791409579191,3.601799964904785,3.5771000385284424,0.5075616974698777,-0.7813258594305981,3.6440000534057617,0.027963638305664062,0.03661823272705078,0.008654594421386719,3.5671000480651855,3.543299913406372,0.4867586566547601,-0.8108201043739758,3.6142001152038574,0.02803637764670632,0.03672729838978161,0.008690920743075285,3.537100076675415,3.513200044631958,0.4873966314574298,-0.8122496310941196,3.5845000743865967,0.028145443309437145,0.037018169056285515,0.008872725746848366,3.5071001052856445,3.4827001094818115,0.48401039823960457,-0.8014815771277086,3.552000045776367,0.028399987654252487,0.0373818657614968,0.008981878107244318,3.473900079727173,3.449199914932251,0.47695042955490874,-0.8255366275396558,3.513000011444092,0.028909076343883167,0.038109085776589134,0.009200009432705965,3.433500051498413,3.4082000255584717,0.4802999836368415,-0.8206296264200583,3.4677999019622803,0.029381752014160156,0.03989089619029652,0.010509144176136364,3.38700008392334,3.358099937438965,0.49112575468453135,-0.7991137688373242,3.4140000343322754,0.030763626098632812,0.044618173079057175,0.01385454698042436,3.329400062561035,3.291300058364868,0.40903552218385203,-0.9436143515639634,3.3534998893737793,0.03305452520197088,0.31039992245760833,0.27734539725563745,3.2625999450683594,2.4999001026153564,0.8745404577344823,-0.7967730356934464,3.296999931335449,0.036218123002485794,0.11479993300004439,0.27734539725563745,3.1974000930786133,2.981300115585327,0.34708911598462516,-0.8293022077969208
1C2C_4-2_120cyc,4.1768999099731445,0.028727271340110085,0.041745445945046165,0.013018174604936079,4.097899913787842,4.062099933624268,0.6287703487990253,-0.6069966867708732,4.099599838256836,0.02850896661931818,0.03730903972278942,0.008800073103471235,4.021200180053711,3.996999979019165,0.7299930108826549,-0.4339212053143289,4.080100059509277,0.02836366133256392,0.03687277707186612,0.008509115739302202,4.002099990844727,3.9786999225616455,0.7035043169579371,-0.48713140097350394,4.065199851989746,0.028218095952814274,0.03843628276478161,0.010218186811967329,3.987600088119507,3.9595000743865967,0.5745074876039643,-0.6755367342761276,4.014900207519531,0.028181856328790836,0.03963643854314631,0.011454582214355469,3.9374001026153564,3.905900001525879,0.533163338112153,-0.74377844502924,3.9551000595092773,0.027963638305664062,0.039309154857288704,0.011345516551624645,3.878200054168701,3.8469998836517334,0.5576394205424292,-0.7039313396339848,3.913800001144409,0.027999964627352627,0.03890913183038885,0.010909167203036222,3.8368000984191895,3.80679988861084,0.5794999088478653,-0.6664740579863881,3.8817999362945557,0.02803637764670632,0.03930906815962358,0.01127269051291726,3.8046998977661133,3.773699998855591,0.5721143745941434,-0.6709247522459685,3.842099905014038,0.028145443309437145,0.039672678167169746,0.0115272348577326,3.764699935913086,3.7330000400543213,0.5551234695550673,-0.7119428058377273,3.785399913787842,0.028072703968394886,0.038836305791681465,0.010763601823286577,3.708199977874756,3.6786000728607178,0.5625187497514491,-0.7264201280766045,3.7228000164031982,0.027927311983975498,0.03661814602938565,0.008690834045410156,3.6459999084472656,3.6221001148223877,0.4980894730277524,-0.821704413578479,3.6772000789642334,0.027890898964621803,0.03596366535533558,0.008072766390713778,3.6005001068115234,3.5782999992370605,0.46134509639283827,-0.8653380515421181,3.642699956893921,0.027999964627352627,0.03585451299493963,0.007854548367587004,3.565700054168701,3.544100046157837,0.44429184025327384,-0.8799599654687378,3.6131999492645264,0.028072703968394886,0.03599999167702415,0.007927287708629261,3.5360000133514404,3.51419997215271,0.4427483212909523,-0.8711241384432116,3.5838000774383545,0.028181856328790836,0.036290949041193184,0.008109092712402344,3.5062999725341797,3.4839999675750732,0.4388000235817828,-0.8855841629374983,3.5518999099731445,0.02843631397594105,0.03672721169211648,0.008290897716175426,3.4737000465393066,3.450900077819824,0.4364128036792359,-0.8754582559519455,3.5127999782562256,0.028909076343883167,0.03741819208318537,0.008509115739302202,3.433300018310547,3.409899950027466,0.45661362909556913,-0.8651971613989753,3.468100070953369,0.029636383056640625,0.03934548117897727,0.009709098122336647,3.3866000175476074,3.3598999977111816,0.4432755577285009,-0.8745352586547885,3.4123001098632812,0.030727299776944248,0.044545520435680046,0.013818220658735796,3.3278000354766846,3.289799928665161,0.45016058939875736,-0.8645723671826038,3.351099967956543,0.03374541889537464,0.3095999631014737,0.27585454420609906,3.2583000659942627,2.4997000694274902,1.0476127787329848,-0.47273331746069047,3.2955000400543213,0.03665455904873935,0.12429089979691939,0.27585454420609906,3.194700002670288,2.953700065612793,0.3264891855586897,-0.8579690442323384
1C2C_4-3_120cyc,4.174099922180176,0.028036290949041195,0.041018225929953835,0.012981934980912642,4.0970001220703125,4.061299800872803,0.6306506940850958,-0.6032114838487375,4.098700046539307,0.02789098566228693,0.03676362471147017,0.008872639049183239,4.021999835968018,3.9976000785827637,0.7401747456335184,-0.41561460233982617,4.079800128936768,0.02770909396084872,0.03636368838223544,0.008654594421386719,4.003600120544434,3.97979998588562,0.7142537208415204,-0.4441405391565314,4.062699794769287,0.027563528581099075,0.03821806474165483,0.010654536160555754,3.9869000911712646,3.9576001167297363,0.5860243167371256,-0.6468876901683376,4.01039981842041,0.027490875937721947,0.03923632881858132,0.011745452880859375,3.934799909591675,3.9024999141693115,0.5487840598715086,-0.7122509810582289,3.95169997215271,0.027454549616033382,0.03898178447376598,0.0115272348577326,3.876199960708618,3.8445000648498535,0.5695136069356654,-0.6746660554790331,3.911799907684326,0.027490875937721947,0.03858176144686612,0.011090885509144176,3.836199998855591,3.8057000637054443,0.5804095404189015,-0.6660804288973226,3.879699945449829,0.027527288957075638,0.038909045132723724,0.011381756175648083,3.803999900817871,3.772700071334839,0.5671849529040733,-0.6892359063352371,3.839400053024292,0.027563615278764206,0.03923641551624645,0.011672800237482244,3.7636001110076904,3.7314999103546143,0.5547827974980918,-0.7136295760688465,3.7809998989105225,0.027490875937721947,0.03818173841996626,0.010690862482244318,3.705399990081787,3.6760001182556152,0.5816749444189617,-0.6928152484273693,3.720599889755249,0.02734539725563743,0.036145383661443535,0.008799986405806108,3.645400047302246,3.6212000846862793,0.5005019031995454,-0.8177076954584659,3.6760001182556152,0.027345483953302555,0.03563638166947798,0.008290897716175426,3.600800037384033,3.578000068664551,0.47594547421896166,-0.8401772796159697,3.641900062561035,0.027418223294344814,0.0354545766657049,0.008036353371360085,3.566499948501587,3.5443999767303467,0.45441558814043687,-0.8618477515747056,3.6124000549316406,0.027454549616033382,0.03552731600674716,0.008072766390713778,3.536900043487549,3.514699935913086,0.43733934995728735,-0.8786067558388049,3.5829999446868896,0.02759994160045277,0.03585451299493963,0.00825457139448686,3.5071001052856445,3.4844000339508057,0.4450086593567822,-0.8678638509375971,3.551100015640259,0.027963638305664062,0.036290949041193184,0.00832731073552912,3.4742000102996826,3.4512999057769775,0.42690621941385853,-0.9043109104687161,3.51200008392334,0.028290921991521664,0.03698184273459695,0.008690920743075285,3.4342000484466553,3.4103000164031982,0.44658690773114473,-0.8593706229534597,3.467400074005127,0.028981815684925426,0.03890913183038885,0.009927316145463423,3.387700080871582,3.3603999614715576,0.4463808890048302,-0.8754462418322952,3.411799907684326,0.030327276750044388,0.04458176005970348,0.01425448330965909,3.328399896621704,3.2892000675201416,0.4339426635272938,-0.8847431100796079,3.3512001037597656,0.033345482566139915,0.3096363761208274,0.2762908935546875,3.259500026702881,2.4997000694274902,1.1096368623853792,-0.31838761527392245,3.2978999614715576,0.03661814602938565,0.12643632021817294,0.2762908935546875,3.197200059890747,2.950200080871582,0.2820491688009583,-0.9173739440722497
1C2C_4-1_initial,4.182400226593018,0.02832742170854048,0.039163762872869316,0.010836341164328835,4.104499816894531,4.074699878692627,0.5408329967831468,-0.7209649561241731,4.104100227355957,0.02894557606090199,0.037345539439808235,0.00839996337890625,4.024499893188477,4.001399993896484,0.6733448272163326,-0.5057780936817418,4.082699775695801,0.02890898964621804,0.03730903972278942,0.008400050076571379,4.003200054168701,3.98009991645813,0.6859417521176024,-0.49075699357676816,4.066199779510498,0.02876359766179865,0.038836305791681465,0.010072708129882812,3.9870998859405518,3.959399938583374,0.6010177191518945,-0.620132734000661,4.015200138092041,0.028800010681152344,0.04007278789173473,0.011272777210582386,3.936000108718872,3.9049999713897705,0.5611468757403894,-0.6877631120218699,3.954900026321411,0.028872750022194603,0.040036374872381035,0.011163624850186434,3.875499963760376,3.8447999954223633,0.5682760848135749,-0.6804380806899806,3.912400007247925,0.028800010681152344,0.03963635184548118,0.010836341164328835,3.833199977874756,3.8034000396728516,0.5844026941882148,-0.6494099067860031,3.878999948501587,0.029054555025967686,0.040109114213423294,0.01105455918745561,3.799099922180176,3.768699884414673,0.5643709912078172,-0.6987507267336079,3.837100028991699,0.029018228704279118,0.04054546356201172,0.0115272348577326,3.7572999000549316,3.725600004196167,0.5788513038174308,-0.6624763980705284,3.7725000381469727,0.028909076343883167,0.03832730379971591,0.00941822745583274,3.693000078201294,3.667099952697754,0.580527062475994,-0.6971309354753203,3.7170000076293945,0.028909076343883167,0.037127234719016335,0.008218158375133167,3.637500047683716,3.6149001121520996,0.5069390771193282,-0.8012897260065888,3.6737000942230225,0.028872750022194603,0.0367637114091353,0.007890961386940697,3.5943000316619873,3.5725998878479004,0.48474473967560067,-0.805941308885159,3.6401000022888184,0.028909076343883167,0.03658181970769709,0.00767274336381392,3.5606000423431396,3.5394999980926514,0.47349241895959737,-0.8321344349876609,3.6108999252319336,0.02894540266557173,0.03665455904873935,0.007709156383167614,3.5313000679016113,3.5100998878479004,0.47431058853155544,-0.8199357006661345,3.581700086593628,0.029090968045321377,0.03683636405251243,0.0077453960071910515,3.501699924468994,3.4804000854492188,0.44331611067523136,-0.8695989642707365,3.54830002784729,0.029309099370783024,0.037199974060058594,0.007890874689275568,3.4677000045776367,3.446000099182129,0.43730123581026203,-0.8673659667436318,3.504300117492676,0.029636383056640625,0.03760008378462358,0.007963700727982954,3.422800064086914,3.400899887084961,0.44390588113301377,-0.8616270578472216,3.4576001167297363,0.03007273240522905,0.03876365314830433,0.008690920743075285,3.3749001026153564,3.3510000705718994,0.4353919160298017,-0.8779303314976556,3.3952999114990234,0.03047266873446378,0.04141816225918857,0.010945493524724787,3.311500072479248,3.281399965286255,0.43649237356390685,-0.8904014145547778,3.3410000801086426,0.03240004452792081,0.3058909502896396,0.27349090576171875,3.2518999576568604,2.499799966812134,0.43311426522674534,-1.5389600914430615,3.1689000129699707,0.03661814602938565,0.08185456015846947,0.27349090576171875,3.06820011138916,2.9437999725341797,0.23795725888206515,-0.9732874636992825
1C2C_4-2_initial,4.183300018310547,0.02861820567737926,0.03934548117897727,0.010727275501598011,4.104599952697754,4.075099945068359,0.5495767391508893,-0.7155964023756893,4.103300094604492,0.02858179265802557,0.03654549338600852,0.007963700727982954,4.024700164794922,4.002799987792969,0.6495319879381569,-0.5563546333244926,4.082300186157227,0.028545553034002132,0.03654549338600852,0.007999940352006392,4.003799915313721,3.981800079345703,0.6570925587801038,-0.5420686211524086,4.066500186920166,0.028327335010875355,0.037963693792169746,0.00963635878129439,3.988600015640259,3.962100028991699,0.584884642184545,-0.6505119924424978,4.015999794006348,0.028290835293856533,0.03919991579922763,0.010909080505371094,3.938199996948242,3.9082000255584717,0.5550473056583165,-0.6934176502302272,3.955399990081787,0.02843640067360618,0.03916358947753906,0.010727188803932884,3.87719988822937,3.8477001190185547,0.5434600371060214,-0.7251757523866131,3.9130001068115234,0.028218182650479404,0.03869091380726208,0.010472731156782671,3.835400104522705,3.8066000938415527,0.566650761103891,-0.6843504598146515,3.8798999786376953,0.02850905331698331,0.03923632881858132,0.010727275501598011,3.801500082015991,3.7720000743865967,0.5528550812154923,-0.7095811742657347,3.8397998809814453,0.02858179265802557,0.03970900448885831,0.01112721183083274,3.761199951171875,3.730600118637085,0.5445602324422191,-0.721461931927422,3.7785000801086426,0.028472726995294743,0.03836363012140447,0.00989090312610973,3.700200080871582,3.6730000972747803,0.5709540333063572,-0.6905017684292405,3.7183001041412354,0.02843640067360618,0.036509167064319954,0.008072766390713778,3.6401000022888184,3.6178998947143555,0.5099849974499889,-0.7943240297136951,3.6744000911712646,0.028509140014648438,0.03603640469637784,0.0075272646817294035,3.5959999561309814,3.5752999782562256,0.47501983124743846,-0.834314506726967,3.640700101852417,0.02843640067360618,0.03589092601429333,0.007454525340687145,3.5625,3.5420000553131104,0.47900798116231086,-0.8275164778736808,3.6113998889923096,0.02858179265802557,0.03599999167702415,0.00741819901899858,3.5327999591827393,3.512399911880493,0.451232347327203,-0.8558514027715014,3.5822999477386475,0.028654531999067825,0.03618179668079723,0.0075272646817294035,3.503499984741211,3.482800006866455,0.4450562698687615,-0.8664020302672775,3.550100088119507,0.02883642370050604,0.03658181970769709,0.0077453960071910515,3.4707999229431152,3.44950008392334,0.45204831872274687,-0.8466519699806994,3.506999969482422,0.02916362068869851,0.036872690374200996,0.007709069685502486,3.426800012588501,3.405600070953369,0.447442505609834,-0.8675496660805968,3.461199998855591,0.029563643715598366,0.038072759454900566,0.008509115739302202,3.3798999786376953,3.3564999103546143,0.43771944026646026,-0.8728287861242685,3.397900104522705,0.030472755432128906,0.04116370461203835,0.010690949179909447,3.3141000270843506,3.2846999168395996,0.4300581015244104,-0.9059563406383151,3.342099905014038,0.03265450217507102,0.30632721294056287,0.2736727107654918,3.2523000240325928,2.4997000694274902,0.39960023393861466,-1.5807727486043486,3.1912999153137207,0.03643634102561257,0.07927270369096236,0.2736727107654918,3.091099977493286,2.973299980163574,0.2420472121989185,-0.9776000388942192
1C2C_4-3_initial,4.182400226593018,0.028218182650479404,0.03869091380726208,0.010472731156782671,4.104800224304199,4.076000213623047,0.5383377362300488,-0.7396787158004128,4.103700160980225,0.02803646434437145,0.036145470359108665,0.008109006014737215,4.026599884033203,4.004300117492676,0.6610328267263886,-0.530493117093441,4.082499980926514,0.027963638305664062,0.036145470359108665,0.008181832053444603,4.0055999755859375,3.983099937438965,0.6841669925312169,-0.4953702958545776,4.065800189971924,0.027927311983975498,0.03767282312566584,0.00974551114169034,3.989000082015991,3.9621999263763428,0.576587210922408,-0.6595680189803836,4.014400005340576,0.027927311983975498,0.038872718811035156,0.01094540682705966,3.9375998973846436,3.9075000286102295,0.5524339230780888,-0.7061402323126393,3.9539999961853027,0.027927311983975498,0.03876365314830433,0.010836341164328835,3.87719988822937,3.847399950027466,0.5639121581131367,-0.6926919859873757,3.9119999408721924,0.027927225286310368,0.03843636946244673,0.010509144176136364,3.835200071334839,3.806299924850464,0.5684587730157825,-0.6786825363585915,3.8785998821258545,0.028036290949041195,0.038872718811035156,0.010836427861993963,3.801500082015991,3.771699905395508,0.564304185040116,-0.686704469869317,3.8382999897003174,0.028181856328790836,0.03934548117897727,0.011163624850186434,3.7607998847961426,3.73009991645813,0.5512397707293302,-0.7119412271282606,3.7750000953674316,0.028072790666060013,0.03767273642800071,0.009599945761940697,3.6977999210357666,3.6714000701904297,0.5746148801428794,-0.7083071764222755,3.716399908065796,0.027999964627352627,0.036072731018066406,0.008072766390713778,3.639400005340576,3.6171998977661133,0.5074289861654352,-0.8008454938090028,3.673099994659424,0.027963638305664062,0.03563638166947798,0.00767274336381392,3.5961999893188477,3.5750999450683594,0.49557796506779334,-0.8016289452014211,3.6396000385284424,0.028000051325017757,0.03549090298739346,0.0074908516623757105,3.5625998973846436,3.5420000553131104,0.46985771497150924,-0.8227414243199784,3.610300064086914,0.02803637764670632,0.03556364232843572,0.0075272646817294035,3.5332000255584717,3.512500047683716,0.4685992394135964,-0.8314703861813695,3.581199884414673,0.028072703968394886,0.03574544733220881,0.00767274336381392,3.503999948501587,3.4828999042510986,0.4697106845099807,-0.8194543894288637,3.5485999584198,0.028399987654252487,0.036145470359108665,0.007745482704856179,3.4704999923706055,3.449199914932251,0.4377354099434977,-0.8699875876036645,3.5048999786376953,0.028727271340110085,0.03650908036665483,0.0077818090265447445,3.4258999824523926,3.4045000076293945,0.45708899738830006,-0.840324176353374,3.4588000774383545,0.029163707386363636,0.03774547576904297,0.008581768382679333,3.3785998821258545,3.3550000190734863,0.43970028421420787,-0.8640958202771798,3.3952999114990234,0.030036319385875355,0.040909073569557884,0.010872754183682528,3.312700033187866,3.2827999591827393,0.42739488616277027,-0.9047984774550071,3.3405001163482666,0.03200002150102095,0.30574547160755505,0.2737454501065341,3.252500057220459,2.4997000694274902,0.4520937884278062,-1.5261797319234796,3.1744000911712646,0.03552731600674716,0.08094544844193892,0.2737454501065341,3.07669997215271,2.9518001079559326,0.2412744813191384,-0.9649036560858044
0.5C1C_4-4_960cyc,4.13640022277832,0.037054582075639206,0.1232000697742809,0.08614548769864169,4.0345001220703125,3.797600030899048,2.386828144687665,4.337163209540214,4.083099842071533,0.04269088398326527,0.10127266970547763,0.05858178572221236,3.9656999111175537,3.8046000003814697,2.4157721087704,4.497135164509468,4.062900066375732,0.03974550420587713,0.09352727369828658,0.05378176949240945,3.9535999298095703,3.8057000637054443,2.269240384829093,4.032215886156377,4.014999866485596,0.04054537686434659,0.086109074679288,0.045563697814941406,3.9035000801086426,3.7781999111175537,2.115265981361615,3.537086484907406,3.95770001411438,0.039818156849254265,0.0798545317216353,0.040036374872381035,3.8482000827789307,3.738100051879883,2.0887603590015256,3.459782391928769,3.920099973678589,0.038872718811035156,0.07709087025035512,0.038218151439319954,3.813199996948242,3.7081000804901123,2.1171848831553413,3.562738838744999,3.885699987411499,0.038072759454900566,0.07578182220458984,0.03770906274968928,3.7809998989105225,3.677299976348877,2.0694953067158957,3.4123264683495504,3.8457000255584717,0.038872718811035156,0.076145432212136,0.03727271340110085,3.738800048828125,3.6363000869750977,1.9970938228160338,3.1751974360062034,3.7976999282836914,0.0387999794699929,0.07658178156072443,0.03778180209073154,3.690999984741211,3.587100028991699,1.9794005178888305,3.1130092582005275,3.744800090789795,0.03872732682661577,0.07698189128528941,0.03825456445867365,3.6382999420166016,3.533099889755249,1.987514010383472,3.13464553041568,3.694000005722046,0.03865458748557351,0.07709087025035512,0.03843628276478161,3.5876998901367188,3.4820001125335693,2.0240302326650403,3.243974804953866,3.6542000770568848,0.039090936834161934,0.07818187366832387,0.039090936834161934,3.5467000007629395,3.439199924468994,2.0385298126231164,3.2789029732418395,3.621999979019165,0.03923632881858132,0.08105451410466974,0.041818185286088425,3.5141000747680664,3.3991000652313232,2.0371008408991114,3.2584957043882756,3.5922999382019043,0.038836305791681465,0.08541818098588423,0.04658187519420277,3.4855000972747803,3.3573999404907227,2.0075927258374042,3.1350106807511287,3.5631000995635986,0.03941822052001953,0.09261824867942116,0.053200028159401634,3.454699993133545,3.3083999156951904,1.9066177100082078,2.76554294659789,3.5329999923706055,0.038218151439319954,0.10403633117675781,0.06581817973743785,3.4279000759124756,3.2469000816345215,1.7618938436512641,2.255932047815537,3.5013999938964844,0.03825456445867365,0.12178178267045454,0.0835272182117809,3.396199941635132,3.1665000915527344,1.5090638238053082,1.444879895077344,3.464600086212158,0.03934548117897727,0.14490916512229227,0.10556368394331499,3.3564000129699707,3.0660998821258545,1.2558446957132017,0.7040717342162086,3.4244000911712646,0.0397818305275657,0.17214549671519885,0.13236366618763318,3.315000057220459,2.9509999752044678,1.0578359222781175,0.2038618375206971,3.3831000328063965,0.03825456445867365,0.3212000239979137,0.28294545953924005,3.277899980545044,2.499799966812134,4.443036381401392,21.044041129182165,3.336400032043457,0.038072759454900566,0.24770910089666193,0.28294545953924005,3.2316999435424805,2.6552000045776367,0.6052884213534532,-0.5264956720752854
0.5C1C_4-5_930cyc,4.127299785614014,0.03923624212091619,0.14847261255437677,0.10923637043346059,4.019400119781494,3.7190001010894775,2.26976075044618,3.8339995689137076,4.079899787902832,0.042799949645996094,0.1232726357199929,0.08047268607399681,3.9621999263763428,3.7409000396728516,2.3338152541633104,4.156185722972046,4.0507001876831055,0.04178185896439986,0.11243646795099432,0.07065460898659447,3.935800075531006,3.741499900817871,2.2505297436174407,3.904136893627129,3.993499994277954,0.04116361791437322,0.10225452076305043,0.0610909028486772,3.8803000450134277,3.7123000621795654,2.2123928122451755,3.801525673502227,3.938999891281128,0.039854483170942825,0.09545447609641335,0.05559999292547053,3.829400062561035,3.676500082015991,2.236884379567302,3.8998756125387652,3.90310001373291,0.03956361250443892,0.09236361763694069,0.05280000513250178,3.794300079345703,3.6491000652313232,2.2128041674360697,3.8262023817551096,3.8689000606536865,0.03981824354691939,0.09240003065629439,0.052581787109375,3.759399890899658,3.614799976348877,2.1504710065118786,3.618154522787303,3.827699899673462,0.04069085554643111,0.09399994936856357,0.053309093822132454,3.7158000469207764,3.569200038909912,2.1037545077751454,3.452718066239206,3.7743000984191895,0.03989098288796165,0.09516369212757457,0.05527270923961292,3.664599895477295,3.5125999450683594,2.10570984254402,3.448988595982496,3.7142999172210693,0.03970909118652344,0.09494538740678267,0.05523629622025923,3.60509991645813,3.453200101852417,2.1270979521781217,3.5073850842573746,3.6700000762939453,0.03934548117897727,0.09556362845680931,0.05621814727783203,3.561800003051758,3.4072000980377197,2.1416178786893343,3.5436924241777774,3.6368000507354736,0.03963635184548118,0.09825455058704723,0.05861819874156605,3.5278000831604004,3.3666000366210938,2.1076204789727475,3.41153712882691,3.6080000400543213,0.0387999794699929,0.10323637182062323,0.06443639235063033,3.501300096511841,3.3241000175476074,2.057836131217741,3.2198877048816685,3.5804998874664307,0.03850902210582386,0.11029087413441051,0.07178185202858665,3.474600076675415,3.2771999835968018,1.957638110542436,2.8537139683992994,3.5536999702453613,0.04025450619784268,0.12130910700017755,0.08105460080233487,3.443000078201294,3.220099925994873,1.7742570817376218,2.2139767061880162,3.5272998809814453,0.0384726957841353,0.13639996268532492,0.09792726690118964,3.4214999675750732,3.1521999835968018,1.5871766915609442,1.6029964144478743,3.4972000122070312,0.04014544053511186,0.1558908982710405,0.11574545773592862,3.3868000507354736,3.06850004196167,1.349528214190069,0.8971728598861928,3.460099935531616,0.03952728618275036,0.17738177559592508,0.1378544894131747,3.3513998985290527,2.9723000526428223,1.1737057428269377,0.4350643528511702,3.4226999282836914,0.03872724012895064,0.19843630357222122,0.1597090634432706,3.316200017929077,2.877000093460083,1.0283492657698194,0.10847342707214525,3.381700038909912,0.039854569868607956,0.320690935308283,0.28083636543967505,3.2720999717712402,2.499799966812134,5.328114271929344,30.791104852206495,3.3368000984191895,0.03858184814453125,0.26610911976207385,0.28083636543967505,3.2307000160217285,2.6050000190734863,0.5597875490065664,-0.58927006422527
0.5C2C_2-1_600cyc,4.164700031280518,0.035963578657670456,0.06683635711669922,0.030872778459028763,4.065800189971924,3.9809000492095947,1.820814441165876,2.588281457856178,4.097599983215332,0.03778180209073154,0.05523638291792436,0.017454580827192825,3.9937000274658203,3.94569993019104,1.688949133712689,2.1720539449159864,4.079800128936768,0.03661823272705078,0.051236412741921165,0.014618180014870384,3.979099988937378,3.9388999938964844,1.364501192952698,1.2410603887967513,4.059000015258789,0.035236358642578125,0.05047269300981001,0.01523633436723189,3.962100028991699,3.9202001094818115,0.9272504784820688,0.12231614130510415,4.00570011138916,0.03429092060435902,0.04938186298717152,0.0150909423828125,3.911400079727173,3.8698999881744385,0.7750150728715247,-0.23185669721407365,3.950000047683716,0.03363635323264382,0.04767270521684126,0.014036351984197443,3.8575000762939453,3.8189001083374023,0.7879853614742883,-0.22518006692989223,3.9126999378204346,0.0338181582364169,0.04672726717862216,0.012909108942205256,3.819700002670288,3.7841999530792236,0.7293799538733322,-0.36176386407823635,3.8814001083374023,0.033527287569912995,0.046727353876287285,0.01320006630637429,3.7892000675201416,3.7528998851776123,0.7012368939249951,-0.40996815616464,3.8397998809814453,0.0334908745505593,0.04701813784512607,0.013527263294566761,3.7476999759674072,3.7105000019073486,0.6966174994834946,-0.4235616123972994,3.782599925994873,0.033345395868474785,0.04592722112482244,0.012581825256347656,3.6909000873565674,3.6563000679016113,0.6924779224422011,-0.41987231470330366,3.7265000343322754,0.033527287569912995,0.04516367478804155,0.011636387218128551,3.6342999935150146,3.602299928665161,0.6582283296129686,-0.48592000856718887,3.6793999671936035,0.033236330205743965,0.044618173079057175,0.01138184287331321,3.5880000591278076,3.5566999912261963,0.731937450953276,-0.3132824003877692,3.643399953842163,0.03370909257368608,0.044618173079057175,0.010909080505371094,3.5506999492645264,3.520699977874756,0.7009864735424287,-0.3808312474811206,3.61299991607666,0.03410902890292081,0.045599937438964844,0.011490908536044035,3.519200086593628,3.487600088119507,0.7475296526438927,-0.26360017828325333,3.583400011062622,0.03410911560058594,0.04690907218239524,0.012799956581809303,3.4895999431610107,3.454400062561035,0.8863525524059692,0.0699864428260355,3.5515999794006348,0.035163619301535866,0.04909090562300249,0.01392728632146662,3.454900026321411,3.416599988937378,0.9399478832008825,0.18783129194594483,3.514699935913086,0.03592725233598189,0.052581787109375,0.016654534773393112,3.4158999919891357,3.3701000213623047,1.0628873270744097,0.4840425212828383,3.4718000888824463,0.03636368838223544,0.06043642217462713,0.02407273379239169,3.371799945831299,3.3055999279022217,1.1801647769813985,0.7857537990156915,3.422800064086914,0.03650908036665483,0.0827272588556463,0.04621817848899148,3.3224000930786133,3.1953001022338867,1.0647864432200493,0.4810244351245849,3.3691999912261963,0.038945458152077415,0.31610905040394177,0.2771635922518643,3.2620999813079834,2.4999001026153564,2.3875694154448395,4.74505938194278,3.315200090408325,0.0377091494473544,0.1996727856722745,0.2771635922518643,3.2114999294281006,2.7660999298095703,0.6192621852057876,-0.44424339384927336
0.5C2C_3-2_540cyc,4.166399955749512,0.03723630038174716,0.06523635170676491,0.028000051325017757,4.064000129699707,3.986999988555908,1.6962363617571117,2.1948788832186237,4.098199844360352,0.03752725774591619,0.05389083515514027,0.016363577409224075,3.994999885559082,3.950000047683716,1.6123365336602073,1.938539690604947,4.079800128936768,0.03574553402987393,0.04978188601407138,0.014036351984197443,3.9814999103546143,3.9428999423980713,1.3678842820085675,1.2400417844607299,4.062399864196777,0.034181768243963066,0.04872720891779119,0.014545440673828125,3.968400001525879,3.9284000396728516,0.9334322298643951,0.13440387460487901,4.01140022277832,0.03407278927889737,0.04840009862726385,0.014327309348366478,3.9177000522613525,3.8782999515533447,0.7115329979099888,-0.37906204475059724,3.954400062561035,0.033490961248224434,0.04694548520174893,0.013454523953524504,3.862299919128418,3.8252999782562256,0.7085645037240367,-0.4025622673985061,3.9151999950408936,0.0334908745505593,0.04585456848144531,0.01236369393088601,3.8231000900268555,3.789099931716919,0.6662312860071902,-0.4967549321812599,3.884500026702881,0.03305452520197088,0.04567276347767223,0.01261823827570135,3.793600082397461,3.7588999271392822,0.6544966010130653,-0.5145510036163277,3.845400094985962,0.03309093822132458,0.04614552584561435,0.013054587624289772,3.7544000148773193,3.7184998989105225,0.6448226569073586,-0.5344475287402339,3.7894999980926514,0.0332000038840554,0.04534547979181463,0.012145475907759233,3.698199987411499,3.664799928665161,0.6214132760450154,-0.5864544837933403,3.7314000129699707,0.0332000038840554,0.04425456307151101,0.01105455918745561,3.6401000022888184,3.6096999645233154,0.58997896231262,-0.6313746068712582,3.682800054550171,0.03290913321755149,0.0433091250332919,0.010399991815740412,3.5922999382019043,3.563699960708618,0.6179442816208015,-0.5691096938042546,3.6465001106262207,0.03305461189963601,0.04305458068847656,0.009999968788840553,3.5555999279022217,3.52810001373291,0.5994511030538766,-0.6076843426942844,3.615999937057495,0.03359994021329013,0.04429088939319958,0.010690949179909447,3.5236001014709473,3.4941999912261963,0.6568114636701066,-0.4650163803715177,3.586899995803833,0.03392731059681286,0.0453818061135032,0.01145449551669034,3.4935998916625977,3.462100028991699,0.7390955238479705,-0.28492179858156064,3.5560998916625977,0.034254507585005325,0.04705446416681463,0.012799956581809303,3.461899995803833,3.4267001152038574,0.8572521195767971,-0.003954236916997367,3.52020001411438,0.03487274863503196,0.04970905997536399,0.014836311340332031,3.424299955368042,3.383500099182129,0.981385315469117,0.2914583142993874,3.4776999950408936,0.03559996865012429,0.05559999292547053,0.020000024275346237,3.3798000812530518,3.3248000144958496,1.0909673090981347,0.5613359150864077,3.42930006980896,0.037018169056285515,0.07538188587535512,0.0383637168190696,3.327500104904175,3.2219998836517334,1.0229407154866303,0.3848783967476348,3.375,0.037309126420454544,0.318290883844549,0.2809817574240945,3.27239990234375,2.4997000694274902,2.0885693147760085,3.315040775124534,3.321500062942505,0.03781821511008523,0.2025818391279741,0.2809817574240945,3.2174999713897705,2.764400005340576,0.6189913510072701,-0.45887661146953773
0.5C2C_4-1_540cyc,4.1666998863220215,0.03778180209073154,0.06487265500155362,0.027090852910822086,4.06279993057251,3.988300085067749,1.6256310078395404,1.9855005782729203,4.099299907684326,0.03865450078790838,0.054872686212713066,0.016218185424804688,3.993000030517578,3.9484000205993652,1.5900599975485348,1.8780239310239155,4.0808000564575195,0.03778180209073154,0.051163673400878906,0.013381871310147371,3.976900100708008,3.9400999546051025,1.2901251950283554,1.0151967063113094,4.063700199127197,0.03698192943226208,0.05090912905606357,0.01392719962380149,3.9619998931884766,3.9237000942230225,0.8532419913030157,-0.06701629503741291,4.013299942016602,0.03567270799116655,0.04985453865744851,0.01418183066628196,3.9151999950408936,3.876199960708618,0.7151751689268576,-0.37077770679207855,3.9560000896453857,0.03560005534778942,0.04865455627441406,0.013054500926624645,3.858099937438965,3.822200059890747,0.6709989370452335,-0.4863928466731937,3.916599988937378,0.03538183732466264,0.047709118236194954,0.012327280911532316,3.8192999362945557,3.785399913787842,0.6805722589575858,-0.47320529554911905,3.885699987411499,0.0351272929798473,0.04774544455788352,0.012618151578036222,3.789099931716919,3.7544000148773193,0.669229753955314,-0.48086154901134925,3.845599889755249,0.03501814061945135,0.04770903153852983,0.01269089091907848,3.749300003051758,3.714400053024292,0.6481497914578549,-0.5388278701330003,3.792799949645996,0.035199945623224434,0.04712729020552202,0.011927344582297585,3.696000099182129,3.6631999015808105,0.6103375121342898,-0.6044933989698147,3.736999988555908,0.035309097983620384,0.0463272441517223,0.011018146168101917,3.639899969100952,3.609600067138672,0.5640879517085321,-0.6895590553641551,3.6867001056671143,0.035272771661931816,0.04567276347767223,0.010399991815740412,3.5896999835968018,3.5611000061035156,0.5967550091007888,-0.6225265618292832,3.649199962615967,0.03509087996049361,0.04530906677246094,0.010218186811967329,3.5527000427246094,3.524600028991699,0.6216763253185233,-0.5451823452376043,3.6185998916625977,0.0358908393166282,0.04610902612859553,0.010218186811967329,3.51990008354187,3.49180006980896,0.6020496317123241,-0.585190060119972,3.589099884033203,0.03632718866521662,0.04705446416681463,0.010727275501598011,3.4892001152038574,3.459700107574463,0.6341680207817612,-0.5154706298247738,3.557499885559082,0.036872690374200996,0.04890901392156428,0.012036323547363281,3.4560999870300293,3.4230000972747803,0.7542021677133527,-0.2572503177670291,3.522599935531616,0.036981756036931816,0.05145454406738281,0.014472788030450994,3.4209001064300537,3.3810999393463135,0.9586519501768288,0.23318665500629043,3.481800079345703,0.03832730379971591,0.05687271464954723,0.01854541084983132,3.3763999938964844,3.3254001140594482,1.0594481881332218,0.43444400199645106,3.433500051498413,0.03876365314830433,0.07243641940030185,0.03367276625199751,3.326900005340576,3.234299898147583,1.0293895251347296,0.4022307412227124,3.3810999393463135,0.03927274183793501,0.32043630426580255,0.28116356242786755,3.273099899291992,2.4999001026153564,1.739028810379846,1.827097172049693,3.324899911880493,0.04218179529363459,0.1898181221701882,0.28116356242786755,3.208899974822998,2.8029000759124756,0.6180155670296908,-0.4766680183962255
0.5C3C_1-7_810cyc,4.15939998626709,0.036872690374200996,0.07196365703235973,0.03509096665815874,4.058000087738037,3.9614999294281006,1.9348089106491464,2.941957532029879,4.093999862670898,0.03745451840487393,0.05810902335427024,0.020654504949396305,3.990999937057495,3.9342000484466553,1.8708123954680824,2.7497697827323844,4.077000141143799,0.03581827337091619,0.05432735789905895,0.018509084528142757,3.9784998893737793,3.9275999069213867,1.5824812613601795,1.89723804928766,4.050099849700928,0.035199945623224434,0.05352722514759411,0.018327279524369675,3.9532999992370605,3.902899980545044,1.0941628455463694,0.5537955490786928,3.9946000576019287,0.03458187796852805,0.051418217745694245,0.016836339777166195,3.8994998931884766,3.8531999588012695,0.8992890260709557,0.044828917387185196,3.9423000812530518,0.03400004993785511,0.049345449967817825,0.015345400029962713,3.84879994392395,3.8066000938415527,0.9065402837422546,0.054714867439545234,3.9075000286102295,0.03469094363125888,0.04869088259610263,0.01399993896484375,3.8120999336242676,3.7736001014709473,0.7912774180862006,-0.23116769704411677,3.874000072479248,0.033600026910955254,0.04785459691827947,0.014254570007324219,3.781599998474121,3.7423999309539795,0.8036617887849923,-0.18910213916785734,3.8261001110076904,0.03367276625199751,0.04778185757723721,0.014109091325239702,3.7335000038146973,3.694700002670288,0.8237014821841874,-0.14752806750308256,3.772200107574463,0.03356370058926669,0.04716370322487571,0.01360000263560902,3.6798999309539795,3.6424999237060547,0.8423901347708102,-0.07536735552345508,3.7211999893188477,0.03298178586092862,0.04618185216730291,0.01320006630637429,3.630500078201294,3.5941998958587646,0.8387655335524644,-0.06903001592965774,3.6767001152038574,0.03330915624445135,0.046363657171075996,0.013054500926624645,3.585099935531616,3.5492000579833984,0.8722398566755409,0.016616755953872797,3.6414999961853027,0.03392731059681286,0.047418160872025925,0.013490850275213068,3.5481998920440674,3.5111000537872314,0.9612487941564413,0.23854233399622204,3.6112000942230225,0.03454546494917436,0.04847275127064098,0.01392728632146662,3.516200065612793,3.4779000282287598,0.9775061048932067,0.28702364444761175,3.5810999870300293,0.0348000092939897,0.04970905997536399,0.01490905068137429,3.4853999614715576,3.4444000720977783,1.0472351324427687,0.4657973886901914,3.5476999282836914,0.03509087996049361,0.052072698419744316,0.01698181845925071,3.451200008392334,3.4045000076293945,1.1712688411188572,0.787493833710645,3.5088000297546387,0.03574544733220881,0.05632729963822798,0.020581852306019176,3.4105000495910645,3.3538999557495117,1.3016466735092278,1.128337713309456,3.466200113296509,0.03680003773082386,0.06425458734685724,0.027454549616033382,3.365000009536743,3.2894999980926514,1.284581024349534,1.057433878873164,3.4182000160217285,0.036945429715243255,0.08407271992076527,0.04712729020552202,3.3166000843048096,3.187000036239624,1.1321104639287405,0.6264007284087283,3.365499973297119,0.038072759454900566,0.31487274169921875,0.2767999822443182,3.2607998847961426,2.4995999336242676,1.6514891049365608,1.4999073517931532,3.308300018310547,0.03759999708695845,0.16105452450838956,0.2767999822443182,3.204900026321411,2.8654000759124756,0.8155362309512972,-0.11004464777758693
0.5C3C_2-2_840cyc,4.15939998626709,0.03709082169966264,0.07116361097856001,0.03407278927889737,4.057400226593018,3.96370005607605,1.8878738686773078,2.7837394316312274,4.094200134277344,0.037163647738370026,0.05843639373779297,0.02127274599942294,3.992000102996826,3.933500051498413,1.8857840968943547,2.7999752504566118,4.077199935913086,0.036145470359108665,0.05425453186035156,0.018109061501242897,3.977799892425537,3.927999973297119,1.5237079722626736,1.7162109619856283,4.05079984664917,0.03479992259632458,0.053199941461736504,0.01840001886541193,3.9551000595092773,3.9045000076293945,1.108672310944345,0.5821974693889151,3.995500087738037,0.03483642231334339,0.05160002274946733,0.016763600436123936,3.8996999263763428,3.853600025177002,0.8712122184895127,-0.02698408316087475,3.94320011138916,0.03400004993785511,0.0495636679909446,0.015563618053089489,3.8496999740600586,3.8069000244140625,0.9197402516140559,0.08393486740813438,3.9077000617980957,0.033600026910955254,0.048618229952725495,0.01501820304177024,3.8152999877929688,3.7739999294281006,0.9357908767475933,0.12402131236212321,3.873800039291382,0.03400004993785511,0.0482909462668679,0.014290896329012785,3.7802999019622803,3.740999937057495,0.8037189343117171,-0.19472497987183823,3.82669997215271,0.0338545712557706,0.04781818389892578,0.013963612643155184,3.733599901199341,3.695199966430664,0.812868031526107,-0.16965576267128002,3.775700092315674,0.03363643993030895,0.04723635586825284,0.013599915937943892,3.683199882507324,3.6458001136779785,0.8095932409600902,-0.1500129592168693,3.7253000736236572,0.03396363691850142,0.04720002954656428,0.013236392628062855,3.6319000720977783,3.5954999923706055,0.768074497908253,-0.23315902235600472,3.6798999309539795,0.03378183191472834,0.04694539850408381,0.013163566589355469,3.5869998931884766,3.550800085067749,0.848058622953489,-0.04441321035482293,3.6440999507904053,0.03367267955433239,0.04712729020552202,0.01345461065118963,3.551500082015991,3.5144999027252197,0.9285071922869454,0.16285409548279572,3.6135001182556152,0.03458187796852805,0.04821820692582564,0.013636328957297585,3.518399953842163,3.4809000492095947,0.9124973352511687,0.12957242322671414,3.5833001136779785,0.03458187796852805,0.04974547299471768,0.01516359502618963,3.4881999492645264,3.446500062942505,1.0591183852746022,0.4955823989449817,3.5497000217437744,0.03472726995294744,0.052072698419744316,0.017345428466796875,3.454200029373169,3.4065001010894775,1.205121503351375,0.8763960936268647,3.5118000507354736,0.03509096665815874,0.05570914528586648,0.02061817862770774,3.415299892425537,3.358599901199341,1.308618287250363,1.1542277086276407,3.4702000617980957,0.03654549338600852,0.0627273212779652,0.026181827891956676,3.3696999549865723,3.2976999282836914,1.2721677067242065,1.024264124993854,3.423799991607666,0.036254536021839485,0.08054542541503906,0.04429088939319958,3.3241000175476074,3.2023000717163086,1.1674251487128813,0.7313333026038151,3.3714001178741455,0.037054582075639206,0.31694550947709516,0.279890927401456,3.2695000171661377,2.499799966812134,1.3690461616134213,0.5672424204288249,3.313199996948242,0.039127263155850495,0.15756364302201706,0.279890927401456,3.2056000232696533,2.8798999786376953,0.7966251733867156,-0.1501802115908939
0.5C3C_2-4_870cyc,4.1579999923706055,0.03661814602938565,0.08007274974476207,0.04345460371537642,4.057300090789795,3.9377999305725098,2.216363036324256,3.878655116950074,4.093400001525879,0.03934548117897727,0.065418156710538,0.026072675531560726,3.9851999282836914,3.9135000705718994,2.1805706867564774,3.779243791673813,4.077099800109863,0.03832721710205078,0.059709028764204544,0.021381811662153763,3.9716999530792236,3.912899971008301,1.7810276311625244,2.5168131919794456,4.049099922180176,0.03618179668079723,0.05792721835049716,0.02174542166969993,3.9495999813079834,3.8898000717163086,1.4190356264896968,1.4572248098275074,3.9934000968933105,0.0364364277232777,0.055127317255193535,0.018690889531915836,3.893199920654297,3.8417999744415283,1.0873216072848813,0.5298500427684107,3.941800117492676,0.035236445340243255,0.05218185078014027,0.01694540543989702,3.844899892807007,3.79830002784729,1.09216070006345,0.5398755980273306,3.907599925994873,0.035199945623224434,0.05141813104802912,0.016218185424804688,3.810800075531006,3.766200065612793,1.063612492044876,0.46369086162739404,3.8775999546051025,0.0348000092939897,0.052072698419744316,0.017272689125754616,3.781899929046631,3.7344000339508057,1.1010102112943763,0.5758445975862303,3.8264999389648438,0.03538183732466264,0.05174541473388672,0.016363577409224075,3.7291998863220215,3.6842000484466553,1.019445276043875,0.3379298683120573,3.7681000232696533,0.03469094363125888,0.050145496021617546,0.015454552390358665,3.6726999282836914,3.630199909210205,1.084160307429747,0.5302046756445304,3.7170000076293945,0.0351272929798473,0.05000001733953303,0.014872724359685724,3.6203999519348145,3.5794999599456787,1.0412591414120953,0.4320659526553938,3.6737000942230225,0.035236358642578125,0.050145496021617546,0.014909137379039417,3.5768001079559326,3.535799980163574,1.1144606063385554,0.6276613499626347,3.639699935913086,0.03483633561567827,0.05018182234330611,0.01534548672762784,3.5439000129699707,3.501699924468994,1.1997366323039318,0.8650586794720341,3.609800100326538,0.035309097983620384,0.05218185078014027,0.016872752796519886,3.512700080871582,3.4663000106811523,1.3192894766766412,1.1975534289512728,3.5804998874664307,0.03643634102561257,0.05439992384477095,0.017963582819158382,3.480299949645996,3.4309000968933105,1.3377572891906895,1.2468553966963372,3.547300100326538,0.03658181970769709,0.05745454268022017,0.020872722972523083,3.446700096130371,3.3893001079559326,1.482928230580297,1.6525647225870896,3.5071001052856445,0.03749093142422763,0.06283638694069603,0.025345455516468395,3.4040000438690186,3.3343000411987305,1.5465336641292464,1.8109567837752696,3.464400053024292,0.03672729838978161,0.07465457916259766,0.03792728077281605,3.3633999824523926,3.2590999603271484,1.5223987102726284,1.711038504989216,3.414400100708008,0.03749093142422763,0.1034181768243963,0.06592724540016869,3.311300039291382,3.130000114440918,1.208330046914865,0.755495025272332,3.362799882888794,0.038872718811035156,0.31378173828125,0.27490901947021484,3.2558999061584473,2.4999001026153564,2.3228623635004513,4.487267060487126,3.3094000816345215,0.03800002011385831,0.1990182183005593,0.27490901947021484,3.204900026321411,2.7620999813079834,0.7056123438638291,-0.25971503101758353
0.5C3C_2-7_750cyc,4.158899784088135,0.038872632113370026,0.08098177476362749,0.042109142650257454,4.052000045776367,3.936199903488159,2.1721526190825555,3.7256423133011243,4.093200206756592,0.04007278789173473,0.06581826643510298,0.025745478543368252,3.9830000400543213,3.9121999740600586,2.171332898163535,3.745881925185553,4.076900005340576,0.037309126420454544,0.0604727484963157,0.02316362207586115,3.974299907684326,3.910599946975708,1.885492194475018,2.8544011986054585,4.047699928283691,0.03654540668834339,0.05807269703258167,0.02152729034423828,3.947200059890747,3.888000011444092,1.3872866539454622,1.3651025425593897,3.990999937057495,0.03618179668079723,0.05530903556130149,0.01912723888050426,3.8914999961853027,3.838900089263916,1.1371693222631307,0.6646618620296865,3.93969988822937,0.03549090298739346,0.05232724276455966,0.016836339777166195,3.842099905014038,3.795799970626831,1.09429290371813,0.5377120274819505,3.906100034713745,0.03581818667325107,0.05160002274946733,0.015781836076216263,3.8076000213623047,3.76419997215271,1.0160122400712581,0.33074936061057025,3.875699996948242,0.03487274863503196,0.052290916442871094,0.017418167807839134,3.7797999382019043,3.7318999767303467,1.1111479300258427,0.6063932573410171,3.8264000415802,0.03574544733220881,0.05250913446599787,0.016763687133789062,3.728100061416626,3.681999921798706,1.0093869541622946,0.32171297220257733,3.764400005340576,0.03454546494917436,0.04945451563054865,0.01490905068137429,3.6693999767303467,3.6284000873565674,1.0422393350009553,0.4073637118755298,3.712399959564209,0.03549090298739346,0.050218148664994675,0.014727245677601208,3.614799976348877,3.5743000507354736,1.046408697722193,0.446517653382946,3.6700000762939453,0.03552731600674716,0.050327301025390625,0.014799985018643465,3.5722999572753906,3.531599998474121,1.1285234127946984,0.6636503161211436,3.6364998817443848,0.0358908393166282,0.05145454406738281,0.015563704750754616,3.5378000736236572,3.494999885559082,1.216756951880523,0.9159227314973508,3.6068999767303467,0.03534542430530895,0.05138180472634055,0.016036380421031605,3.509700059890747,3.46560001373291,1.2509745353157642,1.006299765411688,3.5773000717163086,0.03592733903364702,0.05523638291792436,0.019309043884277344,3.4784998893737793,3.4254000186920166,1.4754135513413298,1.6423641730693603,3.544100046157837,0.03749093142422763,0.05894548242742365,0.021454551003196022,3.440999984741211,3.381999969482422,1.506654354986883,1.7145002486152805,3.503499984741211,0.03698184273459695,0.06487274169921875,0.027890898964621803,3.4017999172210693,3.3250999450683594,1.6469249551895504,2.115473808256568,3.460099935531616,0.03727271340110085,0.07610910589044745,0.03883639248934659,3.357599973678589,3.2507998943328857,1.4916428119874796,1.6171037633415901,3.4089999198913574,0.03839995644309304,0.10789090936834161,0.06949095292524858,3.3034000396728516,3.112299919128418,1.2347962914504813,0.7988231479058836,3.3559000492095947,0.040109114213423294,0.3112363815307617,0.27112726731733844,3.2455999851226807,2.5,2.6170469015216025,6.101711342340316,3.3032000064849854,0.03963635184548118,0.20469093322753906,0.27112726731733844,3.194200038909912,2.740299940109253,0.6761008947902009,-0.30656247462650477
1C0.5C_4-6_930cyc,4.126800060272217,0.03865450078790838,0.14392731406471945,0.10527281327681108,4.020500183105469,3.7309999465942383,2.2474762585277173,3.754046717506678,4.08050012588501,0.039854569868607956,0.12080001831054688,0.08094544844193892,3.970900058746338,3.748300075531006,2.324768848119731,4.119631222523951,4.0543999671936035,0.04178177226673473,0.11156359585848721,0.06978182359175249,3.939500093460083,3.7476000785827637,2.222510013590012,3.797570465476425,4.000100135803223,0.04127277027476917,0.10192732377485796,0.060654553500088776,3.8866000175476074,3.7197999954223633,2.176413336708153,3.669420325911731,3.9447999000549316,0.03989089619029652,0.09469084306196733,0.05479994687167081,3.835099935531616,3.6844000816345215,2.200894169497538,3.7710485695729368,3.907900094985962,0.04043639789928089,0.09101824326948686,0.05058184537020596,3.7967000007629395,3.657599925994873,2.1732870322832634,3.6866306855793516,3.874300003051758,0.04029091921719638,0.09054548090154474,0.050254561684348366,3.7634999752044678,3.6252999305725098,2.12311764372819,3.52179837710956,3.8336000442504883,0.03836363012140447,0.0915636582808061,0.053200028159401634,3.728100061416626,3.5817999839782715,2.1155336074135405,3.491947624697703,3.785099983215332,0.039818156849254265,0.09276364066384056,0.052945483814586296,3.675600051879883,3.5299999713897705,2.0637936057164707,3.309048082593142,3.729599952697754,0.039672678167169746,0.09279996698552911,0.053127288818359375,3.620500087738037,3.474400043487549,2.0671195273161747,3.308591005442101,3.6816000938415527,0.038145498795942825,0.09287279302423651,0.05472729422829368,3.57669997215271,3.4261999130249023,2.107235620570215,3.433403952091707,3.6456000804901123,0.03781821511008523,0.09483640844171698,0.057018193331631745,3.541599988937378,3.3847999572753906,2.109049072869016,3.433554780128527,3.6154000759124756,0.03949095986106179,0.09887279163707387,0.05938183177601208,3.5067999362945557,3.3434998989105225,2.0234623985557287,3.1127551914629725,3.5871999263763428,0.03818182511763139,0.10523631355979225,0.06705448844216087,3.4821999073028564,3.297800064086914,1.950633113582443,2.84222387258687,3.5592000484466553,0.03818182511763139,0.11480001969770952,0.07661819458007812,3.454200029373169,3.243499994277954,1.80434142589348,2.3286126445446182,3.5313000679016113,0.04007278789173473,0.1289454373446378,0.08887264945290306,3.421099901199341,3.1767001152038574,1.5727885987477472,1.5700000064198703,3.5013999938964844,0.039927309209650215,0.1466908888383345,0.10676357962868431,3.3915998935699463,3.0980000495910645,1.3555183460635867,0.9252586412989516,3.465399980545044,0.03934548117897727,0.16927268288352273,0.12992720170454544,3.3571999073028564,2.9999001026153564,1.1687080403707995,0.43284621616471997,3.427299976348877,0.03934548117897727,0.19185456362637607,0.1525090824473988,3.3190999031066895,2.8996999263763428,1.0088725070583948,0.06555672923396916,3.387700080871582,0.03880006616765803,0.32290909507057886,0.28410902890292083,3.2809998989105225,2.4997000694274902,4.901689931379111,25.917183878226776,3.342400074005127,0.039963635531338776,0.2554181705821644,0.28410902890292083,3.2325000762939453,2.640000104904175,0.5913396102061064,-0.5664138049045442
1C0.5C_4-7_885cyc,4.130300045013428,0.03818182511763139,0.1350545883178711,0.0968727632002397,4.025300025939941,3.7588999271392822,2.2696619933439743,3.8738691629504665,4.0808000564575195,0.040872747247869316,0.11330907995050604,0.07243633270263672,3.968400001525879,3.769200086593628,2.3206272583044156,4.1329911051069175,4.056099891662598,0.04032724553888494,0.10494544289328835,0.06461819735440341,3.945199966430664,3.7674999237060547,2.205909368220718,3.7730900472697675,4.003799915313721,0.039745417508212005,0.09647265347567471,0.056727235967462715,3.8945000171661377,3.7385001182556152,2.143939065969992,3.588483593037868,3.953700065612793,0.040109114213423294,0.09112730893221768,0.05101819471879439,3.843400001525879,3.7030999660491943,2.1414783281253555,3.5894035423460204,3.911099910736084,0.03952719948508523,0.08683629469438033,0.0473090952092951,3.8024001121520996,3.672300100326538,2.1387285032356265,3.589565837916017,3.877000093460083,0.03963643854314631,0.08581820401278409,0.04618176546963779,3.7679998874664307,3.6410000324249268,2.082846286926175,3.410372110991089,3.8357999324798584,0.03930906815962358,0.0863999453457919,0.04709087718616833,3.7276999950408936,3.5982000827789307,2.0486697651065797,3.293415245086414,3.7890000343322754,0.03872732682661577,0.08712725205854936,0.048399925231933594,3.682499885559082,3.5494000911712646,2.0294914015901044,3.226823823257879,3.7360000610351562,0.03967276486483487,0.08730914375998756,0.0476363788951527,3.6268999576568604,3.4958999156951904,2.0031925490377263,3.1304727536074113,3.6874001026153564,0.03847278248180042,0.08734547008167613,0.04887268759987571,3.5815999507904053,3.447200059890747,2.0491574351978614,3.2715138358019447,3.650599956512451,0.03872724012895064,0.08872725746848366,0.05000001733953303,3.544100046157837,3.406599998474121,2.0437427431741977,3.241867770322342,3.6198999881744385,0.03829089078036221,0.09247268329967152,0.0541817925193093,3.5146000385284424,3.365600109100342,2.028525107898875,3.173116410214284,3.5910000801086426,0.03923641551624645,0.09756365689364346,0.05832724137739702,3.483099937438965,3.322700023651123,1.9464487034891276,2.874618639940296,3.5618999004364014,0.039672678167169746,0.10538179224187677,0.06570911407470703,3.4528000354766846,3.2720999717712402,1.8265830332743667,2.447748636327389,3.5325000286102295,0.04029091921719638,0.11672730879350142,0.07643638957630504,3.4217000007629395,3.2114999294281006,1.6496867752540172,1.8516099327762845,3.501699924468994,0.03970909118652344,0.13330910422585227,0.09360001303932884,3.3924999237060547,3.1350998878479004,1.4513087113426324,1.2336121833372893,3.465100049972534,0.03872732682661577,0.1525090824473988,0.11378175562078302,3.358599901199341,3.0457000732421875,1.269133060404678,0.7182830096577395,3.426300048828125,0.03858184814453125,0.17599998820911755,0.1374181400645863,3.320199966430664,2.9423000812530518,1.0919033904432462,0.2747515408337966,3.386699914932251,0.0403999848799272,0.32254539836536755,0.28214541348544037,3.275599956512451,2.4997000694274902,4.132981250419241,18.146061162224132,3.339200019836426,0.039090936834161934,0.2402181625366211,0.28214541348544037,3.2316999435424805,2.6786000728607178,0.6644878950967379,-0.4463397202832762
1C0.5C_4-8_900cyc,4.132400035858154,0.040145527232776985,0.13014550642533737,0.08999997919256036,4.021999835968018,3.7744998931884766,2.2599682618403403,3.853243561156714,4.082200050354004,0.04247275265780362,0.10920004411177202,0.0667272914539684,3.965399980545044,3.781899929046631,2.299620907278993,4.068177880069922,4.058700084686279,0.039854569868607956,0.10134549574418501,0.06149092587557706,3.9491000175476074,3.7799999713897705,2.1873809072143486,3.720769669188174,4.008399963378906,0.039927222511985085,0.09356360001997514,0.05363637750799006,3.8986001014709473,3.7511000633239746,2.1011583409877517,3.4552571286323586,3.9521000385284424,0.03865458748557351,0.0870909257368608,0.048436338251287285,3.8457999229431152,3.712599992752075,2.1148857134401964,3.5144845163533844,3.916599988937378,0.03960002552379261,0.08443632992831143,0.04483630440451882,3.8076999187469482,3.6844000816345215,2.1009204214163284,3.4706759328014325,3.879300117492676,0.040145527232776985,0.08287273753773082,0.042727210304953835,3.768899917602539,3.651400089263916,2.0311009462676433,3.2453609113763795,3.8376998901367188,0.03927265514026989,0.0830545425415039,0.04378188740123402,3.7297000885009766,3.609299898147583,2.0001761661033517,3.1448186257748674,3.7927000522613525,0.038945458152077415,0.08363637057217685,0.044690912420099434,3.6856000423431396,3.562700033187866,1.979780234764223,3.077967668446065,3.7444000244140625,0.03938180750066584,0.08425452492453835,0.04487271742387251,3.6361000537872314,3.512700080871582,1.9593743430720152,3.0027633181852904,3.696000099182129,0.03832730379971591,0.08465454795143822,0.0463272441517223,3.59060001373291,3.463200092315674,2.0010120846093207,3.1309645315540173,3.6568000316619873,0.037854541431773796,0.08589094335382635,0.04803640192205256,3.5527000427246094,3.420599937438965,2.025459855610673,3.1976060547480047,3.6249001026153564,0.03818182511763139,0.08865460482510654,0.05047277970747514,3.51990008354187,3.3810999393463135,2.002815022448595,3.108205953472403,3.595099925994873,0.03956361250443892,0.0930181850086559,0.05345457250421697,3.486299991607666,3.3392999172210693,1.9255644784449761,2.8263475039105197,3.565200090408325,0.03960002552379261,0.09978181665593927,0.06018179113214666,3.4563000202178955,3.290800094604492,1.8355139885500122,2.5018379371989985,3.5343000888824463,0.03858184814453125,0.1097091328014027,0.07112728465687145,3.4282000064849854,3.232599973678589,1.7065341476353664,2.0607192295582344,3.502700090408325,0.03956369920210405,0.12385455044833096,0.08429085124622691,3.393899917602539,3.162100076675415,1.499658140871154,1.4009597317712075,3.4670000076293945,0.0397818305275657,0.14116365259343927,0.10138182206587358,3.357599973678589,3.0787999629974365,1.3131590693162085,0.8538100041451071,3.428100109100342,0.03858184814453125,0.16367279399525037,0.12509094585071912,3.322000026702881,2.9779999256134033,1.1379060935831191,0.402043016170917,3.388000011444092,0.03865458748557351,0.3229454213922674,0.2842908339066939,3.2816998958587646,2.4999001026153564,3.365292647726672,11.672235119417392,3.3387999534606934,0.04018176685680042,0.22083637931130148,0.2842908339066939,3.228300094604492,2.7314999103546143,0.7283458857834914,-0.34528875416299964
1C1C_1-8_180cyc,4.178800106048584,0.030400016091086647,0.04498186978426846,0.014581853693181818,4.095200061798096,4.055099964141846,0.7294303229411929,-0.41444264985154744,4.103899955749512,0.029927340420809658,0.039127263155850495,0.009199922735040838,4.021599769592285,3.996299982070923,0.7371775149836857,-0.4401923007284596,4.083099842071533,0.029345425692471592,0.037999933416193184,0.00865450772372159,4.002399921417236,3.978600025177002,0.7227632211353655,-0.4571378771305441,4.0680999755859375,0.02901814200661399,0.039200002496892754,0.010181860490278765,3.988300085067749,3.9602999687194824,0.5845152108891114,-0.6668683873210788,4.019100189208984,0.02869094501842152,0.040145527232776985,0.011454582214355469,3.940200090408325,3.9086999893188477,0.5276545897218096,-0.7637898315572835,3.959199905395508,0.028327248313210228,0.03956361250443892,0.011236364191228693,3.8812999725341797,3.850399971008301,0.551980666703581,-0.7103562032520387,3.91729998588562,0.02850905331698331,0.039200002496892754,0.010690949179909447,3.838900089263916,3.809499979019165,0.5465734177386659,-0.7277732714939975,3.8854000568389893,0.028545466336337002,0.0394545468417081,0.010909080505371094,3.8069000244140625,3.776900053024292,0.5429812315080821,-0.7370618558802806,3.8466999530792236,0.02836366133256392,0.039745417508212005,0.011381756175648083,3.768699884414673,3.7374000549316406,0.5358055584314716,-0.7400988140113207,3.7916998863220215,0.028399987654252487,0.03923632881858132,0.010836341164328835,3.713599920272827,3.683799982070923,0.5395074908792576,-0.7587675491781707,3.7279999256134033,0.02810903029008345,0.037163647738370026,0.009054617448286577,3.650700092315674,3.6257998943328857,0.5076554657192255,-0.8103951591254934,3.6805999279022217,0.028218182650479404,0.03636360168457031,0.00814541903409091,3.6029999256134033,3.5806000232696533,0.45317022566521353,-0.8908000423022422,3.64520001411438,0.028181856328790836,0.03618179668079723,0.007999940352006392,3.567699909210205,3.5457000732421875,0.46743941976996456,-0.8671364543342635,3.615299940109253,0.02843631397594105,0.03647266734730114,0.008036353371360085,3.537100076675415,3.515000104904175,0.4534601128877537,-0.8742496457533249,3.5862998962402344,0.02850905331698331,0.03669088537042791,0.008181832053444603,3.5078999996185303,3.4853999614715576,0.4470461633025769,-0.8852318316993202,3.555299997329712,0.028909076343883167,0.037309126420454544,0.008400050076571379,3.475800037384033,3.452699899673462,0.43865481942877116,-0.8876569993010031,3.5172998905181885,0.029490904374556107,0.03829089078036221,0.008799986405806108,3.436199903488159,3.4119999408721924,0.4610519525895501,-0.8583063509944115,3.472899913787842,0.030290863730690697,0.04047272422096946,0.010181860490278765,3.3896000385284424,3.361599922180176,0.49642633831764577,-0.7919132985010915,3.4203999042510986,0.031890869140625,0.04719994284889915,0.015309073708274147,3.33270001411438,3.290600061416626,0.53936281973614,-0.7002132543663171,3.3592000007629395,0.03483633561567827,0.3125818425958807,0.2777455069802024,3.263400077819824,2.4995999336242676,1.4430579915458064,0.6044843534007258,3.306299924850464,0.03672721169211648,0.15694540197199042,0.2777455069802024,3.2053000926971436,2.8747000694274902,0.4092441376113779,-0.7751528574938975
1C2C_2-3_960cyc,4.148200035095215,0.038945458152077415,0.09923640164462003,0.06029094349254261,4.041100025177002,3.8752999305725098,2.324592511933288,4.213976114246284,4.088900089263916,0.0413818359375,0.08389091491699219,0.04250907897949219,3.975100040435791,3.8582000732421875,2.3269933557848628,4.249831298191189,4.072800159454346,0.03989098288796165,0.07763645865700462,0.03774547576904297,3.963099956512451,3.859299898147583,2.070464583912983,3.4168367617699875,4.038000106811523,0.03890913183038885,0.07370914112437855,0.0348000092939897,3.930999994277954,3.8352999687194824,1.8466265993615136,2.7121945296523124,3.9839999675750732,0.039018197493119675,0.0694181268865412,0.03039992939342152,3.876699924468994,3.793100118637085,1.6945323628324664,2.2351060453169795,3.9346001148223877,0.038145498795942825,0.06596365841952237,0.027818159623579544,3.829699993133545,3.753200054168701,1.71703391927048,2.3056427089031484,3.8984999656677246,0.039127263155850495,0.06403636932373047,0.02490910616787997,3.7908999919891357,3.722399950027466,1.6119862595070982,1.9801946093260092,3.8610000610351562,0.03847278248180042,0.06316367062655362,0.024690888144753197,3.755199909210205,3.687299966812134,1.5855067033767336,1.9139080851579529,3.821000099182129,0.03781821511008523,0.06330914930863814,0.025490934198552914,3.7170000076293945,3.646899938583374,1.5705511890935429,1.8874932772870556,3.777899980545044,0.03876365314830433,0.06378182497891513,0.025018171830610794,3.671299934387207,3.6024999618530273,1.4951768423150165,1.6651259882727327,3.731600046157837,0.037854541431773796,0.06429091366854581,0.02643637223677202,3.627500057220459,3.554800033569336,1.575656671022935,1.9066036687879748,3.687000036239624,0.03872732682661577,0.06465452367609198,0.025927196849476208,3.5804998874664307,3.509200096130371,1.5722724561857995,1.8905946851219966,3.6487998962402344,0.03872724012895064,0.06578176671808417,0.027054526589133522,3.54229998588562,3.467900037765503,1.6530483673929912,2.131365139255104,3.6166000366210938,0.038109085776589134,0.06745459816672585,0.02934551239013672,3.5118000507354736,3.4310998916625977,1.7467856831386628,2.4178291276430715,3.5845000743865967,0.039309154857288704,0.07032732530073686,0.031018170443448154,3.4763998985290527,3.3910999298095703,1.7318097790470097,2.35197417042634,3.5501999855041504,0.039854569868607956,0.0742545561356978,0.034399986267089844,3.4405999183654785,3.3459999561309814,1.7263847036311228,2.320875866776041,3.515199899673462,0.03952719948508523,0.07963631369850853,0.040109114213423294,3.4065001010894775,3.2962000370025635,1.7294017105035402,2.303458383944408,3.4772000312805176,0.04058178988370029,0.08912728049538353,0.048545490611683235,3.365600109100342,3.232100009918213,1.600247950580384,1.8804403328760664,3.4340999126434326,0.04050905054265803,0.10556359724564986,0.06505454670299184,3.322700023651123,3.1438000202178955,1.4057812375739653,1.2818356237883899,3.384700059890747,0.0407272685657848,0.32174543900923297,0.2810181704434482,3.272700071334839,2.4999001026153564,1.1291625823679707,0.07749470701744521,3.3125,0.040945486588911575,0.1578181873668324,0.2810181704434482,3.199899911880493,2.878499984741211,0.9647328993649332,0.1912015962190745
1C2C_2-8_1170cyc,4.140399932861328,0.03883639248934659,0.1274544975974343,0.08861810510808771,4.033599853515625,3.789900064468384,2.332262290839662,4.151557286581678,4.08489990234375,0.04149090160023083,0.10563633658669212,0.06414543498646129,3.9707999229431152,3.7943999767303467,2.372400561197045,4.352300297962025,4.063899993896484,0.04054546356201172,0.09789094057950107,0.05734547701748935,3.952399969100952,3.7946999073028564,2.2019327566780786,3.799172659645415,4.017199993133545,0.03934548117897727,0.09090909090909091,0.05156360973011364,3.9089999198913574,3.767199993133545,2.108620967970671,3.5068698822776154,3.9607999324798584,0.03952728618275036,0.08490909229625355,0.0453818061135032,3.852099895477295,3.727299928665161,2.0765310135589172,3.408504343839713,3.9189999103546143,0.04029091921719638,0.08087270910089667,0.04058178988370029,3.808199882507324,3.6965999603271484,2.0472150518626497,3.314521161795379,3.8849000930786133,0.0394545468417081,0.07941818237304688,0.039963635531338776,3.776400089263916,3.6665000915527344,2.0258787642722664,3.251173685093506,3.843899965286255,0.03923632881858132,0.08003633672540839,0.04080000790682706,3.7360000610351562,3.623800039291382,1.9921468929576167,3.1432651486646392,3.7962000370025635,0.0397818305275657,0.08043635975230824,0.040654529224742546,3.686800003051758,3.575000047683716,1.9513141152675597,3.0110356971010264,3.7486000061035156,0.03934548117897727,0.08043635975230824,0.04109087857333096,3.640399932861328,3.527400016784668,1.950976394624271,3.006032083547767,3.7019999027252197,0.03818182511763139,0.08109084042635831,0.04290901530872692,3.5969998836517334,3.4790000915527344,2.006558204251626,3.180947921987534,3.662600040435791,0.03949095986106179,0.08349089189009233,0.04399993202903054,3.553999900817871,3.433000087738037,2.0070752028332657,3.1664341045790225,3.629300117492676,0.04043639789928089,0.08603642203591087,0.045600024136629974,3.5181000232696533,3.392699956893921,1.9862187761743624,3.083794009330364,3.599299907684326,0.0387999794699929,0.08916360681707208,0.05036362734707919,3.4925999641418457,3.354099988937378,1.9986453202903138,3.1121752242906418,3.5683999061584473,0.04010902751575817,0.0936363393610174,0.05352731184525923,3.4581000804901123,3.3108999729156494,1.9108238937636723,2.795789054889701,3.534899950027466,0.038836305791681465,0.10338176380504262,0.06454545801336115,3.428100109100342,3.2506000995635986,1.8483296862918115,2.5566373119807917,3.498699903488159,0.04010902751575817,0.1149454116821289,0.07483638416637074,3.388400077819824,3.1826000213623047,1.6747549295348347,1.968049661934721,3.460599899291992,0.04018176685680042,0.12978180972012607,0.08960004286332564,3.350100040435791,3.1036999225616455,1.4961865748714034,1.3989930876403882,3.4186999797821045,0.03883639248934659,0.14865450425581497,0.1098181117664684,3.3118999004364014,3.0099000930786133,1.3178025850453026,0.8843796391800991,3.373300075531006,0.040109114213423294,0.3175273375077681,0.2774182232943448,3.263000011444092,2.5000998973846436,2.9549630022180846,8.626859125575573,3.3196001052856445,0.04156364094127308,0.21116369420831854,0.2774182232943448,3.2053000926971436,2.7388999462127686,0.7749946352996869,-0.210956018342229
1C2C_3-1_1145cyc,4.138000011444092,0.039854569868607956,0.12243635004216974,0.08258178017356178,4.02839994430542,3.801300048828125,2.333291991781134,4.161124731387274,4.083099842071533,0.04061811620538885,0.10309089313853871,0.06247277693314986,3.971400022506714,3.7995998859405518,2.3799594817270906,4.384749930809013,4.061699867248535,0.04032724553888494,0.09516360542990944,0.054836359891024505,3.9507999420166016,3.799999952316284,2.196873693103013,3.7869518437077296,4.013999938964844,0.039745417508212005,0.08807269009676846,0.048327272588556465,3.9047000408172607,3.7718000411987305,2.081160054065798,3.420928909172937,3.9577999114990234,0.038836305791681465,0.08047268607399681,0.04163638028231534,3.8510000705718994,3.7365000247955322,2.045896332118243,3.316038245904238,3.9158999919891357,0.03923632881858132,0.07854548367587003,0.039309154857288704,3.808000087738037,3.699899911880493,2.0543961344496546,3.346177677208102,3.8819000720977783,0.03800002011385831,0.0774545669555664,0.0394545468417081,3.777400016784668,3.6689000129699707,2.0414069532533645,3.3124587814513102,3.84089994430542,0.03818182511763139,0.07752721959894354,0.03934539448131214,3.7358999252319336,3.627700090408325,1.989135339217201,3.1430671498703022,3.7950000762939453,0.0394545468417081,0.0774545669555664,0.03800002011385831,3.686500072479248,3.5820000171661377,1.9058642313983574,2.8746094194521037,3.7464001178741455,0.038145498795942825,0.0781091343272816,0.039963635531338776,3.6414999961853027,3.531599998474121,1.9460479709059628,3.0001310578275078,3.699399948120117,0.03956361250443892,0.0795272480357777,0.039963635531338776,3.59060001373291,3.4807000160217285,1.9439413949500937,2.979695368725393,3.6600000858306885,0.038072759454900566,0.08094544844193892,0.04287268898703835,3.555299997329712,3.4374001026153564,2.0184275719100393,3.2144247740133647,3.62719988822937,0.038109085776589134,0.08298180320046165,0.04487271742387251,3.52239990234375,3.3989999294281006,2.015089612619114,3.1893669788877235,3.5966999530792236,0.03825456445867365,0.08683638139204546,0.0485818169333718,3.491499900817871,3.3578999042510986,1.9904060533866799,3.0903717046426573,3.5660998821258545,0.03836363012140447,0.09236361763694069,0.053999987515536224,3.460599899291992,3.3120999336242676,1.9351109221373908,2.8796702861814225,3.5334999561309814,0.03861817446621982,0.09952727231112393,0.06090909784490412,3.427299976348877,3.2597999572753906,1.8255955767471344,2.489350853656358,3.499500036239624,0.0394545468417081,0.11200003190474077,0.07254548506303267,3.3910000324249268,3.191499948501587,1.652496784674794,1.9085522233688081,3.4616000652313232,0.038945458152077415,0.12774545496160333,0.08879999680952592,3.3545000553131104,3.110300064086914,1.4667925664077108,1.326077967688457,3.420300006866455,0.03829089078036221,0.14723639054731888,0.10894549976695668,3.315000057220459,3.015399932861328,1.279223171424209,0.7901328364924987,3.3763999938964844,0.0397818305275657,0.3187999725341797,0.279018142006614,3.2669999599456787,2.4997000694274902,2.758221824433325,7.314299637750237,3.323199987411499,0.0387999794699929,0.20570911060680042,0.279018142006614,3.2165000438690186,2.757499933242798,0.7959499139868462,-0.17246410078515817
1C3C_1-1_1110cyc,4.146900177001953,0.03792728077281605,0.08578187769109552,0.04785459691827947,4.042600154876709,3.9110000133514404,2.231388944260746,3.9138235910963113,4.08620023727417,0.03978191722523083,0.0709091533314098,0.031127236106178978,3.976799964904785,3.891200065612793,2.188222005112711,3.797383788900821,4.0721001625061035,0.039963722229003906,0.0669091831554066,0.0269454609264027,3.9621999263763428,3.8880999088287354,1.6430855508681663,2.0795915580697732,4.0406999588012695,0.03825456445867365,0.06549089605158026,0.027236331592906605,3.935499906539917,3.860599994659424,1.3964574812841157,1.3606060953837913,3.9886999130249023,0.03763632340864702,0.06276364759965376,0.025127324191006748,3.885200023651123,3.8160998821258545,1.27713971330469,1.0153900214092078,3.939300060272217,0.0377091494473544,0.06007272546941584,0.022363576022061436,3.835599899291992,3.7741000652313232,1.2632821462350925,0.956474139682947,3.905100107192993,0.03752734444358132,0.058545459400523796,0.02101811495694247,3.8018999099731445,3.7441000938415527,1.234095392689047,0.8748864014791495,3.8673999309539795,0.037127234719016335,0.05803637071089311,0.020909135991876774,3.7653000354766846,3.7077999114990234,1.2331946187325171,0.8829249465559501,3.8229000568389893,0.03756367076526989,0.05727273767644709,0.0197090669111772,3.719599962234497,3.6654000282287598,1.095537563345628,0.5253515596129836,3.7802000045776367,0.037199974060058594,0.05730906399813565,0.02010908993807706,3.6779000759124756,3.6226000785827637,1.0789898495651815,0.5067986131037752,3.7358999252319336,0.03643634102561257,0.057818152687766335,0.021381811662153763,3.635699987411499,3.576900005340576,1.176037733238011,0.7768838894274159,3.6921000480651855,0.036945429715243255,0.05810911005193537,0.021163680336692116,3.5905001163482666,3.5322999954223633,1.1951420605513363,0.826275247571874,3.6552000045776367,0.038036346435546875,0.05894548242742365,0.020909135991876774,3.550600051879883,3.4930999279022217,1.1960877643041727,0.8279344762559422,3.6238999366760254,0.03745451840487393,0.06018179113214666,0.022727272727272728,3.520900011062622,3.458400011062622,1.3315702167704035,1.20619441095406,3.593600034713745,0.03759999708695845,0.06250910325483842,0.02490910616787997,3.4902000427246094,3.4217000007629395,1.4178012875023724,1.451517989619969,3.559999942779541,0.03898178447376598,0.06596365841952237,0.026981873945756393,3.4528000354766846,3.3785998821258545,1.4267890836592132,1.4640787826662187,3.5216000080108643,0.03850910880348899,0.07159996032714844,0.03309085152365945,3.4156999588012695,3.324700117111206,1.5472702760812171,1.8013990326041558,3.4823999404907227,0.03916358947753906,0.08061816475608131,0.04145457527854226,3.3747000694274902,3.260699987411499,1.506945942861373,1.6532232019764228,3.438699960708618,0.03970909118652344,0.09832728992808949,0.05861819874156605,3.3294999599456787,3.168299913406372,1.3307645945302529,1.1125381977276732,3.390000104904175,0.04058187658136541,0.32370914112437854,0.2831272645430131,3.27839994430542,2.499799966812134,0.9435053985302386,-0.3280287760880274,3.3340001106262207,0.04050913724032315,0.16560008309104227,0.2831272645430131,3.222599983215332,2.8785998821258545,0.9743314183117553,0.24392369665761127
1C3C_1-2_1095cyc,4.14900016784668,0.035418250344016335,0.06705457513982599,0.03163632479580966,4.051599979400635,3.964600086212158,1.6299477124471853,1.9277822309787958,4.087500095367432,0.03680003773082386,0.054836359891024505,0.018036322160200638,3.986299991607666,3.9367001056671143,1.4651432112547256,1.4520571158011846,4.0721001625061035,0.03490916165438565,0.053163701837713066,0.018254540183327415,3.976099967956543,3.9258999824523926,1.100042230641986,0.508378679485217,4.032199859619141,0.03469085693359375,0.053127202120694245,0.018436345187100498,3.936800003051758,3.8861000537872314,0.8269710454851138,-0.1546007813635839,3.973900079727173,0.0338545712557706,0.05156369642777876,0.017709125172008167,3.8808000087738037,3.8320999145507812,0.8397457633444808,-0.14333352401288968,3.9284000396728516,0.03378183191472834,0.04978179931640625,0.015999967401677914,3.8355000019073486,3.7915000915527344,0.8336366736730271,-0.16016387624972372,3.896399974822998,0.033527287569912995,0.049309123646129265,0.015781836076216263,3.8041999340057373,3.7607998847961426,0.8470455211411653,-0.13002070230155827,3.8587000370025635,0.033527287569912995,0.04905457930131392,0.015527291731400923,3.7664999961853027,3.72379994392395,0.8023482854040663,-0.2389465322974691,3.810499906539917,0.03367267955433239,0.04829085956920277,0.014618180014870384,3.717900037765503,3.6777000427246094,0.7439186883048052,-0.3624985998833403,3.762200117111206,0.033418221907182175,0.0479636625810103,0.014545440673828125,3.670300006866455,3.6303000450134277,0.726803081562689,-0.36894387295841424,3.715100049972534,0.033490961248224434,0.04789092323996804,0.014399961991743608,3.622999906539917,3.583400011062622,0.7240486605369539,-0.36133565197381623,3.6742000579833984,0.03338180888782848,0.04774544455788352,0.014363635670055042,3.58240008354187,3.5429000854492188,0.7830630972618603,-0.22503520218940043,3.6412999629974365,0.0334908745505593,0.04810905456542969,0.014618180014870384,3.5492000579833984,3.509000062942505,0.8311302624207182,-0.10444668869344476,3.611999988555908,0.034072702581232246,0.049236384305087005,0.01516368172385476,3.5183000564575195,3.476599931716919,0.8576379057346182,-0.03809152288277895,3.58270001411438,0.03429092060435902,0.05069091103293679,0.01639999042857777,3.4883999824523926,3.4433000087738037,0.9310915004063767,0.14261709682842616,3.551300048828125,0.03487274863503196,0.05316361514004794,0.01829086650501598,3.455399990081787,3.405100107192993,1.015507049950522,0.35107437085398496,3.5162999629974365,0.03618179668079723,0.05716358531605114,0.020981788635253906,3.416800022125244,3.359100103378296,1.0475534142722156,0.42678961752471256,3.476300001144409,0.03596366535533558,0.06552730907093395,0.029563643715598366,3.3773999214172363,3.296099901199341,1.1723844200984455,0.7549557799236797,3.433500051498413,0.037309126420454544,0.08483635295521129,0.047527226534756745,3.330899953842163,3.200200080871582,1.0077088729743666,0.32032317146459377,3.386699914932251,0.03792728077281605,0.32254539836536755,0.2846181175925515,3.282399892807007,2.4997000694274902,1.3808504279287594,0.5589241636546243,3.3364999294281006,0.03938180750066584,0.17134545066139914,0.2846181175925515,3.2281999588012695,2.865299940109253,0.7492843035653117,-0.17844948727937826
1C3C_1-3_1095cyc,4.147500038146973,0.039672678167169746,0.0830545425415039,0.04338186437433416,4.038400173187256,3.919100046157837,2.1284455146108634,3.557580454399824,4.0858001708984375,0.041054638949307526,0.06818190487948331,0.02712726593017578,3.972899913787842,3.8982999324798584,2.0634161059443215,3.3735804235746825,4.071700096130371,0.03890913183038885,0.06450913169167259,0.025599999861283737,3.9646999835968018,3.8942999839782715,1.6312508980986993,2.0523876087542305,4.037899971008301,0.03876365314830433,0.06316358392888849,0.024399930780584164,3.931299924850464,3.8642001152038574,1.2489402032344243,0.9500873521580404,3.983299970626831,0.03658181970769709,0.059890920465642754,0.023309100757945667,3.882699966430664,3.8185999393463135,1.2285168261345099,0.8850736583558194,3.9347000122070312,0.03669088537042791,0.057854565707120026,0.021163680336692116,3.8338000774383545,3.775599956512451,1.2604098238156014,0.9595436045158849,3.9014999866485596,0.03680003773082386,0.056727235967462715,0.01992719823663885,3.800299882888794,3.745500087738037,1.2184781697305305,0.8433401049019422,3.8620998859405518,0.03647266734730114,0.05643636530095881,0.01996369795365767,3.7618000507354736,3.706899881362915,1.205189077758851,0.8099878854456515,3.813699960708618,0.03599999167702415,0.05541818792169744,0.019418196244673294,3.7146999835968018,3.66129994392395,1.1608000391283921,0.7232317024063852,3.7685000896453857,0.03647275404496626,0.05559999292547053,0.01912723888050426,3.6682000160217285,3.615600109100342,1.0917105334785642,0.5545123354355437,3.7228000164031982,0.036072731018066406,0.056109081615101204,0.0200363505970348,3.6236000061035156,3.56850004196167,1.1691000331027899,0.7689970750493478,3.680299997329712,0.03599999167702415,0.0554909272627397,0.019490935585715553,3.5813000202178955,3.5276999473571777,1.1854514200626345,0.8065972320287025,3.6456000804901123,0.03647275404496626,0.05719999833540483,0.020727244290438564,3.545300006866455,3.488300085067749,1.3072009983106376,1.1515073350688434,3.615299940109253,0.03672721169211648,0.05876359072598544,0.02203637903386896,3.5143001079559326,3.453700065612793,1.379949288314361,1.3574773783497083,3.584700107574463,0.037236387079412285,0.06127279455011541,0.024036407470703125,3.482300043106079,3.4161999225616455,1.4343045998758515,1.510194242627489,3.5501999855041504,0.03850910880348899,0.0647635893388228,0.026254480535333805,3.4442999362945557,3.3721001148223877,1.4335056539249444,1.4842224051672508,3.511199951171875,0.03818182511763139,0.07098180597478693,0.03279998085715554,3.4061999320983887,3.315999984741211,1.5461771599016525,1.794330908636348,3.470599889755249,0.03854543512517756,0.08105451410466974,0.04250907897949219,3.3645999431610107,3.2476999759674072,1.4967154442661854,1.6141890348363779,3.427000045776367,0.039018197493119675,0.10010910034179688,0.0610909028486772,3.319700002670288,3.151700019836426,1.2581126672584226,0.9115085222800463,3.3798000812530518,0.040000048550692474,0.32000004161487927,0.27999999306418677,3.2697999477386475,2.499799966812134,1.4411728960819372,0.8939318081316872,3.32450008392334,0.04029091921719638,0.17294545607133346,0.27999999306418677,3.21370005607605,2.848900079727173,0.8630743426530122,0.018007123299022876
1C3C_1-4_1110cyc,4.144000053405762,0.03960002552379261,0.09501821344549005,0.05541818792169744,4.035099983215332,3.882699966430664,2.3722177364057293,4.3888934835205236,4.084199905395508,0.04116361791437322,0.07814546064897017,0.03698184273459695,3.9709999561309814,3.86929988861084,2.315467197834485,4.237936342197247,4.066400051116943,0.03949095986106179,0.07381820678710938,0.034327246926047585,3.9577999114990234,3.8633999824523926,1.8562815158549535,2.753969930913847,4.019899845123291,0.03996354883367365,0.07010902057994496,0.030145471746271305,3.9100000858306885,3.8271000385284424,1.533164374746705,1.7610884909462072,3.963200092315674,0.03767273642800071,0.06603639776056464,0.02836366133256392,3.859600067138672,3.781599998474121,1.5865382215052126,1.9198820402849552,3.921600103378296,0.03792728077281605,0.06352728063409979,0.025599999861283737,3.8173000812530518,3.7469000816345215,1.5599446031839215,1.8381735726404838,3.894200086593628,0.038145498795942825,0.0640000430020419,0.025854544206099075,3.789299964904785,3.7181999683380127,1.531947876101949,1.7628373117471874,3.850399971008301,0.03836363012140447,0.06294545260342685,0.024581822482022373,3.7448999881744385,3.677299976348877,1.4341524895657987,1.4662631186399038,3.7987000942230225,0.03687277707186612,0.06214549324729226,0.025272716175426136,3.6972999572753906,3.6277999877929688,1.513485013130198,1.7197529920716255,3.75,0.0381454120982777,0.06265458193692294,0.02450916983864524,3.6451001167297363,3.577699899673462,1.425246453492862,1.4711171626825665,3.702899932861328,0.03778180209073154,0.06298177892511542,0.025199976834383877,3.5989999771118164,3.5297000408172607,1.5111787570899637,1.7211515244197964,3.6637001037597656,0.03778188878839666,0.06330914930863814,0.025527260520241478,3.559799909591675,3.4895999431610107,1.572223621020803,1.901580919487901,3.631999969482422,0.03770906274968928,0.06465452367609198,0.0269454609264027,3.5283000469207764,3.454200029373169,1.6508704712108886,2.140296435214575,3.6031999588012695,0.03767273642800071,0.06789086081764915,0.030218124389648438,3.4995999336242676,3.4165000915527344,1.7526683153153113,2.4434196884637247,3.5739998817443848,0.03919991579922763,0.07185450467196378,0.03265458887273615,3.466200113296509,3.3763999938964844,1.7363535369342662,2.3775993905009187,3.5416998863220215,0.038763566450639206,0.07745448025790128,0.03869091380726208,3.4351000785827637,3.328700065612793,1.7913531384496721,2.520137307680117,3.5048999786376953,0.03956361250443892,0.08650909770618785,0.04694548520174893,3.3961000442504883,3.2669999599456787,1.7098116532502177,2.2291484988874384,3.4658000469207764,0.039854569868607956,0.10283634879372337,0.06298177892511542,3.3561999797821045,3.183000087738037,1.5205342424432757,1.6086886817700847,3.421799898147583,0.041018139232288704,0.12796358628706497,0.08694544705477628,3.309000015258789,3.0699000358581543,1.3007125179741454,0.9118327170181866,3.376300096511841,0.040145527232776985,0.31872731989080255,0.2785817926580256,3.265899896621704,2.499799966812134,2.653556063921715,6.330505223938085,3.3301000595092773,0.039854569868607956,0.2168364091352983,0.2785817926580256,3.2204999923706055,2.733799934387207,0.5958923067349351,-0.3549031223620198
1C3C_1-5_1110cyc,4.148099899291992,0.038108999078924004,0.07781817696311256,0.03970917788418857,4.043300151824951,3.9340999126434326,2.007752732036618,3.150961080008784,4.086699962615967,0.03832721710205078,0.06399995630437677,0.025672739202325993,3.981300115585327,3.9107000827789307,1.9703281617667812,3.0719287386585776,4.072000026702881,0.0384726957841353,0.06127270785245029,0.022800012068314987,3.966200113296509,3.9035000801086426,1.3819816093789379,1.3089938149398295,4.035900115966797,0.03774547576904297,0.06021820415150036,0.022472728382457386,3.9321000576019287,3.870300054550171,1.0895510347577437,0.5072019508286316,3.9798998832702637,0.03676362471147017,0.057745413346724075,0.020981788635253906,3.8787999153137207,3.8210999965667725,1.0476565890333622,0.38175292838584074,3.932800054550171,0.03665455904873935,0.05534544858065518,0.018690889531915836,3.8320000171661377,3.780600070953369,1.0316870762051393,0.3307748957854395,3.9007999897003174,0.036072731018066406,0.0545454892245206,0.01847275820645419,3.8015999794006348,3.7507998943328857,1.053463900257049,0.3946315100133,3.867000102996826,0.03596366535533558,0.05458181554620916,0.01861815019087358,3.7681000232696533,3.716900110244751,1.0294573138998133,0.3328533359239203,3.816800117492676,0.03603640469637784,0.05349098552357067,0.017454580827192825,3.7177000045776367,3.6696999073028564,0.9551475059996495,0.15392614321722897,3.7688000202178955,0.03534542430530895,0.05352731184525923,0.018181887539950283,3.671600103378296,3.6215999126434326,1.016157262031913,0.3451210359749801,3.72189998626709,0.0354545766657049,0.05367270382967862,0.01821812716397372,3.6243999004364014,3.5743000507354736,1.0099135699417914,0.33309451124162814,3.679500102996826,0.03570912101052024,0.05381818251176314,0.018109061501242897,3.5813000202178955,3.5315001010894775,1.0511737348921566,0.4419483587583932,3.6451001167297363,0.03647275404496626,0.054290944879705254,0.01781819083473899,3.544800043106079,3.495800018310547,1.0393394583458682,0.41176148635726495,3.6152000427246094,0.03676362471147017,0.055854537270285866,0.019090912558815697,3.5141000747680664,3.4616000652313232,1.1319750990783612,0.6599288337435301,3.585700035095215,0.03756367076526989,0.05832732807506214,0.02076365730979226,3.4823999404907227,3.425299882888794,1.1883385281782146,0.8129628896478658,3.5536000728607178,0.0373818657614968,0.0617454702203924,0.024363604458895596,3.4507999420166016,3.3838000297546387,1.347471646907306,1.2435145860838768,3.517199993133545,0.03865450078790838,0.06723638014359908,0.028581879355690697,3.410900115966797,3.3322999477386475,1.368517457066559,1.280190228140226,3.4776999950408936,0.03781821511008523,0.07785450328480113,0.04003628817471591,3.373699903488159,3.2636001110076904,1.4250951948140191,1.4202225917916191,3.4349000453948975,0.039200002496892754,0.09985455599698154,0.060654553500088776,3.3271000385284424,3.1603000164031982,1.2146561835819325,0.7903898232311337,3.3875999450683594,0.0403999848799272,0.32290909507057886,0.2825091101906516,3.2764999866485596,2.4995999336242676,1.5170970714839513,1.0774885027143117,3.337399959564209,0.04043631120161577,0.18283635919744318,0.2825091101906516,3.2262001037597656,2.8345999717712402,0.79489188447547,-0.07826904462595374
1C3C_1-6_1095cyc,4.148399829864502,0.03589092601429333,0.06978173689408736,0.03389081087979404,4.049699783325195,3.9565000534057617,1.7631836054433694,2.3526647315116973,4.087500095367432,0.03792728077281605,0.05763643438165838,0.01970915360884233,3.9832000732421875,3.928999900817871,1.6099531157032112,1.903967186371185,4.072500228881836,0.03654558008367365,0.056109168312766335,0.019563588229092686,3.9719998836517334,3.9182000160217285,1.1766297026668715,0.7336054837028407,4.033199787139893,0.035163532603870735,0.055018078197132454,0.01985454559326172,3.936500072479248,3.8819000720977783,0.9613324973884342,0.17775617558681667,3.9753000736236572,0.035163705999200996,0.05352731184525923,0.01836360584605824,3.8785998821258545,3.8280999660491943,0.8898741383895251,-0.011707005106277535,3.9293999671936035,0.03538183732466264,0.05185456709428267,0.01647272976962003,3.8320999145507812,3.786799907684326,0.8871994671310726,-0.03112539916029,3.897700071334839,0.03483642231334339,0.051309152082963425,0.01647272976962003,3.8018999099731445,3.7565999031066895,0.9109430272269284,0.03438538415109793,3.8610999584198,0.03461820429021662,0.051236326044256035,0.016618121754039417,3.765899896621704,3.7202000617980957,0.8845396963332608,-0.02367529515420319,3.8131000995635986,0.034509138627485794,0.050400040366432884,0.015890901738947086,3.7181999683380127,3.674499988555908,0.8560913679352143,-0.09180801702698327,3.7641000747680664,0.03498181429776279,0.050327301025390625,0.01534548672762784,3.6679000854492188,3.625699996948242,0.7798721120198052,-0.2432591789969809,3.716099977493286,0.03461820429021662,0.04967273365367542,0.015054529363458807,3.6208999156951904,3.5794999599456787,0.7699602202334794,-0.24786825164188597,3.674099922180176,0.03483633561567827,0.0499999306418679,0.01516359502618963,3.5782999992370605,3.536600112915039,0.8502104290692091,-0.06308098310974719,3.640500068664551,0.035236358642578125,0.05080006339333274,0.015563704750754616,3.543600082397461,3.5007998943328857,0.9061618901779308,0.08038564345249144,3.61080002784729,0.035418163646351204,0.05167276209050959,0.016254598444158382,3.513400077819824,3.4686999320983887,0.9498418164321517,0.19219443178547602,3.5813000202178955,0.03567270799116655,0.053200028159401634,0.017527320168235085,3.4832000732421875,3.434999942779541,1.0122282120826747,0.34969632583087495,3.5497000217437744,0.03636360168457031,0.05643636530095881,0.020072763616388493,3.449700117111206,3.3945000171661377,1.1167001204702318,0.6185328726501331,3.5146000385284424,0.037127321416681465,0.06127270785245029,0.02414538643576882,3.4124999046325684,3.346100091934204,1.208858769000177,0.8500845508657049,3.4749999046325684,0.037127234719016335,0.070399977944114,0.033272743225097656,3.3729000091552734,3.281399965286255,1.249900209079464,0.9517209290912247,3.431999921798706,0.037999933416193184,0.0896363691850142,0.05163643576882102,3.327500104904175,3.185499906539917,1.0557172534687624,0.425530554342779,3.384200096130371,0.04029091921719638,0.3217091126875444,0.281418193470348,3.273400068283081,2.499500036239624,1.5823975151302536,1.2088642782294956,3.3338000774383545,0.03934548117897727,0.1661454981023615,0.281418193470348,3.225600004196167,2.8768999576568604,0.7829623706846244,-0.12293268596993645
2C0.5C_3-3_735cyc,4.140500068664551,0.04021817987615412,0.11676363511518999,0.07654545523903587,4.029900074005127,3.8194000720977783,2.3922301847907224,4.399627169571549,4.086900234222412,0.0433455380526456,0.09963642467151988,0.05629088661887429,3.9677000045776367,3.8129000663757324,2.4333252179163094,4.592004124916991,4.0706000328063965,0.04029091921719638,0.09276364066384056,0.05247272144664417,3.9598000049591064,3.815500020980835,2.2678905696202243,4.051032834300708,4.036200046539307,0.04047272422096946,0.08774549310857599,0.04727276888760654,3.9249000549316406,3.7948999404907227,2.1074373219453335,3.528696287241403,3.984299898147583,0.04112720489501953,0.08225449648770419,0.04112729159268466,3.8712000846862793,3.7581000328063965,1.9787055249407883,3.1126181678227782,3.935699939727783,0.03952728618275036,0.07781817696311256,0.03829089078036221,3.8269999027252197,3.7216999530792236,1.9973244935962153,3.178107551470844,3.9040000438690186,0.039018197493119675,0.07592730088667436,0.03690910339355469,3.7967000007629395,3.695199966430664,1.982449563708053,3.134383496334535,3.865999937057495,0.039854483170942825,0.07516358115456322,0.035309097983620384,3.7564001083374023,3.6593000888824463,1.8831717438374258,2.814268572558195,3.8255999088287354,0.039927222511985085,0.0751999941739169,0.035272771661931816,3.7158000469207764,3.618799924850464,1.8279919591050504,2.6424475783950037,3.7809998989105225,0.039054523814808235,0.07530905983664772,0.036254536021839485,3.6735999584198,3.573899984359741,1.8505737507703477,2.713470949208012,3.7342000007629395,0.03861817446621982,0.07498177615079013,0.03636360168457031,3.628000020980835,3.5280001163482666,1.8624391753380258,2.750304773960483,3.690200090408325,0.03865458748557351,0.0755272778597745,0.036872690374200996,3.583899974822998,3.4825000762939453,1.8997657987390546,2.859815281334977,3.65339994430542,0.03930906815962358,0.07687273892489346,0.03756367076526989,3.545300006866455,3.441999912261963,1.9145662063533926,2.9007933321860335,3.6219000816345215,0.03847278248180042,0.07934544303200462,0.04087266055020419,3.5160999298095703,3.403700113296509,1.9636887512130479,3.0472679492957573,3.5915000438690186,0.038872718811035156,0.08279999819668857,0.04392727938565341,3.484600067138672,3.363800048828125,1.9415500290034082,2.9590774050294275,3.5590999126434326,0.04036357186057351,0.08869084444912997,0.048327272588556465,3.4481000900268555,3.315200090408325,1.8538048288919216,2.6460557884563585,3.5239999294281006,0.038945458152077415,0.09789085388183594,0.05894539572975852,3.4168999195098877,3.2548000812530518,1.782615245558913,2.387238916921852,3.484999895095825,0.0400727011940696,0.11283631758256392,0.07276361638849432,3.374799966812134,3.1747000217437744,1.5672502736827498,1.6842651645615483,3.441800117492676,0.039963722229003906,0.13465456529097122,0.09469084306196733,3.331899881362915,3.071500062942505,1.3526350898733392,1.0258542249373743,3.3924999237060547,0.03930906815962358,0.3247272318059748,0.2854181636463512,3.28439998626709,2.499500036239624,1.322439309998122,0.964262902427877,3.328399896621704,0.04203631661155007,0.1843999515880238,0.2854181636463512,3.2128000259399414,2.8213000297546387,0.9820853268049382,0.1449159820154451
2C0.5C_3-4_735cyc,4.140999794006348,0.04094539989124645,0.11534534801136363,0.07439994812011719,4.02839994430542,3.8238000869750977,2.381524637091408,4.368577057818726,4.086699962615967,0.04330903833562678,0.09854542125355113,0.05523638291792436,3.967600107192993,3.815700054168701,2.420224661883512,4.551430127894309,4.070000171661377,0.04163646697998047,0.09210915998979048,0.05047269300981001,3.9554998874664307,3.816699981689453,2.2313273727066316,3.929663408901618,4.036300182342529,0.04163646697998047,0.08705459941517223,0.045418132435191765,3.921799898147583,3.7969000339508057,2.0594115364552903,3.371721816973821,3.985599994659424,0.04127268357710405,0.08185456015846947,0.04058187658136541,3.8721001148223877,3.760499954223633,1.9464896172847488,3.010662218015547,3.9370999336242676,0.0410545522516424,0.07752721959894354,0.03647266734730114,3.824199914932251,3.723900079727173,1.9085610252062895,2.8883023885374755,3.905100107192993,0.04043639789928089,0.07607277956875888,0.03563638166947798,3.7939000129699707,3.6958999633789062,1.9127609864991175,2.910000534986736,3.867000102996826,0.03956369920210405,0.074909123507413,0.03534542430530895,3.75819993019104,3.6610000133514404,1.8765929679788071,2.7955690018442736,3.827500104904175,0.03963643854314631,0.07487279718572443,0.035236358642578125,3.7184998989105225,3.6215999126434326,1.818034985582617,2.61180226370681,3.78439998626709,0.03850910880348899,0.07501818917014381,0.03650908036665483,3.678499937057495,3.5780999660491943,1.8502107209661216,2.715842273204923,3.7388999462127686,0.03989089619029652,0.07523632049560547,0.03534542430530895,3.629199981689453,3.5320000648498535,1.7943513093980583,2.532341988518991,3.6946001052856445,0.03869091380726208,0.07545462521639737,0.0367637114091353,3.588200092315674,3.4870998859405518,1.8743603425411643,2.783063321014451,3.6570000648498535,0.03956369920210405,0.07661819458007812,0.037054495377974075,3.5481998920440674,3.4463000297546387,1.8828747931644796,2.8007043596515286,3.6249001026153564,0.04025459289550781,0.07880002802068536,0.03854543512517756,3.51419997215271,3.4082000255584717,1.8824732602338914,2.789452889297717,3.5941998958587646,0.040654529224742546,0.08214543082497337,0.04149090160023083,3.4823999404907227,3.368299961090088,1.8740967231374588,2.7474582921422632,3.5618999004364014,0.04014544053511186,0.08749086206609552,0.047345421530983665,3.4514999389648438,3.3213000297546387,1.852020932944088,2.652813285874074,3.5269999504089355,0.04061820290305398,0.09599997780539772,0.05538177490234375,3.415299892425537,3.263000011444092,1.7467619116539803,2.2854718470320323,3.4885001182556152,0.04007278789173473,0.10967280647971413,0.0696000185879794,3.3782999515533447,3.1868999004364014,1.5893520973745332,1.767500818790535,3.444999933242798,0.039672678167169746,0.1303272247314453,0.09065454656427557,3.335900068283081,3.0866000652313232,1.3833674343832298,1.1322787999193125,3.3966000080108643,0.0420364033092152,0.3261818452314897,0.2841454419222745,3.2809998989105225,2.4995999336242676,1.1577233492720203,0.45163147144789306,3.3324999809265137,0.041854511607776985,0.17970908771861682,0.2841454419222745,3.217400074005127,2.8382999897003174,1.011026684172385,0.22863574168692047
